imu_ax, imu_ay, kf_ax, kf_ay, kf_vx, kf_w, kf_x, kf_y, stamp, 
-0.02979115324244377, -0.00015757217776951626, -0.013232006182529706, 1.722597635432036e-11, -0.0003727672966209784, -4.6211071921996834e-08, -1.999925285922557, -0.5000009705140711, 121157000000, 
-0.0703467431681237, -0.0006404294309328845, -0.0393186108701481, -6.906045463813228e-11, -0.0018652697213837654, 3.702437982368535e-08, -1.999860199153603, -0.5000009704217774, 121258000000, 
-0.05318060269899608, -0.034659394703636215, -0.04507219022600255, -2.328118376357934e-07, -0.007791867788782182, 2.9878822889034207e-05, -1.9990881401357574, -0.5000009700479706, 121358000000, 
-0.0683722864536872, 0.0032096606589233035, -0.05548845608706675, -3.1978266303003884e-08, -0.007128641365227246, 4.485885130789503e-06, -1.998861094196284, -0.500000970244296, 121458000000, 
-0.06366339822252781, 0.01892355098571577, -0.05900315419322479, 4.156412937708472e-07, -0.0069216229929869935, -6.004968692920375e-05, -1.9987299418751923, -0.5000009636234182, 121558000000, 
-0.054998681175435604, -0.00019576379721573999, -0.05690550717284166, 2.1446279925350578e-07, -0.006784582949141072, -3.161031427593597e-05, -1.998673431852963, -0.5000009640044593, 121658000000, 
-0.05791086603707189, 0.00769903669988184, -0.05713714070587062, 2.748938182129136e-07, -0.006670226343949778, -4.121206748287572e-05, -1.9986430868840661, -0.5000009605952794, 121758000000, 
-0.03363928576585874, -0.022989671892815856, -0.04604119391207323, -3.018758527860598e-07, -0.0061765934215973935, 4.887416609461539e-05, -1.99868069874535, -0.5000009670613789, 121853000000, 
-0.08159325034715242, -0.009782535219722718, -0.06227972460003404, -3.481994705438649e-07, -0.006422545962776329, 5.421517768217664e-05, -1.9986387079327184, -0.5000009683329338, 121955000000, 
-0.04596195957891659, 0.03988461040573848, -0.054494105559252125, 5.829499147318468e-07, -0.0065043141935198145, -8.962511609796375e-05, -1.9986317156704938, -0.5000009573973898, 122055000000, 
-0.05900018247935351, 0.01741382791380459, -0.05602815784578998, 9.37761056191579e-07, -0.00931926161416188, -0.00010062611127543882, -1.998556000005928, -0.500000952614221, 122160000000, 
-0.0004729796971890757, -0.02347860874644296, -0.03004270907907727, -3.178587087000259e-07, -0.006707643873287768, 4.738753498316343e-05, -1.9986652869998789, -0.5000009635029669, 122250000000, 
-0.07775992332023254, -0.01455393481474481, -0.0519048599347717, -4.3260508319945986e-07, -0.006123321490142247, 7.064876209682897e-05, -1.9986227451593281, -0.5000009649258005, 122350000000, 
-0.04570929672884057, -0.007901050766954236, -0.048827111642672505, -3.570744390143946e-07, -0.005920131940974198, 6.031528394545131e-05, -1.9986031434347427, -0.500000966189156, 122450000000, 
-0.06867965346013524, 0.021763356203228366, -0.05780408471660042, 1.68405902560944e-07, -0.006148024068477907, -2.7391874313634067e-05, -1.9985528412769487, -0.5000009608520626, 122550000000, 
-0.024568915719316468, -0.010311929327799358, -0.04221493412533588, -8.364594010066923e-08, -0.0057395056138272674, 1.4573718666491854e-05, -1.9985865833992087, -0.5000009645978072, 122650000000, 
-0.05678503731974454, -0.01742533257797571, -0.048767085824514195, -3.030068171099677e-07, -0.005592245020019055, 5.418339433005302e-05, -1.998594232930658, -0.5000009688471844, 122750000000, 
-0.05056294411598427, 0.019562522606260478, -0.049401550546308286, 1.2177579416430966e-07, -0.0056371621546170815, -2.1602322378569505e-05, -1.9985878038495588, -0.5000009649159175, 122850000000, 
-0.061453654475971356, 0.007173808794070709, -0.054778351367963794, 1.7791190195944237e-07, -0.005866330585691913, -3.0327629744115127e-05, -1.9985610569766845, -0.5000009645457824, 122950000000, 
-0.04611852874189605, 0.015869365496532194, -0.050563088433909276, 3.5030071998044664e-07, -0.005898058265916166, -5.939254991846596e-05, -1.9985571970481297, -0.5000009613621635, 123055000000, 
-0.06841586435009615, 0.0008118368217329124, -0.058614593177872557, 2.109334781745261e-07, -0.006184129484581943, -3.4108839198858644e-05, -1.998527784983589, -0.5000009609592505, 123155000000, 
-0.050664414173884974, 0.001175475022321433, -0.054713578023993806, 1.3655384122482375e-07, -0.006294592027534279, -2.1693835061509887e-05, -1.9985172950072911, -0.5000009597863385, 123250000000, 
-0.07985002264991335, -0.0020877342000198288, -0.06611725196144361, 3.739038659786861e-08, -0.00675999570007981, -5.531125796045576e-06, -1.998470524105601, -0.5000009595204212, 123350000000, 
-0.037650176926355555, 0.032932358460943084, -0.05270523913552222, 7.013519882451981e-07, -0.006607296305887581, -0.00010614810593861857, -1.9984843503999887, -0.5000009496654726, 123445000000, 
-0.06725381131633766, -0.0024872001963991072, -0.059213258987459765, 3.258631697447484e-07, -0.006597373962205784, -4.9392860191268954e-05, -1.998482706621588, -0.5000009494558547, 123545000000, 
-0.05345146297031004, 0.018990009681987094, -0.05631568922291477, 5.568575517241147e-07, -0.006586652075475909, -8.454333785102498e-05, -1.9984852064476166, -0.5000009423951589, 123645000000, 
-0.03761049974702882, -0.010597196479165058, -0.04743733839965929, 8.080404092370176e-08, -0.006192909288289833, -1.3047832151601843e-05, -1.9985262292702592, -0.5000009424794426, 123745000000, 
-0.03393047202710375, -0.01217670038290946, -0.04098897111044754, -1.5580449541797797e-07, -0.005577899627882724, 2.7932466665255988e-05, -1.9985849083901097, -0.5000009413476868, 123846000000, 
-0.07864387558700581, 0.01578699399076581, -0.05822138223733166, 1.5114227461701224e-07, -0.005867321079930873, -2.576001424806855e-05, -1.9985558243881976, -0.5000009373839214, 123946000000, 
-0.09081174147761248, 0.020116430630137776, -0.07307382923520746, 4.697130273536088e-07, -0.006855927108538701, -6.851196343213825e-05, -1.9984575557005615, -0.5000009363983329, 124046000000, 
-0.07041554239700819, -0.008196574049707311, -0.07167738931020637, 6.70390441016748e-08, -0.006233288751375212, -1.0755003783016531e-05, -1.9983884702290156, -0.5000009408341779, 124146000000, 
-0.08176636412356016, -0.01112823443287871, -0.04868697114140577, -1.2396672256470059e-06, -0.047112231364807994, 2.631306541283917e-05, -1.9572673517860502, -0.5000029854013163, 126573000000, 
-0.0666855619335759, -0.042413551438322206, -0.05382557912552642, -2.3532333044816573e-05, -0.025061587166627743, 0.0009389801566978351, -1.9507657251012893, -0.500006771585605, 126578000000, 
-0.05690855498577992, -0.021537755632730922, -0.05354353601718729, 5.750398630229126e-07, 0.0005168117453355769, 0.0011126679457517494, -1.9455904726292303, -0.500008054570881, 126644000000, 
-0.07057585611186883, -0.04907929308431519, -0.05948523648851234, -0.0037951666623250303, 0.038362762169759076, -0.09892839951229362, -1.9370305626076993, -0.49984487991027965, 126744000000, 
-0.04254355998061082, -0.005593152288000265, -0.05038200093621363, -0.018618873703086902, 0.06434682296241159, -0.28935187233662146, -1.928821986192461, -0.4999581129019353, 126844000000, 
-0.030042699173365054, -0.027174437965600713, -0.04022131563127408, -0.031514868504809584, 0.07852803855818913, -0.40131994996229436, -1.9201516192999168, -0.5006372443193406, 126944000000, 
-0.053640639847579406, -0.03857535737754382, -0.045929788850597675, -0.03697803120376086, 0.0865135478252683, -0.4274247459882874, -1.910837166528437, -0.5017747143491184, 127037000000, 
-0.08298362605076202, -0.06516252990765292, -0.06253385815646974, -0.04348219767548278, 0.09405519722971142, -0.46230510334570896, -1.9007654449244082, -0.5034620446057643, 127135000000, 
-0.188759420610015, 0.03619607407724962, -0.1212688230378034, -0.034972175240737965, 0.0765650943937898, -0.45676395383082763, -1.892091249263297, -0.5053517627116921, 127236000000, 
-0.19900323651365456, 0.03306550785102633, -0.15706769179326346, -0.029592513804548443, 0.06657717204907297, -0.4444843914778518, -1.8840875877294068, -0.5074391638814587, 127336000000, 
-0.03494783850376276, -0.06605585175110963, -0.09943406462628743, -0.036506912185667505, 0.08118148583597862, -0.44969504819642137, -1.8752514281961439, -0.5101701362190165, 127441000000, 
-0.04145602875218372, -0.07887125310362912, -0.07177912595523189, -0.04241778337924018, 0.09270674743646806, -0.4575479622808371, -1.865814540298639, -0.513579975506626, 127536000000, 
-0.054603346285469194, -0.014658374012983248, -0.06357321017846689, -0.01339187620890863, 0.09433567062154033, -0.14195983471230839, -1.8556704045376469, -0.5173492288327942, 127636000000, 
-0.009632005278982742, -0.02045170752620062, -0.038359759609183836, -0.0029015659689134794, 0.09627912561514797, -0.030137020360070294, -1.8460261991904232, -0.5213440667829466, 127736000000, 
-0.12421000790729084, -0.15833372140784494, -0.07780821091111174, -0.0200282613822011, 0.09599637252136485, -0.20863560628547326, -1.8370042732306684, -0.5254990175000672, 127836000000, 
-0.11912741978756726, 0.06257463379186802, -0.09701243427988794, -0.021022033532456328, 0.08494570270985889, -0.247476127241649, -1.8285958809861165, -0.5294446644696507, 127936000000, 
-0.016028788686305313, -0.11365293562947901, -0.058680073280368936, -0.023239213501152895, 0.09873033954623285, -0.23538067029811616, -1.8188642880078791, -0.5341783474468245, 128036000000, 
-0.0591982039817355, -0.01788936265251832, -0.05880974670611862, -0.024501991248017056, 0.09549414109867234, -0.2565810945689286, -1.8098962124193392, -0.5388907961384156, 128136000000, 
-0.05101133709816072, -0.022610667731744055, -0.05500871552006899, -0.02474151765639092, 0.09444239957655814, -0.26197468263536255, -1.8009965885733243, -0.5438359433227202, 128236000000, 
-0.05061921251961603, -0.04631452056063084, -0.05266256135968212, -0.02519148105214117, 0.09693225897971369, -0.2598874855213405, -1.792185846919161, -0.5490190305673647, 128336000000, 
-0.07093467571713674, -0.03552680291764215, -0.06090016773515264, -0.02534436692376548, 0.09659975604242614, -0.2623647094163919, -1.783500934368313, -0.55444592125535, 128431000000, 
-0.10953565911042083, 0.004137780361724569, -0.08334072863587941, -0.02354177259675623, 0.09082877998447847, -0.259188470887523, -1.775247958194186, -0.5599067542094796, 128536000000, 
-0.0581419232717776, -0.031235567139674507, -0.07131588821624767, -0.023439735673943075, 0.09217481555115557, -0.2542965291960296, -1.7669898601477627, -0.5656655879282644, 128636000000, 
-0.07267155611074592, -0.03648902280062691, -0.07159634147693776, -0.023543643231389345, 0.09362156031296819, -0.2514767234458081, -1.7588250557849978, -0.5716739532964684, 128736000000, 
-0.055392719341572416, -0.03170277193202363, -0.06380340298551285, -0.023487802854281037, 0.09413716834474105, -0.24950615434135456, -1.7507743457771432, -0.5779248102508199, 128836000000, 
-0.058640370023189434, -0.07738919107063064, -0.06093311249785905, -0.024843358870011222, 0.09975349184032835, -0.24904751113652293, -1.7424602463178216, -0.5847044721326845, 128931000000, 
-0.04986624275888032, -0.07959009463218839, -0.05543236507583454, -0.025640012158573457, 0.10315346302716955, -0.24856181659960505, -1.7340100643109662, -0.5919661767884808, 129031000000, 
-0.06910316447908757, -0.08871861278479254, -0.06141687300829455, -0.026343827297633064, 0.10586181517587354, -0.24885108245939996, -1.7257917623188095, -0.5993962761531076, 129131000000, 
-0.067809423081973, -0.011645049286355947, -0.06441816498755708, -0.024145064775694395, 0.09849105468438753, -0.24514982455073445, -1.7181934395846512, -0.6066427311315885, 129231000000, 
-0.053269370258044804, -0.012170883569897543, -0.05915699793887049, -0.02310938815299951, 0.09487562167498817, -0.24357561768780253, -1.7110334768353956, -0.6138065556497306, 129322000000, 
-0.07694575812882341, -0.004296013757942514, -0.06724998879217572, -0.022348819012609523, 0.09191545161915156, -0.2431453974159978, -1.7042203283232704, -0.620956400421705, 129428000000, 
-0.06897562868908189, -0.06169028333869334, -0.06759107234548846, -0.023685957876711565, 0.09646096644578368, -0.2455496637598418, -1.6972040840500955, -0.6286621056704131, 129533000000, 
-0.054166556452919935, -0.0680013240840379, -0.0609850795445483, -0.024633642566672203, 0.0997954125666081, -0.24684143221744353, -1.6901971158336695, -0.6367565311125634, 129633000000, 
-0.06851050365790473, 0.017402887866165964, -0.06452171907902526, -0.022423488847535096, 0.09215255131181574, -0.24333009263803174, -1.6839343897539836, -0.644396826682049, 129728000000, 
-0.07137558910964593, 0.016308940700350452, -0.06758800791679798, -0.02129727232664454, 0.08814299714379631, -0.2416218306248449, -1.6780895979281871, -0.6518775952517111, 129829000000, 
-0.04949191116076508, -0.04064922276570169, -0.058785385803133576, -0.022540893595012535, 0.09250781727780143, -0.24366474378399958, -1.6721516406973431, -0.6598420004598962, 129929000000, 
-0.05502787316082842, -0.08012183636288281, -0.056537194869088404, -0.024586914503128585, 0.09927082029738282, -0.24767514189440817, -1.6659897224270646, -0.6685346791848912, 130029000000, 
-0.06543536031483088, -0.02984294200322028, -0.060498152516959496, -0.024074266999987968, 0.09725165599918187, -0.24754608806034617, -1.6602257902761468, -0.6771419585503845, 130129000000, 
-0.06809814838241698, 0.019075999744667307, -0.06402873426357159, -0.02217938284917514, 0.09060689136770574, -0.2447869308214712, -1.6549799258458335, -0.6854266779257552, 130229000000, 
-0.02059483175444942, -0.10365000269156485, -0.04328849753495867, -0.025299220107805193, 0.1013312334634695, -0.2496685300581652, -1.6494652509408094, -0.694570033458074, 130329000000, 
-0.07117970743634361, -0.03841137021732938, -0.05606024060854355, -0.025117505700709655, 0.09958010586544534, -0.25223417350699484, -1.6442810209067293, -0.7037181928864512, 130429000000, 
-0.1570466752882382, 0.1567013837813155, -0.10334673220114353, 0.007528264270422272, 0.07935156957245355, 0.09487227928804154, -1.6395059458278467, -0.7117026396845981, 130529000000, 
-0.05823939510455854, -0.16159674784112224, -0.08223650315619942, 0.016167901539360513, 0.07667210861878697, 0.2108707042315371, -1.635112518616126, -0.7193693913875394, 130629000000, 
-0.021031477259254867, -0.292055796182535, -0.05444659027485684, -0.0004454938662134453, 0.056472349058513095, -0.007888707901133218, -1.6323657687128923, -0.7245486479847961, 130729000000, 
-0.08261257512801237, -0.0805586991420805, -0.06654431921762204, -0.005400186690845711, 0.07361751974477956, -0.07335464043840806, -1.6282982513876891, -0.7317420057427184, 130829000000, 
-0.08061748662140135, 0.025421134449018848, -0.07247474135960381, -0.002847363041395329, 0.08105030035055896, -0.035130814186744616, -1.6238270169051376, -0.739566542690729, 130929000000, 
-0.06382144738299485, -0.04316632400613018, -0.06795930214100811, -0.006064673838083641, 0.08682425227699278, -0.06984999788694633, -1.6191895538536991, -0.7478899962495262, 131024000000, 
-0.04103892734048062, 0.003811460959865228, -0.05514755592591464, -0.006273843551656816, 0.08957125509834729, -0.07004304611751026, -1.614498772528215, -0.756384454614068, 131124000000, 
-0.04012595603181626, -0.03864601855471974, -0.047859516060568395, -0.006131918625005682, 0.09291077605808162, -0.0659979270991388, -1.60977497554057, -0.7650708594262038, 131224000000, 
-0.049412262841909166, 0.01364095957232042, -0.04837699392380038, -0.006249840920869897, 0.09305509786593585, -0.06716279993465829, -1.6050954869335479, -0.7738281171264944, 131324000000, 
-0.0431829269611777, -0.01945753001292789, -0.04573964160295239, -0.00629376221727573, 0.09428930085343358, -0.06674948440925406, -1.6004973578203716, -0.7825696441425873, 131429000000, 
-0.07979420809294073, 0.019732840230255434, -0.06132432761060406, -0.005748062079522942, 0.09312054748690503, -0.06172710786876824, -1.5958899453599829, -0.791458433886898, 131529000000, 
-0.05944950060991861, -0.012714715595677675, -0.060206235021670045, -0.0057115256579489595, 0.09335039104202987, -0.061183735752937715, -1.5913537704043257, -0.8003542358378082, 131619000000, 
-0.04193656662040256, -0.0214098774433954, -0.05150231854910035, -0.005747588567951887, 0.09406500738517873, -0.06110230284059385, -1.5868488501679414, -0.8093259782021877, 131721000000, 
-0.035011157670912944, 0.03125484689014472, -0.04370993909300271, -0.005455146828858211, 0.09339014950372956, -0.05841244347339179, -1.5824772652551384, -0.8181629307912778, 131822000000, 
-0.05538735655646835, -0.03424569555724852, -0.04887092628597502, -0.0056922754598736644, 0.094725369753309, -0.0600924068673252, -1.5780571054119177, -0.8272371936818368, 131922000000, 
-0.022717421011378233, 0.0033846069578671624, -0.03659680193359157, -0.005655073964905131, 0.0948674402056248, -0.05961027253025675, -1.5737761139473176, -0.836162573085599, 132022000000, 
-0.05276422677368732, 0.0022874995255207312, -0.04391547316360524, -0.005628732255422247, 0.09482567176669437, -0.05935873852041854, -1.5695050029431918, -0.8452022220943134, 132122000000, 
-0.06969954997358921, -0.014351628463687012, -0.0556497897493439, -0.00569612686001015, 0.09471291454344127, -0.06014097325024825, -1.5652770561839824, -0.8542908256786432, 132222000000, 
-0.039640436146667055, -0.008873364164431347, -0.04803844899156917, -0.005721830118157, 0.09462809467152274, -0.060466504562084564, -1.561082943114622, -0.8634516895124339, 132322000000, 
-0.0653765386964921, -0.00048563390344070166, -0.055870129482179565, -0.005675363642164631, 0.0941458840854812, -0.06028265279246405, -1.5569631816287237, -0.8725926004844151, 132417000000, 
-0.06063114095986885, -0.03223064015175422, -0.057827663485132755, -0.005860539608036015, 0.09459661027404155, -0.06195295572492853, -1.5528703981217808, -0.8818258767643153, 132518000000, 
-0.04022525880033872, -0.011757848732235242, -0.049470601810909884, -0.005870599522671911, 0.09456788675293373, -0.06207815067295865, -1.5488479728782316, -0.8910531414819686, 132623000000, 
-0.037393515962645195, -0.02802118404596225, -0.043665375335953265, -0.00602023853158358, 0.09536586259778487, -0.06312781500204682, -1.5448853791771702, -0.9003018247537183, 132718000000, 
-0.06270959194750018, -0.012082458560551616, -0.052294895661326085, -0.006027419533139901, 0.095069359775329, -0.0634002327078261, -1.5409741052169317, -0.90958891927685, 132823000000, 
-0.03911979718795424, -0.007386546094070044, -0.046008905165131335, -0.006048363753173168, 0.09490076765525128, -0.06373355982899138, -1.5371257704402932, -0.9188938171067127, 132923000000, 
-0.05802065131924138, -0.0077167818871849755, -0.0513791450522122, -0.0061156100670231375, 0.09470386392024152, -0.06457614097111848, -1.533358563547063, -0.9281694003870375, 133018000000, 
-0.05347517356535277, -0.024273394223523974, -0.05213125214438089, -0.006322807846669235, 0.09499002398197097, -0.06656286188399425, -1.529633400690746, -0.9375169894204307, 133118000000, 
-0.05597674237365427, -0.020656657733334242, -0.053698468369240575, -0.006485724814126823, 0.09495215692391623, -0.06830518678289467, -1.5259406277602445, -0.9469650318514965, 133218000000, 
-0.06015158077110325, -0.01576614235543797, -0.05647515230961977, -0.006623082745115531, 0.09467307010358787, -0.06995740961889998, -1.5223391254976473, -0.9563690193498681, 133318000000, 
-0.05135676596129948, 0.02497338176785428, -0.05394287025666793, -0.006537675347670883, 0.0932690804562047, -0.0700947764864124, -1.518854631427078, -0.9656599466127227, 133414000000, 
-0.05608801473217273, -0.0018148658630962764, -0.05471193844211441, -0.006694536238509559, 0.09336804776659847, -0.07170050567239626, -1.5154061551860467, -0.9750550661018292, 133514000000, 
-0.07775313977271417, -0.16600025776853974, -0.06492507296312416, 0.017489038838239778, 0.09892085144003342, 0.17679830474206715, -1.5114684085784658, -0.9850831493599903, 133614000000, 
-0.07276341919138843, 0.05355850637188562, -0.06833463628442178, 0.026624788772765244, 0.09779384069506245, 0.2722542502015622, -1.5075693975996622, -0.9949383585022722, 133720000000, 
-0.01139051607134052, 0.08688007306961995, -0.04145355108588362, 0.01007338139382008, 0.1059768824280817, 0.09505262999839709, -1.503481821618757, -1.00541844081217, 133810000000, 
-0.051221404917754065, 0.09735934770316457, -0.0458615306116646, 0.012803016911765393, 0.10423267888267149, 0.12283112214910054, -1.4991959415323206, -1.0154382703614422, 133910000000, 
-0.046044810492098666, 0.008101587624042669, -0.045952799400952066, 0.012093429079970835, 0.09947305406827942, 0.12157492492056965, -1.4950006490227412, -1.0249926729543943, 134015000000, 
-0.07665506930373414, 0.029714794690400854, -0.06000967317210958, 0.008821133891123257, 0.09789381499917624, 0.09010920548144422, -1.4907341407960781, -1.0345161463652104, 134110000000, 
-0.06032539546086375, 0.012516074555452198, -0.05999916846951163, 0.007291551401300052, 0.09586291909679867, 0.07606227173133884, -1.4864558511883763, -1.0437901807662087, 134215000000, 
-0.06105509914711585, 0.03514077279424252, -0.06025996323614321, 0.006792328508968017, 0.09549896477311424, 0.07112462972876389, -1.4820719819513375, -1.053085915267368, 134315000000, 
-0.053063320382047814, 0.039325975743337856, -0.05669448100118099, 0.0058884708929446495, 0.0955904978695491, 0.06160100662913752, -1.4776627966975195, -1.0622784984977363, 134410000000, 
-0.04308779569295438, -0.009937404684055616, -0.05023461715365479, 0.0052701801681722255, 0.0943954858341745, 0.0558308495538696, -1.4732753007891084, -1.071270457856616, 134510000000, 
-0.07170535532092748, 0.021997103585204125, -0.05994956456146049, 0.005318021135089613, 0.09429756421617738, 0.05639616653191632, -1.4687895345177293, -1.0803237325373167, 134615000000, 
-0.06407813386888415, 0.013939360698653655, -0.06163404254062329, 0.005289803041761688, 0.0938491261239686, 0.05636496854295906, -1.464265053887056, -1.0893267090401328, 134710000000, 
-0.047593575817629234, 0.023921521059028512, -0.054894240700654406, 0.005370693259504758, 0.0941092220799457, 0.057068724411964214, -1.4596827831453545, -1.0983150461879467, 134810000000, 
-0.06618673485138434, 0.024831862778778135, -0.05988665872159668, 0.005469836455040752, 0.09417905285403039, 0.058079119393125975, -1.4550639891457828, -1.1072488450693596, 134915000000, 
-0.03559537558566526, 0.025128204004214234, -0.04841489740960915, 0.005557095010294938, 0.09461139416220272, 0.05873600172055174, -1.4503854651476118, -1.116169181467898, 135015000000, 
-0.06791552901934678, 0.03429090489339429, -0.05721295977027423, 0.00565336084734678, 0.09490493436149887, 0.05956867138027589, -1.4456365328976535, -1.1250980113499138, 135110000000, 
-0.07064044884663401, -0.004345918307464559, -0.06323332508607128, 0.005484084915567591, 0.09363970053339735, 0.05856581006056985, -1.440854167388015, -1.1339651000890203, 135210000000, 
-0.05345863181120814, 0.00781393710006686, -0.05847604374544934, 0.005478833845178936, 0.09340665623927193, 0.05865571112131743, -1.4360301813552059, -1.142782595036665, 135310000000, 
-0.05883746106974825, 0.03486027706853282, -0.058381493096718605, 0.005659270365436733, 0.09408327798025888, 0.06015171332172541, -1.4311300500872457, -1.1516136495737197, 135410000000, 
-0.07403470238818319, 0.0027616112686160853, -0.06540667175575239, 0.005591229720185254, 0.09329675190811637, 0.059929521723240654, -1.4262093411534003, -1.1603607636824798, 135510000000, 
-0.04763208327032278, 0.023569768337817966, -0.05692405754365374, 0.005737215687305715, 0.0937039114987618, 0.06122706721139946, -1.421239447457076, -1.169068470223943, 135610000000, 
-0.06698840886874505, 0.034810471965030274, -0.06132507808082139, 0.005949412583230343, 0.09417558792442114, 0.06317361764712244, -1.4161830584145454, -1.177803332845476, 135705000000, 
-0.05714449808335385, -0.015119990490869768, -0.059196246822371124, 0.0058508808647079035, 0.09301209636751144, 0.0629045155760147, -1.4111308934487028, -1.186407126444377, 135810000000, 
-0.07898280994107015, -0.0006312457011851298, -0.0681130438889797, 0.005945389263487846, 0.0924478815081532, 0.06431071395577094, -1.4059676699065504, -1.1950739808346182, 135900000000, 
-0.09127368007857431, -0.006232632233550294, -0.07857490546684459, 0.006018643477173478, 0.09149346639300396, 0.0657822215558082, -1.400835192294854, -1.203564296244374, 135995000000, 
-0.07594345520458338, -0.0026044430191112175, -0.07706667325308837, 0.006165943935380266, 0.09096444496994228, 0.06778410990599351, -1.3956109497024785, -1.2120785001380594, 136105000000, 
-0.055225226098536855, 0.034830329724569356, -0.06662235517487655, 0.0066210182399620374, 0.09227486432354422, 0.07175321566170717, -1.3902994817361118, -1.220600301477621, 136205000000, 
-0.049892060458150485, -0.001232803410657464, -0.058632320526603034, 0.006826754163779181, 0.09228342303376055, 0.07397595298650454, -1.3849989465295947, -1.2289702611007982, 136300000000, 
-0.05286050648255371, 0.006337621829527799, -0.05571525297418109, 0.00716938587570485, 0.09274772770297725, 0.07729985470549387, -1.3796344790237522, -1.237302290115723, 136405000000, 
-0.024092583410406446, -0.011383467420321324, -0.04088481245297167, 0.007986529302211975, 0.09293618465726233, 0.08593562702907755, -1.3742497519797503, -1.245509122259105, 136500000000, 
-0.06707312234390111, 0.02619413667677257, -0.052760834321865895, 0.007946015140854749, 0.09420631659260946, 0.08434694644964091, -1.3686962793303432, -1.2538442856765906, 136605000000, 
-0.04352799562583724, 0.036395492670525866, -0.04824248425017897, 0.007535568107868568, 0.09532482463025256, 0.07905147622455796, -1.363012079172364, -1.2622278176302035, 136700000000, 
-0.06626217391250042, 0.01371504839163875, -0.05639115664979419, 0.007327470189760373, 0.09475017472236745, 0.077334635120526, -1.3572702556260292, -1.2705467103619095, 136805000000, 
-0.077473015902947, 0.037498676906610684, -0.06589625987089703, 0.007189787394978565, 0.09481999635075501, 0.07582564513483359, -1.3514136252766578, -1.278895640025676, 136900000000, 
-0.057271762981413, -0.006079950908540884, -0.06170937855877442, 0.006705894238323548, 0.0933582919046235, 0.07182965863572578, -1.345582090403284, -1.2870775710163365, 137000000000, 
-0.044129285318622674, -0.006660026333630792, -0.053361720086547104, 0.006478941316873833, 0.09297832966613823, 0.06968227263425876, -1.3397600608541447, -1.2951201027203334, 137105000000, 
-0.04665780964431803, -0.011062377968524719, -0.05005786508317558, 0.006355485940521866, 0.09290568427611379, 0.06840793424042271, -1.3339407265583116, -1.303041051369548, 137200000000, 
-0.06447896237874658, 0.0034090132273280798, -0.05650723219246807, 0.006359199451904202, 0.09310261597661297, 0.06830312322804774, -1.3279890616023575, -1.311027391028705, 137300000000, 
-0.04864850885691313, 0.02084744719236204, -0.052624413282624044, 0.006490281539845593, 0.0938393523235813, 0.06916375037911064, -1.321964309560441, -1.3189947185309585, 137400000000, 
-0.049710446206595246, -0.003866337235592498, -0.051079778556493136, 0.006429887750563799, 0.0935482343895642, 0.06873339505038363, -1.3159018276684347, -1.3268988749598505, 137500000000, 
-0.06832890470822821, 0.020897336889534355, -0.058823590217216476, 0.006540503101917961, 0.09388057100958953, 0.06966833532840223, -1.3097014779906149, -1.334868555443747, 137600000000, 
-0.06332242990834164, -0.027703432877771557, -0.06072861011745563, 0.006299365955292302, 0.092362222321838, 0.06820284091196979, -1.303610510938413, -1.3425874853150217, 137700000000, 
-0.03753067757844247, -0.004787724560242158, -0.04976274886678476, 0.006351519126464685, 0.09267933946985973, 0.06853220105793119, -1.297427289492246, -1.3503119785618984, 137800000000, 
-0.049427954366539475, 0.033086317913766476, -0.04934714617800584, 0.006633283244913537, 0.09420751726769071, 0.07041140067480028, -1.2911034483066761, -1.358101173231601, 137900000000, 
-0.06492092188485742, -0.0036499686699130287, -0.05636581066672756, 0.006559069026107826, 0.0935923147031103, 0.07008127800786032, -1.2847890973403193, -1.3657700029093025, 137995000000, 
-0.08392427272199154, 0.012054700108430842, -0.06887851905126076, 0.006602919760499518, 0.09313314123592135, 0.07089763829369022, -1.2782870747669914, -1.3735556162720817, 138100000000, 
-0.04684037003720152, -0.004064735178180989, -0.05844936176624123, 0.006577001317995771, 0.09265779828458688, 0.07098162744807869, -1.271877115682549, -1.3811187504963076, 138191000000, 
-0.062254740260219765, -0.012775142001524688, -0.05999215807360429, 0.006559123953681348, 0.09217665455199764, 0.07115819060216913, -1.265432507087425, -1.3886156883676672, 138291000000, 
-0.04626798280463489, 0.04069005259625398, -0.053346848988252586, 0.006970709023245928, 0.09391105723692807, 0.07422671225667854, -1.258828656810599, -1.3961843538667724, 138396000000, 
-0.04109100452769116, 0.004355995156736257, -0.04747333634231175, 0.007057302781276476, 0.09395628740272105, 0.07511261860557605, -1.2522227972373399, -1.4036433114175395, 138491000000, 
-0.04825239665229032, 0.021743032995932055, -0.04761609594986132, 0.007295184974573098, 0.09465453166465564, 0.07707169267308464, -1.2455416860599187, -1.411073261983848, 138596000000, 
-0.0638427909660863, 0.03354513937922305, -0.05489693975294096, 0.007560573446086716, 0.09515235008288003, 0.07945755874133714, -1.2387061850408951, -1.4185585767783255, 138691000000, 
-0.03400029245242975, 0.012344469696361984, -0.04503720182753819, 0.007669119210067557, 0.09495680837086103, 0.08076429001399489, -1.2318660067829121, -1.425928445614227, 138791000000, 
-0.06812435189376359, 0.02531613674649999, -0.05551279622264563, 0.007901670579060292, 0.09504866393197123, 0.08313289479498336, -1.22494728509092, -1.4332644260645095, 138891000000, 
-0.04222880263701458, 0.04065973851430821, -0.049126840145346934, 0.008277558843009953, 0.09579088090362066, 0.08641280636450521, -1.2178822217440801, -1.4406289936612005, 138991000000, 
-0.07882874829815457, 0.03503989190726657, -0.06265225062745333, 0.008559599779421466, 0.09555304080647975, 0.0895795644720185, -1.2107425038921609, -1.4479452313511036, 139091000000, 
-0.07384198239508535, 0.015646522695442245, -0.06761969079624205, 0.008702002248253488, 0.09427237006003325, 0.09230702742184159, -1.2035947682044523, -1.455138650203185, 139196000000, 
-0.07676107862131988, 0.03263053176235892, -0.07157649655190271, 0.009096481980952578, 0.0940550803441913, 0.09671441401851254, -1.1963089345315565, -1.4623363370813118, 139296000000, 
-0.0741551345952097, -0.2891590007923618, -0.07303247081929354, -0.003667818957637784, 0.08054457888924349, -0.0455377507489534, -1.190138218780341, -1.4685513154205463, 139396000000, 
-0.04753852165986961, -0.00602317088616363, -0.06074268415708251, -0.004039477977362671, 0.08627500444631456, -0.04682095356919135, -1.1834172473383664, -1.4751523380081608, 139496000000, 
-0.07154600304697521, 0.10105619524331069, -0.06545692368669988, 0.0014133950233586354, 0.08696547900954317, 0.016252368634726157, -1.1766478274211454, -1.4817540897234371, 139596000000, 
-0.06476433006689204, -0.005333373134573263, -0.06477417120178504, 0.001000120047485659, 0.08949182268428355, 0.011175546742566224, -1.169718361768265, -1.4885925991972504, 139691000000, 
-0.07047526858369273, 0.019554751714897862, -0.06709203463052381, 0.0013500131955524787, 0.09090953517314077, 0.014850072580190029, -1.1626937680827458, -1.4954964655752931, 139791000000, 
-0.05778078637646076, 0.0037922255632251295, -0.06249274117984664, 0.0022512317381729622, 0.091703535049168, 0.02454901806092792, -1.155593229054613, -1.5024436847042422, 139891000000, 
-0.06805036583533916, 0.01539982497096844, -0.06478739241953589, 0.002445519453167772, 0.09225278495712307, 0.02650889568596105, -1.1484617328704685, -1.5093987139239482, 139986000000, 
-0.020732369580145647, 0.007057095677569557, -0.044147763125299874, 0.00254889970790991, 0.09323028579749512, 0.02733982510196695, -1.1412985436204923, -1.5163487262724678, 140086000000, 
-0.06896295817085143, 0.01336304616154532, -0.0554130628199418, 0.0028503505208191888, 0.09369883424792588, 0.030420341338262533, -1.1342010895523025, -1.5231941426474565, 140187000000, 
-0.04332542200445789, 0.020488853666270963, -0.049594343214655584, 0.0030010773647786244, 0.09411273241575488, 0.031888112136846544, -1.1269672589962767, -1.530131000682451, 140287000000, 
-0.06453999215549781, 0.022962763653437107, -0.056292608960040694, 0.0030414647005887045, 0.09419313462958538, 0.0322896643428342, -1.1196839838396173, -1.5370729336555546, 140387000000, 
-0.0687367841178104, -0.02589402619225188, -0.0618520114603406, 0.002842340657780164, 0.09319345571129925, 0.030499358952686035, -1.1124085990049237, -1.5439661205861732, 140482000000, 
-0.06404616069294182, -0.005787071327766955, -0.06263029749373049, 0.002818166980115764, 0.09286551076514395, 0.030346755828898453, -1.1051160423964905, -1.550831255251519, 140582000000, 
-0.0440075429714084, 0.015648578216987806, -0.053763243147279, 0.0029013402933525264, 0.09333978006843781, 0.031083641843008738, -1.0978195969091074, -1.5576565625701877, 140687000000, 
-0.058756060604166944, 0.006157534339823136, -0.055847523099120874, 0.002916526147411437, 0.09350040038107929, 0.031192659448778404, -1.0905130797652214, -1.5644500049157468, 140787000000, 
-0.05712211788255013, 0.03222026872915596, -0.05619568611272516, 0.0030644558576415942, 0.09390801373153676, 0.0326325276818465, -1.0831185696320664, -1.571280281085424, 140887000000, 
-0.07285394261607553, -0.0035388532131534842, -0.06368702356546613, 0.002997748069455186, 0.09332111486493022, 0.03212293459839206, -1.0757611202698465, -1.5780350123291538, 140987000000, 
-0.05555970684475536, 0.002053600673894788, -0.05968803379515878, 0.002984655755914364, 0.09314013067447392, 0.03204478815201343, -1.0683692405546898, -1.5847769985698328, 141087000000, 
-0.06282299273607372, -0.026249910602404485, -0.06091729534634914, 0.0028704910544107873, 0.09262141728942255, 0.030991655476844016, -1.0609873408698758, -1.5914684035838347, 141187000000, 
-0.04241553494755257, 0.04207531925438822, -0.05208967054402541, 0.0031426796061499165, 0.09367720800129933, 0.03354796404805667, -1.0535440491517705, -1.5981677506175709, 141287000000, 
-0.08091647210550834, 0.010098509742371024, -0.06520280675529869, 0.0031607334714487683, 0.09339279947707546, 0.03384343856428261, -1.0460816547122604, -1.6048430528215292, 141382000000, 
-0.04426902925943315, -0.007649781042186398, -0.05528516522302124, 0.0031419688698889102, 0.09315849436132774, 0.033727132361138876, -1.0385823265476823, -1.611505500750814, 141487000000, 
-0.046390362512116555, 0.016038089359018952, -0.050935740139002275, 0.003309505465642195, 0.09373020115824192, 0.03530884842607832, -1.0311173849620943, -1.6180898872752894, 141582000000, 
-0.08471457624899387, 0.022370736802663972, -0.06633333524286222, 0.0034493315182431207, 0.09358117048210875, 0.03685924743698925, -1.023545266756036, -1.6247224453439435, 141678000000, 
-0.06478024374074949, 0.01688587191012831, -0.06536509840476479, 0.003538770562044022, 0.09325623348903501, 0.03794674553803535, -1.015955739868496, -1.6313209582474846, 141769000000, 
-0.04977785825993998, -0.008075711726003404, -0.057919674642039135, 0.0035536856550796147, 0.09295172639111016, 0.03823151858553847, -1.008394953949489, -1.6378449493836116, 141878000000, 
-0.05263142641776734, -0.0021547190629206737, -0.055241539495212696, 0.0036658263817357507, 0.09310305814168675, 0.03937385575624162, -1.0008479182753272, -1.644305768175105, 141978000000, 
-0.053904123482002034, 0.009410171734674155, -0.05438685789977827, 0.0038629637365187393, 0.09342093055933988, 0.04135008839443138, -0.9931660334690269, -1.6508285327531609, 142078000000, 
-0.07882842415175667, -0.05250064117475067, -0.06549868549773794, -0.004183825200068661, 0.09237579070774227, -0.04529136008486694, -0.9856335219722063, -1.657314502066002, 142178000000, 
-0.05791917116875749, -0.02782603326626261, -0.061710542949668434, -0.005034637659013692, 0.09312799030670434, -0.054061487233137966, -0.9780359317369514, -1.6638002495503739, 142278000000, 
-0.07065873975074949, 0.00846572458738008, -0.06561643160316119, -0.0018987988565032667, 0.09260457092499919, -0.020504375081453717, -0.9704371795059633, -1.6702887056890328, 142379000000, 
-0.04264263276629235, -0.03541736807583143, -0.05472049013303758, -0.0024127916486291453, 0.09331185457926452, -0.025857289617789984, -0.9628910929580083, -1.676816004369575, 142479000000, 
-0.06979230914056697, -0.003260417779100394, -0.06146209071124676, -0.0019419272724934184, 0.09324953030906456, -0.02082506223953225, -0.9553125345562324, -1.6833894133538616, 142579000000, 
-0.051170185987513495, -0.028573060481849336, -0.05645206453813518, -0.0011522470150428493, 0.09356746766864704, -0.012314611517790907, -0.9477397629945196, -1.6899792445679642, 142679000000, 
-0.07246066682011948, 0.011077596367721583, -0.06363281332631461, -0.0007113925481581275, 0.09319246135501465, -0.007633584710764245, -0.9401967790278993, -1.6965643597983981, 142779000000, 
-0.04011168743248335, 0.000280075941749839, -0.0525120991103462, -0.0004932925687055389, 0.09340974424976861, -0.005280954066061057, -0.9327067688820184, -1.7031170293077091, 142879000000, 
-0.06132634675456205, 0.0007530101520051491, -0.05636709206277944, -0.00025334585187113167, 0.09349930675216835, -0.0027096013935446247, -0.9251678678031439, -1.7097187263938742, 142979000000, 
-0.051996631297824884, -0.0009609115037335843, -0.054120144360466214, -0.0001822838727120638, 0.09360073208023742, -0.0019474620407434898, -0.9176549593780969, -1.7163041194640516, 143079000000, 
-0.03563205456718789, -0.031206754138032547, -0.04535001352576197, -0.00031539013217926366, 0.0940656595729831, -0.0033528721704711023, -0.9101683206995013, -1.7228727371566672, 143179000000, 
-0.07845052461596856, -0.015737598482023028, -0.06045930133271581, -0.00033060122699898794, 0.09380683771028403, -0.003524276428761271, -0.9025982909377294, -1.7295170486842324, 143279000000, 
-0.05906366235740875, 0.0068477898765161565, -0.05958706538937409, -0.000254895196358854, 0.09348637167015791, -0.0027265492478217544, -0.8950775656825707, -1.7361213344034292, 143379000000, 
-0.08168714427955434, 0.008549877379011864, -0.06957526919748215, -0.0002141429302370379, 0.09292259342096115, -0.0023045302800247963, -0.8875341271083783, -1.7427496291947198, 143479000000, 
-0.05117361818640753, 0.01186647091946918, -0.06080535349688401, -0.0001675796504329688, 0.09283467010263276, -0.0018051407975888988, -0.8800164880147275, -1.7493582415591094, 143574000000, 
-0.048506368062500776, 0.022877269984312814, -0.05487236250707483, -9.085092556698719e-05, 0.09313438226773507, -0.0009754821297446995, -0.8725300654547766, -1.7559412065413065, 143673000000, 
-0.06996845260190514, -0.010327147977059206, -0.06162299484259747, -0.00019256959487674643, 0.09312788973103948, -0.0020677972563632897, -0.8650218813624372, -1.762547627157046, 143778000000, 
-0.047250167431076184, 0.017039442541258075, -0.054734405364690306, -0.0001414199904482268, 0.09328693960369815, -0.0015159677340580322, -0.8575169617597905, -1.7691514584703363, 143873000000, 
-0.04900686323116517, 0.02651172480920894, -0.05186020530256394, -7.916989087403807e-05, 0.09358495797535271, -0.0008459681190954736, -0.8500465315072299, -1.7757266610119873, 143978000000, 
-0.03445081929488244, 0.010620689868299312, -0.043594074574367196, -0.00011839194333338986, 0.09412392598725185, -0.0012578304834992208, -0.8425796011239297, -1.7823016114826076, 144073000000, 
-0.026986559746095807, 0.043562297992810806, -0.0357254079435709, -4.274902995076097e-06, 0.09482443181849123, -4.50822948589761e-05, -0.835145945794531, -1.7888463286893985, 144173000000, 
-0.09680695881976044, 0.013623064366707224, -0.0638073416241341, -7.026993547155898e-05, 0.09419059114216359, -0.0007460398604516589, -0.8275822509271246, -1.7955085469036165, 144273000000, 
-0.08650423691386255, -0.0158555266106238, -0.07407536188986476, -0.00023907731396160034, 0.09307253635056392, -0.002568720305000604, -0.8199892030787916, -1.8021996388040036, 144373000000, 
-0.06101539726083377, 0.01735361734550591, -0.0677663164003154, -0.00020074603856598398, 0.09252100756751555, -0.002169734678035074, -0.8123573398896873, -1.8089249831243264, 144473000000, 
-0.05842134866186556, -0.011085311668648061, -0.0631826266192356, -0.0003069769927800088, 0.0926180817683411, -0.00331443911295667, -0.8049532154538227, -1.8154549546362821, 144573000000, 
-0.03841043736194413, 0.015239190587477077, -0.051472925341605885, -0.00027152042305885474, 0.09311193925672501, -0.0029160645264859975, -0.7974700502069394, -1.8220566390979145, 144673000000, 
-0.015754493502563485, -0.0029389165271209634, -0.034731973609409536, -0.0003203947283164965, 0.09424235027320035, -0.003399689496152209, -0.7900569645867132, -1.8286017757865165, 144773000000, 
-0.0567500486754224, 0.01628192524493432, -0.04474331045299546, -0.0002755104350187618, 0.0946435550668621, -0.0029110321862288887, -0.782618745390582, -1.835171996581562, 144873000000, 
-0.06303885718366958, 0.010085803714741211, -0.053019931590793545, -0.0025164497516676145, 0.09444243243819994, -0.026645329717807698, -0.7751401782073044, -1.84182188156765, 144973000000, 
-0.039180770714547244, -0.025558025110829226, -0.04640427208459733, -0.002832860670224516, 0.09474553025401183, -0.029899676139123865, -0.7675846675907938, -1.8485454853200216, 145073000000, 
-0.04061981973431067, -0.0036530973323574013, -0.043545362770714406, -0.0019133166809719535, 0.0948741955075028, -0.020166881739942084, -0.7601781020757863, -1.8551551265865738, 145173000000, 
-0.05476725893814549, -0.004683434136888744, -0.04855621344695109, -0.0019937877026037338, 0.09476766131993655, -0.021038692680963044, -0.7527117087971309, -1.8618609688293, 145273000000, 
-0.03052008640752595, -0.009677317087259036, -0.0400250853656658, -0.001881378145032208, 0.09504453768069351, -0.019794700368292433, -0.7453049889239016, -1.8685384334211024, 145363000000, 
-0.046926093790432076, -0.00023091831197051722, -0.04304812841903388, -0.001545930709707644, 0.09506961075049856, -0.01626103964772504, -0.7378339081094117, -1.8752964057821404, 145463000000, 
-0.07453181902289469, 0.017363348389268816, -0.057441969286571234, -0.0013105471763935875, 0.09437755481748723, -0.01388621668497345, -0.7304692956746702, -1.8819809809509647, 145568000000, 
-0.07270333091254566, -0.0012174729777202258, -0.064286368239893, -0.0012841544173241622, 0.09364184432633404, -0.013713467804510458, -0.7229889174096706, -1.8887928763312092, 145668000000, 
-0.0613921941613603, 0.0015997157846387466, -0.0627095284208106, -0.001236236996547893, 0.0932089350921261, -0.013263073924468911, -0.7155534580977477, -1.8955823076984524, 145768000000, 
-0.07718012034436592, -0.012241645461241136, -0.06915596630487673, -0.0012834775543869488, 0.09284993341951511, -0.013823139200196654, -0.708171897834627, -1.9023419333934437, 145868000000, 
-0.059368014694031766, -0.009893503815003287, -0.06436532999758374, -0.001324601332982326, 0.09273064160685883, -0.014284397368866601, -0.700778385130977, -1.909131401345014, 145968000000, 
-0.06767860810214614, 0.010398707608803681, -0.06564501101037679, -0.0012679325358343355, 0.09255265294646152, -0.013699580676177811, -0.6934180849710405, -1.9159080078015942, 146068000000, 
-0.033792395613467516, -0.016370674591603705, -0.0506496458721643, -0.001353285744741697, 0.09320293450039448, -0.014519776142198283, -0.68607177831164, -1.9226929868097278, 146168000000, 
-0.08404627395382401, -0.0011799038267954185, -0.06587336302289744, -0.001332313350178413, 0.09307607349241658, -0.01431424103088066, -0.6787731450733027, -1.9294515078927477, 146268000000, 
-0.06123468278335802, 0.02221640176067112, -0.06348249428271781, -0.0012226515413794644, 0.0927195764637476, -0.013186552268792003, -0.6714289168246738, -1.9362704198276712, 146368000000, 
-0.05947219029796158, 0.001851008487588507, -0.06137529850884647, -0.0012576009780653967, 0.09279393763806659, -0.013552620031823013, -0.6641296381798897, -1.9430678435050475, 146468000000, 
-0.04018898109762902, -0.015420196561824575, -0.05132426575239772, -0.001355883244842354, 0.0933462039388857, -0.014525317448688742, -0.6567961199442293, -1.9499170257614507, 146568000000, 
-0.05033827254841157, 0.01448557193592999, -0.0506531849076149, -0.0012937541511918822, 0.09363717894475095, -0.013816671601728201, -0.6495507599178821, -1.9567010102867104, 146668000000, 
-0.017934046241111348, -0.007836251223792761, -0.03530950603207457, -0.001374863858799065, 0.09456854435321073, -0.014538278750109435, -0.6423509725876019, -1.963463663643177, 146768000000, 
-0.07285619484996969, -0.003009973689221185, -0.05250332696216509, -0.0014014786459784052, 0.0945300528521025, -0.014825746984095058, -0.6350372315329148, -1.9703520691365854, 146868000000, 
-0.07074329692368206, 0.026393929923346268, -0.060746209208153844, -0.0012893785095026314, 0.0937678028922133, -0.0137507595329367, -0.6277641203166608, -1.9772204394904997, 146968000000, 
-0.05531522338068363, 0.016448229276064454, -0.05801010724664382, -0.001289592156361826, 0.0934290284987065, -0.013802906624247732, -0.6204983138576576, -1.9841026211353887, 147063000000, 
-0.06439945856346495, 0.03225388251447675, -0.06074220141108388, -0.0012443170069535757, 0.09306535155428076, -0.013370357347522859, -0.613241461661108, -1.990994387881746, 147159000000, 
-0.04975124434928897, 0.0021895885203827665, -0.05541775271976898, -0.0013678978633782084, 0.0932449300352886, -0.014669943586858039, -0.6060078247331473, -1.9978855537716327, 147264000000, 
-0.08193097908119004, -0.004009593302381925, -0.06744794979872097, -0.0014898969577815328, 0.09297308444482152, -0.016025035274222506, -0.5987580948952063, -2.004812263870351, 147364000000, 
-0.043991243283408, -0.005970014347904156, -0.0563435510879267, -0.0016032384470726219, 0.09313399762021264, -0.017214320098342638, -0.5915546742169945, -2.0117172008199, 147464000000, 
-0.07681816773725461, 0.023155510421675355, -0.06558540035268824, -0.0015774206387134566, 0.0927523332218443, -0.017006802782422673, -0.5843291285063499, -2.0186645542651607, 147564000000, 
-0.06526959355441526, -0.008775696582527054, -0.06518056797649309, -0.0017292889298635228, 0.09271551702619896, -0.018651558933494072, -0.5771441128481551, -2.0255996739619095, 147664000000, 
-0.06361047506232402, -0.0449146163121448, -0.06418156049718873, -0.001998015483672066, 0.09303948520328095, -0.02147491980750564, -0.569910942789296, -2.0326094370937544, 147764000000, 
-0.061571803658124806, 0.06746327630589102, -0.06276578025396412, 0.0268789760398154, 0.09203596100501232, 0.29204862693128786, -0.562520747609709, -2.0392590018780594, 147864000000, 
-0.06015768696918663, -0.11040689897557926, -0.06207365449935017, 0.027917476106637168, 0.07297741361153139, 0.3825495413587231, -0.5566935686277472, -2.0443725005729005, 147964000000, 
0.003827888735674686, 0.09048591923196936, -0.03050722093558402, 0.01982364346201403, 0.09566079146661209, 0.20722851189176034, -0.5489470300021365, -2.0512400626857006, 148059000000, 
-0.052211558851340344, 0.0003510433915100905, -0.040498074779726, 0.02180839246072823, 0.0931801407965041, 0.23404549804615052, -0.5413701461780691, -2.0573345173663955, 148164000000, 
-0.06709423431138395, 0.045834810944562626, -0.05249196554216208, 0.021180620485705747, 0.09616231924995926, 0.22025904378044336, -0.5332828469852188, -2.063616493180591, 148259000000, 
-0.07690575943828111, -0.055173465463373, -0.06390626323697826, 0.015288156025686981, 0.08759244129562535, 0.1745373892946916, -0.5257614351395692, -2.069219556559914, 148359000000, 
-0.0583293942922261, 0.020642264799872495, -0.06096428176799761, 0.014516514263527843, 0.09039767087778763, 0.1605850474085037, -0.517839062204094, -2.074895445709709, 148464000000, 
-0.08416680475485594, 0.01228061349517486, -0.07140912304284253, 0.014014631895700068, 0.09087314565865547, 0.15422192985750577, -0.5096633244422215, -2.0805436185300237, 148559000000, 
-0.035522674724668454, 0.023445011162927, -0.054489355209137696, 0.013537728097897496, 0.09254796756598391, 0.14627796216319397, -0.5014163698531193, -2.0860508338579877, 148659000000, 
-0.0460651268441699, 0.08370626083269306, -0.05017188413675516, 0.014657359916672755, 0.09777993374715893, 0.1499015120482083, -0.4926856756376591, -2.0916899465542866, 148759000000, 
-0.011492499856703753, 0.054238806628934634, -0.032048468556215355, 0.015373045700862956, 0.0993852808371094, 0.1546813126790786, -0.4838836399102529, -2.0971734874134165, 148864000000, 
-0.017238478171746036, 0.041427644668133895, -0.025061344893705075, 0.01583593950217635, 0.09990841283170238, 0.15850456486434522, -0.4750710577135861, -2.1024741023189746, 148949000000, 
-0.006363047481146626, 0.0540896858748558, -0.01626187768151857, 0.01656135586212348, 0.1015503572642582, 0.1630851560573725, -0.4660913493601986, -2.107682027341138, 149046000000, 
-0.04554473089419436, 0.03571610626073021, -0.029748872947170952, 0.016666863429692695, 0.10070357754642155, 0.1655041840197756, -0.45703258073265063, -2.112742833353491, 149146000000, 
-0.06696008982822067, 0.000467623637252904, -0.04696739619429882, 0.016194628273322843, 0.09671745604085132, 0.16744266171023553, -0.4480824049674754, -2.117547609731143, 149246000000, 
-0.052279690432810035, 0.022331707154615178, -0.049262128916181924, 0.016475301015681162, 0.09588376595841175, 0.1718257606071407, -0.43903244845974126, -2.122213755684562, 149347000000, 
-0.036642618984641516, 0.004862517958399745, -0.04330448479467669, 0.01663782040298013, 0.09430877199470512, 0.1764185881236397, -0.4302735483877226, -2.1265349707356878, 149447000000, 
-0.05589157986978462, 0.04370631931189194, -0.04886054316817804, 0.017724736610268826, 0.0963122500327427, 0.18403408293589915, -0.42106661655438815, -2.130886410345829, 149547000000, 
-0.06723762203634219, 0.01065777332647771, -0.0572312571601319, 0.018049845782947455, 0.09421235963157437, 0.191586813593598, -0.41192817152339284, -2.1349932682472046, 149647000000, 
-0.05164737572802036, 0.041545780714000786, -0.05436342225158725, 0.019419455688834193, 0.09565086662745413, 0.20302435695088972, -0.40255160320158057, -2.1389934045859795, 149747000000, 
-0.07988585023540457, 0.007756879534751658, -0.06603587262305216, 0.019790193468865996, 0.09290289703768348, 0.21302019743085787, -0.3933013947025244, -2.142714347031977, 149847000000, 
-0.06324670654419894, 0.02775408070205964, -0.06447206291825361, 0.021036895302043043, 0.09309901279787229, 0.2259626033598911, -0.38392186874508266, -2.1462576386664014, 149947000000, 
-0.02268671976992319, 0.09372703783879682, -0.04461917088793233, 0.024477618133218915, 0.10054710461536027, 0.24344428640543414, -0.3738683997693653, -2.1498031959998225, 150047000000, 
-0.04679542483311182, 0.04771557681839, -0.04546279562989991, 0.025982999856088106, 0.09996024898355393, 0.2599333246995312, -0.3638432268518783, -2.153045783226206, 150147000000, 
-0.18023114390923012, -0.1281818625508587, -0.10834738176402631, 0.008258323241838257, 0.07966268460489634, 0.10366614284714518, -0.3553197748043581, -2.155770066555834, 150247000000, 
-0.07548948051575355, 0.003537124456628099, -0.0925724504733745, 0.002299616265392914, 0.08422315343841599, 0.02730384901907519, -0.34606607215650964, -2.158553587695538, 150342000000, 
-0.0538469590837301, 0.005763054382130027, -0.07420399600719262, 0.008856454375892832, 0.08692348343304024, 0.1018879366784147, -0.336923334373599, -2.161080653197426, 150442000000, 
-0.04589502360406472, 0.030526246568860334, -0.06069550007445321, 0.010476302071708707, 0.09037577403609624, 0.1159193620574077, -0.3274261716426425, -2.163670001999889, 150547000000, 
-0.04025225630952252, 0.0736124112354531, -0.05082312638715501, 0.01238902122316172, 0.09515324986140461, 0.1302007155951787, -0.3175995071741186, -2.1662260503732935, 150647000000, 
-0.042688955064106845, 0.04459886269528404, -0.046810262693770574, 0.014588124641584842, 0.09646092158794098, 0.15123351924732772, -0.3076977854708285, -2.1686490742101183, 150743000000, 
-0.06084681761056377, 0.03084181394768768, -0.05311111692412378, 0.015545616097866408, 0.09623468546540305, 0.1615385972602898, -0.29776061192946407, -2.1709325817080902, 150840000000, 
-0.05089902442461618, 0.04360362225580961, -0.05184292773767271, 0.01625948141740241, 0.09706233567029661, 0.1675158680771186, -0.2876805068927153, -2.173084147585655, 150940000000, 
-0.06483662638872119, 0.05540698138927738, -0.057586586397674985, 0.017212933941376043, 0.09817231113737238, 0.17533389753135187, -0.27737756906516686, -2.1751030488238423, 151040000000, 
-0.07498035275010581, 0.011428409040821066, -0.06551346134039744, 0.01694240983771945, 0.09500579521548429, 0.17833027763508613, -0.2674026467637232, -2.17687474282221, 151140000000, 
-0.08513236179364671, 0.009310868903272354, -0.07441218584583442, 0.016676784867770574, 0.09240261190433033, 0.18047958303426526, -0.25751335829041, -2.1784550287762934, 151235000000, 
-0.06023956373276608, 0.005387748563230221, -0.06765950028490587, 0.016549146348467967, 0.09013449480040454, 0.18360502696680883, -0.2478148066396047, -2.179822385538944, 151340000000, 
-0.05104455294375371, 0.053984664570388904, -0.059619455548180586, 0.017585405749360593, 0.09258913935626073, 0.18992946550346668, -0.23795921877823398, -2.181031725452077, 151440000000, 
-0.053577526454890535, -0.014184240867819688, -0.05678639451929903, 0.016906002595256493, 0.08768101925159305, 0.19281256923743315, -0.2286223725908245, -2.181985855860783, 151540000000, 
-0.07346196124959205, 0.07089286764097573, -0.06409249817383073, 0.018370106229795992, 0.09169695983317962, 0.20033495399646778, -0.2187281837713667, -2.1828223123098187, 151640000000, 
-0.004493187818614915, -0.01804323503424957, -0.03653429222294413, 0.017589758242168813, 0.08636753933591713, 0.20366168096737552, -0.20971808841542022, -2.1833744264214747, 151740000000, 
-0.07229218655917567, 0.06616826675193366, -0.052735305331610464, 0.01919109329226604, 0.09027893458060468, 0.21257554025664158, -0.20008952630145085, -2.183794643727715, 151840000000, 
-0.05911623646815153, 0.0130673694106921, -0.05561817970035416, 0.01891169512859354, 0.08657723166213759, 0.21843728155221329, -0.19091800147553364, -2.1839824075966376, 151940000000, 
-0.072999718702299, 0.06401192992422977, -0.06333532380731648, 0.019986645714441784, 0.08857388882260567, 0.2256494095508295, -0.1813248324234352, -2.1839860418117882, 152035000000, 
-0.07514133356680125, 0.07463533951296906, -0.06847266961028076, 0.02101486746335184, 0.08993909102692194, 0.23365665833848986, -0.17155630118208798, -2.1837662872887296, 152135000000, 
-0.06260468742416711, 0.017283159344262243, -0.06571428044643154, 0.020319177136320535, 0.08430682158216536, 0.24101462675256333, -0.1625010386002283, -2.1833298667090473, 152235000000, 
-0.08465902759640742, -0.0882120391214781, -0.07438854521459867, -0.011530398853344987, 0.08119097450355921, -0.14201577113524513, -0.15303457049607516, -2.183136589581704, 152340000000, 
-0.04504601381927757, 0.050783003268597034, -0.060774223944817726, -0.009320075715361212, 0.07533249593567586, -0.12371919448041843, -0.14486307817927008, -2.18269276627092, 152440000000, 
-0.05216489875514918, 0.0740326224922784, -0.05670549053508412, 0.005236369619713862, 0.07147453080547674, 0.07326203559090205, -0.137333939442646, -2.1821845034334517, 152531000000, 
-0.044989992580847654, -0.008013238832065311, -0.051025089945781164, 0.007105198801001946, 0.07262056783789522, 0.09784003365082855, -0.12949465233991936, -2.181771127110326, 152633000000, 
-0.0858917197833198, 0.08726391421247418, -0.06676999724786684, 0.007640357854127723, 0.07627596737887067, 0.10016730192587751, -0.12109869508852777, -2.1812739653154023, 152733000000, 
-0.11537392743339743, 0.01385122856052817, -0.08905483404921953, 0.008099997755324237, 0.07342005530475101, 0.11032404867720232, -0.11285727349701044, -2.1806931765362494, 152833000000, 
-0.05588212512577856, 0.03404300222781852, -0.07338074812510541, 0.007209300823404018, 0.0735006229599977, 0.09808489415562695, -0.10464120413858595, -2.1800454704218484, 152938000000, 
-0.06121013963336083, -0.013921645185307314, -0.06755685240493972, 0.005891657126662375, 0.07134307784535138, 0.08258204306006497, -0.09679919110628549, -2.1793523477801724, 153033000000, 
-0.058581252280613144, 0.01991729326267508, -0.06315521277288545, 0.0057348471131149475, 0.07100342645001585, 0.0807685966697973, -0.08898200526706457, -2.178586067679563, 153138000000, 
-0.08153825991304663, -0.001989641485934987, -0.07146499873962192, 0.005534819338537422, 0.06911495047288234, 0.08008136156748084, -0.08134826184336591, -2.1777742455622833, 153233000000, 
-0.057696586643578796, 0.022675402630514763, -0.06484052846735644, 0.005542468941443019, 0.06868983691373075, 0.080688340378562, -0.07379031950185168, -2.1769080004005428, 153333000000, 
-0.08707167852217054, 0.021185751543685478, -0.07488528718480225, 0.005580266456196622, 0.0676852411664182, 0.08244436098670874, -0.06627249531394958, -2.175985195064796, 153433000000, 
-0.035343763936780605, -0.007150604520195507, -0.05638665573450565, 0.005453267547231629, 0.06625433284054034, 0.08230808934951392, -0.05900736739815499, -2.1750304261307076, 153533000000, 
-0.0711355896709585, 0.011915543797540054, -0.06298800238188655, 0.00547407047939598, 0.06580172616936515, 0.08319037809595493, -0.05179708613895767, -2.1740245197841954, 153633000000, 
-0.09218966169353672, 0.01059565475624363, -0.07627190181418768, 0.0054302424094295415, 0.06448179652711855, 0.0842135719209652, -0.044637915329172884, -2.1729656459759017, 153733000000, 
-0.06339371723667908, 0.013698087816741339, -0.07006191822624397, 0.005415167333334409, 0.0634417020675317, 0.08535658970136288, -0.03755750408011044, -2.171856132974311, 153833000000, 
-0.036766609199718976, 0.01682502187410281, -0.054412743806231345, 0.005492319847646979, 0.06338088319654847, 0.08665577963965757, -0.030650571976844475, -2.1707119398991446, 153933000000, 
-0.03967067160638954, 0.010259991834867501, -0.047394230322275264, 0.0055443055556088396, 0.06316538006430025, 0.08777443514097313, -0.02380467820229351, -2.169516563505989, 154033000000, 
-0.06906209206022225, -0.011056465456700727, -0.05727885848584147, 0.0054447521855202985, 0.0614495307137888, 0.08860526878358305, -0.01722484399635007, -2.1683081003039155, 154133000000, 
-0.028925140702994553, 0.018406909622799197, -0.04394933250695945, 0.005610249545694461, 0.06171824353655848, 0.09090099173628069, -0.010638722978133995, -2.1670366790414906, 154233000000, 
-0.06700106170541933, 0.00859835073716384, -0.05445141046885725, 0.005640311010268911, 0.06082605533506194, 0.09272853515157457, -0.004105865131871763, -2.1657154842006068, 154328000000, 
-0.07030724815129868, 0.007457968221049933, -0.06160853823686023, 0.0056268273346669825, 0.05946230068598491, 0.09462848342148338, 0.002355041853132533, -2.1643463501549594, 154430000000, 
-0.043026664505819955, -0.00835365951399104, -0.05284282467910807, 0.005582359554514158, 0.05798407992509913, 0.09627400420469144, 0.008600823543918988, -2.1629590861507526, 154531000000, 
-0.07727274280032045, 0.021030850981924733, -0.06391832234847591, 0.00572910353788244, 0.05775693841407267, 0.09919333841432504, 0.014915278398500511, -2.161495809428435, 154631000000, 
-0.08146041464976059, -0.0017387575336474774, -0.07184157131404867, 0.005670644658211885, 0.055763040680871165, 0.10169181215681324, 0.021070507784198965, -2.1600037976383857, 154731000000, 
-0.17209012912642863, -0.1190867482632855, -0.11815704465626058, -0.0065211584756115736, 0.04803550349848985, -0.13575705469219423, 0.02694739880462128, -2.158708879050703, 154831000000, 
-0.01859097956986249, -0.09966294698586728, -0.07142440133294331, -0.012343944151019585, 0.055418366465255865, -0.22274103223086753, 0.03343353400520669, -2.1572353449188055, 154931000000, 
-0.05925847132377371, 0.020257973860177594, -0.06567066511693195, -0.004610250307253756, 0.05168393105981409, -0.08920084468649045, 0.039171127972137974, -2.155922108414717, 155031000000, 
-0.07642563607015543, 0.040510158223858644, -0.07045525020712029, -0.004020946676093396, 0.04969196117380297, -0.08091744783486615, 0.04473806956737325, -2.154775326275946, 155126000000, 
-0.08060469906873532, 0.006428957958639356, -0.0748617845743823, -0.003088238134341343, 0.04961616831374032, -0.062242576146012266, 0.0504400740762518, -2.15363845923638, 155232000000, 
-0.06627159671464937, -0.007999274513108856, -0.07059454932768203, -0.0014792987269801518, 0.049700668199495174, -0.029764161742098623, 0.05612805947089319, -2.15253215136395, 155332000000, 
-0.10637402509089214, 0.024639639622259582, -0.08688743890561847, -0.0007044117163927868, 0.04818112052096874, -0.014620077507043909, 0.06182649319889155, -2.15145162276468, 155432000000, 
-0.07916538164937345, 0.014314701009890768, -0.08300385034269238, -0.0003611802224859915, 0.04757839220732183, -0.007591265818991032, 0.06738930631967681, -2.15041177966644, 155532000000, 
-0.05186701589697259, 0.026840896143269937, -0.06830061095197773, -1.1510440789960183e-05, 0.04744919900060103, -0.00024258451211819996, 0.07289095237566492, -2.149388553421205, 155632000000, 
-0.04964847672634966, 0.016818165344122057, -0.059407090459431815, 3.55472230972353e-05, 0.047663342422497375, 0.0007457979505956093, 0.07828937087234182, -2.148388848194279, 155732000000, 
-0.050031512525886404, -0.019620551451093978, -0.0548405278521367, -8.152270066839884e-05, 0.04768597256343057, -0.0017095740379408132, 0.08360989074961803, -2.1474056574399967, 155832000000, 
-0.07187397993787978, 0.013566066904148414, -0.0625080682064874, -0.00011739641552107031, 0.04715720351315535, -0.0024894694081747334, 0.08890211427374424, -2.146427716469055, 155927000000, 
-0.04042997543464499, 0.018795381652090513, -0.052078049994866954, -0.0001397777030661439, 0.046874606842687835, -0.002981949342748427, 0.09410993924869858, -2.1454667871605717, 156027000000, 
-0.08437102610868913, 0.013297068210429117, -0.06681581865503931, -0.00016074776393518476, 0.045960103467128324, -0.0034975500882010653, 0.09932733046161203, -2.144505597110389, 156119000000, 
-0.06157024313665802, 0.008445525514371794, -0.06416111873138557, -0.00016290370476141892, 0.04507632868013869, -0.0036139523677134948, 0.10450037354886994, -2.1435542950803095, 156223000000, 
-0.05355946601822913, 0.017977674382529445, -0.05903444307916211, -0.00014830752319817196, 0.044506871825500186, -0.0033322387558408287, 0.1095330031894822, -2.142630462074791, 156323000000, 
-0.06834260684460927, -0.012973414049857454, -0.06312151604315148, -0.00016870379975579295, 0.043862078074912395, -0.003846233629598269, 0.11454545208228954, -2.1417124859449723, 156428000000, 
-0.03546156933373634, 0.020416842317449984, -0.05010969248062802, -0.00014948406743837538, 0.043614280518283456, -0.0034274110603684147, 0.11943297188869155, -2.140818872737685, 156523000000, 
-0.05885646796046267, 0.0025254370583693182, -0.05396347397961454, -0.0001542189365539419, 0.04319887120206264, -0.003569976072582617, 0.12428926428830504, -2.139932946884729, 156623000000, 
-0.048128466143838165, 0.0038126092925502082, -0.051071814661972074, -0.000155181830914889, 0.04277690708020815, -0.003627701054307592, 0.12906420448907, -2.139063613067459, 156728000000, 
-0.05724401949517687, -0.020494128092490932, -0.05373921479290428, -0.00017356860808835894, 0.04223424370424295, -0.0041096653536362915, 0.13381136789276127, -2.1382013397333095, 156828000000, 
-0.06746206639329189, 0.0047773499775144125, -0.05989653077790422, -0.00015981358859284574, 0.04130084952151351, -0.0038694988225266226, 0.13853380755945582, -2.137345135882823, 156923000000, 
-0.07242762776228893, -0.008535261892413541, -0.06548294885280562, -0.00016124114350744877, 0.040277416150651064, -0.0040032643331526716, 0.14321331040187973, -2.1364987634959522, 157023000000, 
-0.06500807959274257, -0.005760009718901825, -0.06503923317478702, -0.00015735036216436146, 0.03937688932222776, -0.003996007934419014, 0.14779957150966666, -2.1356710843603075, 157123000000, 
-0.05816043731394109, -0.010493841362128305, -0.0616261444755387, -0.000156364784421639, 0.038768699523859175, -0.004033273912771008, 0.15233686895569448, -2.1348541356216493, 157223000000, 
-0.04307207679977489, -0.02869681770775083, -0.052822726392044037, -0.00016867394473851636, 0.03858368464751355, -0.004371639108070157, 0.15673840506717096, -2.1340636667877346, 157323000000, 
-0.03640647186519039, 0.015026753619465672, -0.04503471771044705, -0.0001455118708483807, 0.03852976980886123, -0.003776608881138846, 0.16106696260433923, -2.1332877936762205, 157423000000, 
-0.05017778091880682, -0.02507346591308933, -0.047238020911736685, -0.00015941482421444369, 0.03834383326697493, -0.004157508799511334, 0.16534824323054859, -2.132522519385016, 157528000000, 
-0.07858775012558857, -0.0036453943428736164, -0.06156343524804152, -0.00014852407911078376, 0.03734035966434564, -0.0039775749469441145, 0.16965997417193718, -2.1317533020699058, 157628000000, 
-0.04013495284040458, -0.016065481390061365, -0.05144447101724177, -0.00014902210194461186, 0.03681922519035931, -0.004047399182740857, 0.17390124902830403, -2.1309986017181437, 157728000000, 
-0.05795019068077324, 0.031151586351890116, -0.05426432861608292, -0.00011996446735337335, 0.036258479785103756, -0.0033085906542242548, 0.1780765409241504, -2.130256929737968, 157823000000, 
-0.057668983803713436, 0.0450548125919673, -0.055645249257156464, -9.534703582006421e-05, 0.035619491262833515, -0.0026768219432586975, 0.18219676617993522, -2.129526476321742, 157908000000, 
-0.051225943335625815, -0.0195557910350432, -0.05340093882147469, -0.00011975339584128697, 0.03516344429152755, -0.0034056218966621804, 0.18626459471673942, -2.1288071056456377, 158020000000, 
-0.06675531621499371, 0.02659608432608907, -0.05938420041447814, -0.00010473463063075195, 0.03437339064271867, -0.003046968270293054, 0.19029843553634065, -2.128094633381365, 158115000000, 
-0.05634064202420685, -0.01462656398027699, -0.057766890945402015, -0.00012018373216042759, 0.03377976859905696, -0.0035578613218736734, 0.1942608715373164, -2.12739643502678, 158215000000, 
-0.058916389363599136, 0.008755044943034303, -0.05809033684379364, -0.00011786491828297324, 0.033186498925781696, -0.0035515924275882917, 0.19818177874220913, -2.126706752122034, 158315000000, 
-0.05492400363776801, 0.023486937107398086, -0.0564169143957968, -0.00010803503930541232, 0.03267577561778906, -0.003306273141580665, 0.20203681222651712, -2.1260299576033295, 158420000000, 
-0.036401244162675414, 0.008640058520713048, -0.04695403068511607, -0.00011116078740586868, 0.03258964469720696, -0.003410923575223744, 0.2058083941259543, -2.1253692846020815, 158515000000, 
-0.04055230027952654, 0.033363950503301674, -0.04381325330130497, -0.0001011220174002457, 0.03252915175078266, -0.003108658294411648, 0.20951928121804222, -2.1247203670556365, 158620000000, 
-0.045850624156405506, -0.006980443899891214, -0.04458670632724264, -0.00011483297657733213, 0.03232511841058874, -0.00355243792516832, 0.21320797242290204, -2.1240768294378936, 158715000000, 
-0.0347271086411849, 0.004167343915557708, -0.0398575962499247, -0.002517208320671856, 0.0323104868781639, -0.07790685204354002, 0.21685610340148348, -2.1234744874254114, 158820000000, 
-0.058440794298170104, -0.031032035512843243, -0.04825870431132103, -0.003410462773534338, 0.032822547146808746, -0.10390609718008825, 0.22061092820734035, -2.1228636852947087, 158920000000, 
-0.06301544779847847, 0.032894513282021656, -0.05500122921113261, -0.0017333754476723025, 0.029733600731797902, -0.058296856250530896, 0.22413105370594835, -2.122299410458421, 159020000000, 
-0.06456818598827736, -0.022131750325229564, -0.059194158644698645, -0.00132159560073491, 0.029861178609758114, -0.044257985192286936, 0.22773568112684844, -2.121752747938418, 159115000000, 
-0.05715390873994845, 0.01936735909752946, -0.05806132119721845, -0.0010852723645046504, 0.02867792721167579, -0.03784347301302857, 0.23123721433899674, -2.121241634056101, 159220000000, 
-0.11752643147244589, 0.0052401670319906415, -0.08534895839612289, -0.0008178241743081965, 0.027048660305426745, -0.03023529317435797, 0.23477310954149497, -2.120736639199985, 159320000000, 
-0.03260747011384381, -0.008942965714633965, -0.06066662460415729, -0.0007971946603592864, 0.026818267245107556, -0.02972580790075907, 0.23819720799398925, -2.1202632995353548, 159420000000, 
-0.06896200626969991, 0.007680421794326875, -0.06426877502754462, -0.0007960150617119261, 0.026456454358563315, -0.030087745354066133, 0.24153178753018226, -2.1198120097381463, 159520000000, 
-0.07405299355263345, 0.019100557762520527, -0.06856181048963904, -0.0007518470381895541, 0.025657354848775467, -0.029303372955666825, 0.24482662073109274, -2.1193758835618213, 159620000000, 
-0.05899379073593287, -0.0145515691229776, -0.06387256283740685, -0.0007588376416030902, 0.025611565253922778, -0.029628710079984796, 0.24810726521270898, -2.118951960452818, 159700000000, 
-0.06909741687790975, -0.005424532939456215, -0.06604341659793427, -0.0007522338706726584, 0.02525544424686263, -0.02978501836355957, 0.2513583245111678, -2.118541499604065, 159810000000, 
-0.06231373447605965, -0.015340650842475292, -0.06406465596083917, -0.0007419189271368398, 0.02510599996488232, -0.029551458941074582, 0.2545765147317008, -2.1181448873742275, 159915000000, 
-0.05517044846058962, 0.033457902722870615, -0.059731981868255936, -0.0006964670509681817, 0.024367597141698966, -0.028581687678033502, 0.25768019147782034, -2.1177717853949956, 160015000000, 
-0.06629116021846736, -0.04579003063109748, -0.06250489972827593, -0.0007114810813764702, 0.024793719718465904, -0.028696020179923717, 0.2608522443672557, -2.117399378217727, 160115000000, 
-0.0560423502765585, -0.02438060973038407, -0.05927801241252311, -0.0006935382845354799, 0.024602440311693792, -0.028189816772193694, 0.2639912299833771, -2.1170402318748986, 160215000000, 
-0.045381526720311496, -0.010765746576805296, -0.05263055839421349, -0.0006721687575623941, 0.02445547041580754, -0.02748541517025644, 0.2670478583361057, -2.1166994387585794, 160315000000, 
-0.03851372252059959, -0.020073659679708426, -0.04589466141783077, -0.0006662229513163721, 0.024692444693814528, -0.026980842098768023, 0.27003856853553965, -2.116374476300295, 160415000000, 
-0.06812167289870125, -0.00569267507346493, -0.055993577505203215, -0.0006338505561998933, 0.02410980874648008, -0.02629015281145407, 0.27306553816853124, -2.1160533625543287, 160515000000, 
-0.043368838952450486, 0.006196896059639513, -0.049964469572843194, -0.0006018762554017022, 0.02358628575607175, -0.025518060012766654, 0.27597113471345985, -2.1157533213471216, 160615000000, 
-0.057081292278311574, 0.00802816581665104, -0.05307233419471368, -0.0005731458618639201, 0.02306269420829122, -0.024851643814358417, 0.278849671183652, -2.1154631940721877, 160715000000, 
-0.05531230163758623, 0.007114221305800307, -0.05391500216249066, -0.0005477849870318404, 0.022567163854810744, -0.024273541440834028, 0.28169712880775916, -2.115183359555072, 160815000000, 
-0.09216957481401117, 0.003875640554764053, -0.07140572490146582, -0.0005095548411476254, 0.021429330791320252, -0.023778383287359383, 0.2845854202913507, -2.1149059891867124, 160915000000, 
-0.09475673872818907, 0.02644189931447939, -0.08196940388816164, -0.0004595980835288339, 0.019753597552194285, -0.02326655093151781, 0.2874255478965816, -2.114640015346749, 161015000000, 
-0.0711076045417068, 0.026409883030833952, -0.07666047721534308, -0.00042720689125244225, 0.01873379397175961, -0.022804077588151034, 0.2902182018298491, -2.114385210699068, 161111000000, 
-0.033330103880270204, -0.00872096456539619, -0.05632787682818114, -0.00043940264473845634, 0.01938851673305452, -0.022663035588964913, 0.29283384849099015, -2.114153035005224, 161211000000, 
-0.07099913897383661, 0.007790597602557178, -0.06287918267779291, -0.0004306045104265179, 0.019352290104979568, -0.022250829648100323, 0.2954542178781767, -2.1139258887471444, 161316000000, 
-0.053176416639252086, 0.010786911443561012, -0.0581538750687789, -0.00041904688933020606, 0.019210122169269015, -0.021813858633370247, 0.29804947202395915, -2.113707052811836, 161406000000, 
-0.05731983855936104, 0.011279065125283904, -0.05754326744114183, -0.0004055773103414592, 0.01905623593774208, -0.021283180564436007, 0.3006034714407387, -2.1134972328495594, 161506000000, 
-0.052060769874770436, 0.023938883476971404, -0.05478932663303776, -0.0003884097383168091, 0.018873283392781902, -0.020579871039575266, 0.30312055553719075, -2.1132958897596885, 161611000000, 
-0.04789530923338564, -0.00040582625710766716, -0.05137951052077138, -0.00038481638956841237, 0.01905278317777617, -0.02019738460138861, 0.3056294925464059, -2.113100488685625, 161711000000, 
-0.05224717533513138, 0.02265720259660387, -0.05158357964549093, -0.00036905873622763654, 0.0188247415808226, -0.019604982870182353, 0.3080969861990237, -2.1129133326885348, 161812000000, 
-0.03842809688867918, -0.00785233289002941, -0.04529434388267126, -0.0003702831989646893, 0.01910590278499095, -0.019380565426909486, 0.3105315220145087, -2.1127336975719273, 161912000000, 
-0.07830594763792237, 0.019769679307630218, -0.060385390661445014, -0.00034537704251217603, 0.01831383357881534, -0.018858806433170464, 0.31299926926346666, -2.112555938920881, 162012000000, 
-0.05634405626112381, 0.02190212645473116, -0.05830583006306905, -0.00032413132019689836, 0.017620702298513688, -0.01839491495320473, 0.3154236992109152, -2.1123861621658775, 162107000000, 
-0.046206563978721145, -0.010968871252599075, -0.05248599773251423, -0.00032246239299966664, 0.01766075727145057, -0.01825869570841914, 0.31780127695686844, -2.1122241471030727, 162212000000, 
-0.07433596281362964, -0.006823798281868476, -0.06238357704883336, -0.0003091058910386509, 0.01718833482389366, -0.01798346926596752, 0.3201917302671145, -2.1120653022542717, 162312000000, 
-0.07962305011713214, 0.0064142629119215725, -0.07013159025408382, -0.00028486289440910736, 0.016206780057848702, -0.017576773016744464, 0.3225842740053196, -2.1119105744375846, 162412000000, 
-0.062157618282802043, -0.014847725333969709, -0.06618801120382847, -0.0002741181258607892, 0.01577241717447308, -0.017379588862538875, 0.3249194419261088, -2.111763827724965, 162512000000, 
-0.06048694231307039, 0.007507238642129738, -0.06330757717947853, -0.00026234604203070064, 0.015383038182164818, -0.01705424110140129, 0.3271819058818809, -2.111625576580207, 162612000000, 
-0.038947922217172304, -0.02644066223006257, -0.051790998089900224, -0.00026814209622108977, 0.015805385860900266, -0.016965235684908268, 0.3293980643835685, -2.1114941576657387, 162712000000, 
-0.039468586554080046, 0.0018909305873379613, -0.04588642793786477, -0.000266074534861002, 0.01605312198496629, -0.016574628605587137, 0.33154025605346504, -2.1113707942679723, 162812000000, 
-0.08157082685538337, -0.030333208912718065, -0.06219143862713215, -0.0002580524381906746, 0.015691607824455993, -0.016445251568707298, 0.3337745296415049, -2.1112454506006313, 162912000000, 
-0.04872614781305961, -0.010358140689895838, -0.055741276086235594, -0.00024467025157129244, 0.015282577246740418, -0.0160097506867487, 0.33596317478738524, -2.1111266092178953, 163002000000, 
-0.07971860424627544, -0.00829243291229858, -0.06661385693202611, -0.00022637651177120398, 0.014581280512107917, -0.015525146202573004, 0.3381574979160568, -2.11101062558659, 163106000000, 
-0.06593904343573823, 0.0021289929111595763, -0.0660661748271922, -0.00020956442643498075, 0.013952296500555753, -0.015020066870470628, 0.34027349696671816, -2.110902200174054, 163206000000, 
-0.0583391027797073, -0.00985231712533781, -0.06224597112611633, -0.000200748791488892, 0.013658079890192291, -0.014698170833884737, 0.34236473751825114, -2.110798233793757, 163306000000, 
-0.03543382274326916, -0.026907648844078882, -0.04960420219606343, -0.00020370343172626055, 0.014045497477239025, -0.014503112620707493, 0.3443748013857347, -2.1107014798351003, 163406000000, 
-0.06354596169050282, 0.0193186355485173, -0.05585602554474331, -0.00019189361229512357, 0.013720633880488, -0.01398576873099237, 0.34636200034009085, -2.110608470397188, 163506000000, 
-0.06259642561592722, 0.00576645414501536, -0.05876110720394737, -0.00018224703021828503, 0.013306912054640397, -0.01369566654306787, 0.34835353999153984, -2.110518100223357, 163607000000, 
-0.04472136828010146, -0.03519773609065807, -0.05203688474363895, -0.0001841641056651466, 0.013479829784573606, -0.013662198158904428, 0.35032522768799124, -2.1104314990144415, 163702000000, 
-0.08844622164838385, 0.012228345605455552, -0.06867267805927948, -0.00016612716194180598, 0.012588145282768729, -0.013197111902514266, 0.35231764979140406, -2.110346326055287, 163802000000, 
-0.05601066567549929, 0.012506074992860095, -0.0625745231822213, -0.00015602025981667744, 0.012054354526612764, -0.012943062150049327, 0.3542479299058194, -2.1102666440656703, 163907000000, 
-0.07095854690533197, 0.04602920603624469, -0.06622319447792997, -0.00014242396354369237, 0.011382531247691702, -0.012512503628977515, 0.35612053595500825, -2.110191595106, 164007000000, 
-0.034979703665441036, -0.013915515671679465, -0.05151907389295005, -0.00014700253960204122, 0.011784868390319286, -0.01247383803817418, 0.3579348405577179, -2.1101214313052328, 164102000000, 
-0.04339341262198623, 0.006731816896460147, -0.04754834513560806, -0.00014817691462234696, 0.012106960861389734, -0.012238985185365342, 0.35971185825060364, -2.110054869380876, 164202000000, 
-0.040549411633921624, 0.005727303336114317, -0.04411712074089586, -0.0001486204174701744, 0.01237058045926238, -0.01201402132742251, 0.3614662454153656, -2.1099913705660613, 164297000000, 
-0.06114555484212104, -7.925595832996904e-05, -0.05180981620121125, -0.00014361149529029446, 0.01219206338926844, -0.011779096835790941, 0.3632546811273904, -2.109928660546299, 164397000000, 
-0.06629164417157887, 0.012186919158585488, -0.058311708550678604, -0.0001319578981372871, 0.011559924071661433, -0.011415118068186554, 0.3650658246960316, -2.1098672619680627, 164502000000, 
-0.06461172648325476, -0.0029010646035096135, -0.06100899733710423, -0.00012340152692182256, 0.011053196983044675, -0.011164328936787916, 0.3668486400286158, -2.1098088664342782, 164603000000, 
-0.0358932060830983, -0.030932485947010105, -0.04916242228819526, -0.0001247345559630772, 0.011264508216735256, -0.011073235827354077, 0.36857285388328287, -2.1097545048793744, 164698000000, 
-0.08581203684230676, 0.0037127171831255086, -0.0659143756043268, -0.00011342365352452252, 0.010542022924436041, -0.010759192456469663, 0.37032990109920877, -2.1097007037821025, 164803000000, 
-0.0727357838856904, -0.0007318043250468861, -0.0688333284197625, -0.00010228272565929125, 0.009710422672451301, -0.010533292845168291, 0.3720723871812228, -2.109649327773809, 164903000000, 
-0.06802060155226416, 0.020558119962434365, -0.06821029230544874, -9.24265690491928e-05, 0.00903273815815341, -0.010232397688375796, 0.37375122852938963, -2.1096015834046966, 164998000000, 
-0.04391931005055105, 0.02493950833927832, -0.05672348626156238, -9.002913051334337e-05, 0.009050275989959597, -0.009947666857145787, 0.3753377009637752, -2.109558203042086, 165103000000, 
-0.05256864570055937, -0.006217967601194032, -0.05456729252992669, -9.17688793921535e-05, 0.009332420488385961, -0.0098333416830455, 0.3769097509431965, -2.1095167323146695, 165203000000, 
-0.05892102918877003, -0.006746050735464686, -0.05636066793600718, -9.109878528404436e-05, 0.009322344763083017, -0.009772089275736768, 0.37848015597631524, -2.1094768572811327, 165298000000, 
-0.07811871061294874, -0.018946657700196944, -0.06619747932114782, -8.590253068018247e-05, 0.008854318436106571, -0.009701766578654429, 0.38010056420139676, -2.1094371966071304, 165398000000, 
-0.07359462915368979, -0.014095026820682068, -0.06937201823585376, -7.921276854767087e-05, 0.00829495151096752, -0.009549515562922384, 0.3817031967066818, -2.1093995419958604, 165503000000, 
-0.05970301206672786, -0.003365266697036813, -0.06464312135106319, -7.47981600012432e-05, 0.008016903190287496, -0.00933005653502981, 0.38325353705936827, -2.109364641350189, 165583000000, 
-0.06306343671560394, 0.013194646450953869, -0.06366439374334415, -7.034821674837569e-05, 0.007791407694018529, -0.009028948235167065, 0.38476541538854586, -2.109331975844468, 165691000000, 
-0.05720598717850001, -0.03335619243131393, -0.06042435707252991, -7.038425651585467e-05, 0.007895228913209509, -0.008914783509075305, 0.3862603264115938, -2.109301067078954, 165796000000, 
-0.07840666762423984, 0.021396504437185365, -0.06850793195459831, -6.267743943524451e-05, 0.007314705182899187, -0.008568689765074343, 0.38774879562755954, -2.109271514700567, 165896000000, 
-0.06361154792947181, -0.013080512383398427, -0.0659837319919131, -5.958451780270064e-05, 0.007070522925150761, -0.008427172704687914, 0.38921751158621243, -2.109243696709127, 165996000000, 
-0.045645573722591044, 0.03540731068837473, -0.056328127064489524, -5.738241871893703e-05, 0.007070643829920808, -0.008115586090776082, 0.39061068862464493, -2.1092185618843744, 166096000000, 
-0.07376938597971812, -0.014079841119870384, -0.06415721040278369, -5.634311943222674e-05, 0.007015046524157337, -0.008031752781425039, 0.39202795254304046, -2.1091940135932945, 166196000000, 
-0.05262297515915895, -0.020111729028711417, -0.05857340151689134, -5.5740783578300144e-05, 0.007018869552978032, -0.007941561409222931, 0.3934298391264388, -2.1091709898212874, 166296000000, 
-0.0679811815904077, 0.003966447854617698, -0.06269492246558792, -5.278066934400018e-05, 0.006810228946959788, -0.0077502048396717186, 0.39480124146347756, -2.109149479176286, 166396000000, 
-0.04665587296328352, -0.009229580219332751, -0.05503736003534944, -5.255919041251742e-05, 0.006905310646398753, -0.007611415778945153, 0.39614261169490944, -2.1091295817639133, 166496000000, 
-0.055795472362496414, -0.027893664666153967, -0.055160263304432536, -5.324355453607198e-05, 0.007019018038178532, -0.0075856130083245855, 0.39749216355820743, -2.1091105583304945, 166596000000, 
-0.035008121143644454, 0.0297232142369831, -0.045631103683967764, -5.270050151039677e-05, 0.007207162004508068, -0.0073122404460219835, 0.398756791893198, -2.109093789141685, 166696000000, 
-0.050265342581188886, 0.009017614202785022, -0.04758330445001266, -5.255604208810831e-05, 0.00733180100444622, -0.007168230842085973, 0.4000344213909829, -2.1090777227293636, 166796000000, 
-0.037050827646409525, 0.005277079818757138, -0.0425227135838305, -5.28871820210937e-05, 0.007516777297412427, -0.007035885184372772, 0.40129537843113483, -2.1090628498316897, 166886000000, 
-0.06086453441296106, -0.02536201595993079, -0.05082645982502376, -5.135344775537347e-05, 0.00737218801631594, -0.006965835331616518, 0.40259173648357677, -2.109048382643622, 166988000000, 
-0.05527734915534071, -0.01937094751892872, -0.05269268223084682, -4.797034745086737e-05, 0.007037211030770577, -0.006816670303208827, 0.40388676171507176, -2.1090348636574685, 167090000000, 
-0.019733052536346076, 0.011806260566144573, -0.03721900795287826, -0.00013440251446722212, 0.00820245189949044, -0.016385651036316545, 0.40519755975848415, -2.1090231086626154, 167190000000, 
0.04257804937879043, 0.01183276049757172, -0.0004069858544047608, -4.566563427504976e-05, 0.003776393272774863, -0.01209239371446476, 0.40561799095160994, -2.1090203643214656, 167290000000, 
-0.1164184565029712, -0.005791302709500708, -0.054115407738323226, -2.8618076315078568e-08, 5.062298845778541e-06, -0.005653177970507061, 0.4060305051394359, -2.1090165859345236, 167390000000, 
-0.014410887809284, -0.01524759404320222, -0.035650365661526226, 4.3358016058891905e-06, -0.0020405849151211523, -0.0021247837194914125, 0.4062588762338359, -2.109015023824053, 167490000000, 
-0.0379217035861163, 0.006378294609824576, -0.03659673110652864, 2.8430844323591104e-06, -0.0030610741993829012, -0.0009287865132221438, 0.4063567170407669, -2.109014254385156, 167590000000, 
-0.06213885914672767, 0.029120736377910378, -0.0482819674119269, 2.4490993265970027e-06, -0.004046515936071599, -0.0006052365455341848, 0.4064595783797204, -2.109013457383472, 167690000000, 
-0.07069896771267979, -0.008510276843652432, -0.058483027957297234, 1.894208384554808e-06, -0.00511781398712065, -0.000370120600186275, 0.4065732697014305, -2.1090126647911656, 167790000000, 
-0.06675181688091646, 0.0016933625791653488, -0.062100873361009584, 1.029614590126395e-06, -0.006009049503780787, -0.00017134400198876376, 0.40666456809432117, -2.1090120669615002, 167890000000, 
-0.052459742383102685, -8.403991384803408e-05, -0.05741377339522996, 5.153252182936812e-07, -0.006366711848535921, -8.094055935831061e-05, 0.40669893868929985, -2.1090118368482194, 167986000000, 
-0.0765816385613784, -0.004988226656622276, -0.06605195307588982, 2.0352131186057015e-07, -0.00681878175328899, -2.9847166139670496e-05, 0.406746287285023, -2.1090115330812944, 168086000000, 
-0.06891637937523244, -0.013253724613018518, -0.06712909898425398, -1.7114576233777162e-07, -0.007202381718803517, 2.3762384308367777e-05, 0.4067869410349635, -2.109011289219118, 168176000000, 
-0.057168169442631436, -0.0023525787953222873, -0.06226365073827145, -1.4238908132779317e-07, -0.007256530781827086, 1.9622197660125094e-05, 0.40679063824272926, -2.109011261849178, 168273000000, 
-0.06701091213133184, 0.017241417702864477, -0.06420857159888217, 3.429532030460487e-07, -0.00727679801028152, -4.712968568888183e-05, 0.4067948415950374, -2.109011227900115, 168378000000, 
-0.0488670841955715, 0.030430462037516877, -0.05685682019120228, 9.024890534506379e-07, -0.007060735540954231, -0.0001278179940625095, 0.4067696622076184, -2.109011359758597, 168478000000, 
-0.03613608217368884, -0.0034226839565631804, -0.047039917130792794, 3.691857631031616e-07, -0.006401203865636021, -5.767442669418551e-05, 0.4067081703557095, -2.1090117077152404, 168573000000, 
-0.039079162938343265, -0.014623480434328281, -0.043153119425351404, -7.094565585715977e-08, -0.005780554487593483, 1.2273157533490412e-05, 0.40664607117357776, -2.10901205975623, 168674000000, 
-0.060267898357624645, -0.023210512873723884, -0.050879373862882264, -3.9241961719344475e-07, -0.005714659745761272, 6.866893824860067e-05, 0.406638426436743, -2.109012105399093, 168779000000, 
-0.05989736693574405, 0.02080609657885811, -0.054846971493089355, 1.0803885134900142e-07, -0.00595136876333088, -1.8153614008037692e-05, 0.4066609165660246, -2.109011972822504, 168879000000, 
-0.04132462164097391, -0.03428901436486729, -0.04838272779580227, -4.956996090900529e-07, -0.005833685154977432, 8.49719509917519e-05, 0.4066530120844719, -2.1090120256062863, 168979000000, 
-0.05932703147608675, 0.007353677838661726, -0.0532443565546986, -1.519998760343984e-07, -0.005913201719954203, 2.570517348012535e-05, 0.4066594216252795, -2.1090119878227354, 169074000000, 
-0.04661094018374909, -0.019671357604512354, -0.0499653289906868, -3.9981240194509555e-07, -0.005909215292095712, 6.765913614281288e-05, 0.40665585999250836, -2.1090120134029062, 169174000000, 
-0.07384787370875309, -0.03833304634311584, -0.06080526415230417, -8.860209067717498e-07, -0.006275607272251319, 0.00014118488750713325, 0.406693668857945, -2.1090118093488845, 169274000000, 
-0.08788600392442118, 0.004880935763908098, -0.07310247877453824, -4.338441918088702e-07, -0.007045746367495311, 6.157533484463155e-05, 0.4067776158891515, -2.1090113351503086, 169374000000, 
-0.0514908751631805, -0.008812436339760164, -0.06284142576665061, -4.496396472968058e-07, -0.007279367887715096, 6.176905113638131e-05, 0.40679788131129274, -2.109011225551365, 169459000000, 
-0.06634949958992384, 0.010107436323703632, -0.06421128556816197, 7.189773078084396e-09, -0.007307531261803028, -9.838853670959764e-07, 0.4068008940833797, -2.1090112084785155, 169569000000, 
-0.05095359434248429, -0.0018293541163116093, -0.0578245558565098, -3.9259446632861e-08, -0.007096554942168553, 5.532183848754107e-06, 0.40677846521399225, -2.109011338861522, 169674000000, 
-0.032123952742867445, 0.016274402181522946, -0.04570213697640136, 3.221232669943004e-07, -0.00638421879716641, -5.045617595958217e-05, 0.4067101461585462, -2.1090117230946186, 169774000000, 
-0.061656261218946525, 0.01089530316878298, -0.05287554158794403, 3.664422170070665e-07, -0.006154844450453119, -5.953720194831067e-05, 0.40668551739747766, -2.1090118610760693, 169874000000, 
-0.08228427712752558, -0.00486249826763419, -0.06626162200835427, 1.2096524353878504e-07, -0.006658371155794621, -1.8167392701368396e-05, 0.4067361174173513, -2.1090115744826314, 169969000000, 
-0.05323062166250142, -0.0016413015863494642, -0.05998784966542333, 3.2978463858917294e-08, -0.006861503805185052, -4.80630264082873e-06, 0.4067560396269652, -2.1090114607269363, 170074000000, 
-0.05144829995817142, 0.0221974519905118, -0.05579867701359984, 4.945317887202916e-07, -0.006721354624079189, -7.357620842510469e-05, 0.40674141513287865, -2.1090115364309385, 170169000000, 
-0.07162942288351261, 0.011042456423883254, -0.06289065690429582, 5.060517530222257e-07, -0.0068575582748182755, -7.379474336813216e-05, 0.40675703301940136, -2.109011443986306, 170274000000, 
-0.05960203263953475, 0.0031699216546624935, -0.06112577961842825, 3.4464922587099943e-07, -0.006958260904414959, -4.953094323501471e-05, 0.4067676117920895, -2.1090113816696627, 170374000000, 
-0.06249641902000591, 0.014959372075605907, -0.06151721926278417, 5.257908324201417e-07, -0.007000864554624616, -7.510370016697665e-05, 0.4067725487460168, -2.1090113471443988, 170474000000, 
-0.05335324277446565, -0.019474743686410733, -0.05749617022580987, -1.5636275928847127e-07, -0.006886758806356494, 2.270484035888524e-05, 0.4067594771755149, -2.109011425139649, 170575000000, 
-0.06350587197472735, -0.01849107668298141, -0.06004097464052311, -4.875140526185275e-07, -0.006847873333135269, 7.119203713356673e-05, 0.40675806635509, -2.109011436188849, 170675000000, 
-0.05179669097284647, -0.011723511745215697, -0.05598915185964637, -5.071468679081831e-07, -0.006717609323226483, 7.549514172470502e-05, 0.40674419270516304, -2.1090115172417496, 170755000000, 
-0.026987243903546176, -0.009294619782812945, -0.042350307277074783, -4.1715453037876716e-07, -0.006025535494231593, 6.923111328082298e-05, 0.4066772793760718, -2.109011898942318, 170862000000, 
-0.03231926578045702, -0.02991163073310117, -0.03752021540961191, -6.385218238558322e-07, -0.005304981387952477, 0.00012036268879395213, 0.4066029550298632, -2.1090123282695217, 170963000000, 
-0.07979887281602165, -0.008815458106912049, -0.056902106092243415, -4.856632149029201e-07, -0.005622424913217055, 8.637967112041554e-05, 0.4066353076418158, -2.1090121487446662, 171063000000, 
-0.07559069885205598, 0.0139091916841341, -0.06533360858903442, -6.329808008055093e-08, -0.0063873754556540655, 9.909873080111466e-06, 0.4067124373434662, -2.1090117106790873, 171163000000, 
-0.0693993273713865, -0.02102952358196833, -0.06697333297133978, -4.718743912544447e-07, -0.006976554164655087, 6.763717160615977e-05, 0.40677161158661884, -2.1090113822102667, 171263000000, 
-0.04573255820174897, 0.023621334424315493, -0.05689707493322754, 2.754359786893467e-07, -0.00690491111012089, -3.988986596592471e-05, 0.406765210683023, -2.1090114134529037, 171363000000, 
-0.04739069565700668, 0.008065390165024285, -0.05226706205767933, 3.116331427054114e-07, -0.006549633152251336, -4.758024387950526e-05, 0.40672984609502516, -2.1090116143657465, 171463000000, 
-0.08746109269891103, -0.021018461647786698, -0.06832220596443107, -2.6489179069570624e-07, -0.0069440419258007535, 3.814662894120706e-05, 0.4067695250462954, -2.109011394773019, 171563000000, 
-0.07860284687792055, -0.00560499924796103, -0.07282061592208772, -2.914357943003118e-07, -0.00754056487541626, 3.8649066630333015e-05, 0.4068302307351101, -2.1090110503243853, 171663000000, 
-0.029671687478278825, -0.011725142808254534, -0.052591277679228436, -4.385612952139626e-07, -0.007126988142323665, 6.15352918309999e-05, 0.4067872707844075, -2.109011299012281, 171763000000, 
-0.08581570310132364, 0.018917293116463157, -0.06772424176124493, 2.1319691084945397e-07, -0.00723081425016897, -2.9484495586990355e-05, 0.4067987990408058, -2.1090112286179745, 171863000000, 
-0.03808023755812197, 0.03732905458120634, -0.05375381836072228, 9.799204159019043e-07, -0.006953501637287519, -0.0001409247408021263, 0.4067683893669389, -2.109011391187022, 171963000000, 
-0.055953851311431206, 0.003279442804333718, -0.054543132633532436, 5.683586087609355e-07, -0.0066072072512009875, -8.602100511643937e-05, 0.40673789280879047, -2.109011564216377, 172053000000, 
-0.05908169517098366, -0.00030929827545261206, -0.056417115213775446, 2.960052397080487e-07, -0.006533260155496742, -4.530743191957624e-05, 0.4067295645832897, -2.1090116095776597, 172158000000, 
-0.014866353735385328, -0.01265507161412386, -0.03697757691786062, -8.058581875062182e-08, -0.0057224068484433436, 1.4082504247761315e-05, 0.4066499326811862, -2.1090120639073358, 172263000000, 
-0.06487220428871915, 0.008249337435200215, -0.049700420738365676, 7.932990718318688e-08, -0.005560686374504575, -1.4266207773721946e-05, 0.4066320456769985, -2.1090121613109996, 172358000000, 
-0.03722404013943274, 0.0065537294539363385, -0.043735779908795694, 1.3207990312086572e-07, -0.005384199306456193, -2.4531020417927087e-05, 0.4066160808934248, -2.109012250060081, 172458000000, 
-0.06622428418812765, 0.01849874388741792, -0.05395222429878887, 3.3573136251536096e-07, -0.005641765293207811, -5.9508211537894345e-05, 0.4066405973194614, -2.1090121066491685, 172559000000, 
-0.0401165317213695, 0.029626082099854817, -0.047350024063214445, 6.152683878986481e-07, -0.005625212460030116, -0.00010937691549793555, 0.4066410548060735, -2.109012097765801, 172659000000, 
-0.062002893292442865, -0.02212438332803287, -0.05393296511600309, 6.4645054855039615e-09, -0.0058063257243200364, -1.1133556387350285e-06, 0.40665913859097674, -2.1090119982631768, 172759000000, 
-0.06600988150843475, -0.025084327923570397, -0.059308694336545516, -4.152913890524083e-07, -0.0062123401165465365, 6.68494289207189e-05, 0.4066992877092778, -2.1090117738380516, 172864000000, 
-0.0940362680025082, 0.0036340671595059154, -0.0751416848467809, -1.8155587338274124e-07, -0.007127342732592771, 2.5473150400429136e-05, 0.40679168885005745, -2.1090112486098294, 172959000000, 
-0.09455459155120452, 0.026324362429591602, -0.08384660333291499, 5.98240937751833e-07, -0.00817649571944192, -7.316593297166986e-05, 0.4068971950266386, -2.1090106441815175, 173059000000, 
-0.03758919152781787, 0.0014241920069806022, -0.062147114802547185, 3.5694702409287185e-07, -0.008000560276045747, -4.46152534043893e-05, 0.40687812348847097, -2.1090107522592914, 173159000000, 
-0.04748581842856041, -0.006632176328640725, -0.05510423196963685, -5.010959926354556e-09, -0.00730580927211935, 6.858870440920942e-07, 0.4068115361778352, -2.1090111303717354, 173259000000, 
-0.05796311222786455, -0.012604062035632628, -0.056188272997849835, -2.964723602276986e-07, -0.006894784121609041, 4.299951310999287e-05, 0.4067707887887708, -2.109011363685966, 173354000000, 
-0.06353453621431775, -0.00545555057593209, -0.05935209133131904, -2.75206853136196e-07, -0.00682666105145202, 4.031353703691792e-05, 0.40676299187098464, -2.109011408698122, 173460000000, 
-0.0777720728790207, -0.006909134645455931, -0.06763206733422555, -3.1168719199275664e-07, -0.0071614207332403295, 4.352309459295341e-05, 0.40679657896606636, -2.1090112211415324, 173560000000, 
-0.07064963036150561, -0.001282149801959942, -0.06876873559766998, -2.0696809190479113e-07, -0.007490831993850131, 2.762951993512991e-05, 0.4068301435224951, -2.109011032482773, 173660000000, 
-0.04581708162018732, 0.020310640928646758, -0.05788691192809202, 4.0315409238127227e-07, -0.007262357800086772, -5.551283804502931e-05, 0.4068057883014728, -2.109011164625413, 173760000000, 
-0.044036972196914395, 0.012786142861955951, -0.05124128478842057, 4.872856666157886e-07, -0.006694232958352168, -7.279185974665233e-05, 0.4067525750367599, -2.1090114629061563, 173855000000, 
-0.04991226450173028, 0.018861512681312174, -0.050406578626428, 6.134195636943211e-07, -0.006293677525353244, -9.746599841241339e-05, 0.40671127611910457, -2.1090116909455356, 173960000000, 
-0.07029509281188505, -0.012960534418035486, -0.059392267647143504, 9.293482633130613e-08, -0.006423861826304339, -1.4467127227232366e-05, 0.4067246419817854, -2.1090116173837252, 174060000000, 
-0.04394918865079893, 0.006896971402432045, -0.05202064264468643, 1.7963889632982447e-07, -0.006321353835789244, -2.8417788498529113e-05, 0.406714162576361, -2.1090116728232386, 174160000000, 
-0.0455547429163464, -0.020427953281592633, -0.04881671485806754, -2.685485568393677e-07, -0.006030712351054232, 4.453015518016252e-05, 0.4066860973616908, -2.1090118351570437, 174260000000, 
-0.08733770270195879, 0.04799065429439695, -0.06642662282937715, 7.206548183129038e-07, -0.006540784357680835, -0.00011017865425675435, 0.4067378687496067, -2.109011530186852, 174360000000, 
-0.05809850259259014, -0.0007535254759886848, -0.06233040506371044, 3.921016775386763e-07, -0.006886194418095624, -5.6940256654431195e-05, 0.40677256018844377, -2.109011334887629, 174460000000, 
-0.041900745943960344, 0.013895624956224583, -0.05263937069476092, 4.96019398805927e-07, -0.006627463378265246, -7.484302371743339e-05, 0.4067468375892041, -2.1090114743970565, 174560000000, 
-0.05864250263013853, -0.006015851701923495, -0.05519444239263568, 1.4038443812186292e-07, -0.0064590630812397, -2.1734489407544024e-05, 0.40673073471456384, -2.1090115646727656, 174656000000, 
-0.07705300661972724, 0.015041666507519147, -0.06507891585720513, 3.85613558897136e-07, -0.006809657435388186, -5.662745337132426e-05, 0.40676525833115174, -2.1090113640049974, 174756000000, 
-0.017187521078709647, -0.00964559877828652, -0.04268536995602493, -4.711728274813562e-10, -0.0062216586130756655, 7.57310641395724e-08, 0.40670705578887034, -2.10901169320773, 174856000000, 
-0.043241321169907865, -0.004245915298379659, -0.04274765120336248, -6.880804647608458e-08, -0.0056108548937973774, 1.2263380140546798e-05, 0.40664663951309604, -2.1090120319216705, 174956000000, 
-0.05497641345800607, -0.0171766708184801, -0.04821871553364799, -2.8175855046374713e-07, -0.005505592679842173, 5.1176788194913145e-05, 0.4066364406703225, -2.109012091885771, 175056000000, 
-0.06383786304040005, -0.03292837109617283, -0.05524868410080268, -6.47651635138541e-07, -0.005813767003536661, 0.00011139965443137955, 0.40666640501313467, -2.1090119297588337, 175156000000, 
-0.08047799716462689, -0.008035319389765174, -0.06670266838572994, -5.316968962606049e-07, -0.006542186209315487, 8.127205176512955e-05, 0.40673818595044636, -2.1090115286668887, 175256000000, 
-0.0622990454160422, 0.010582551081267922, -0.06442163637677668, -7.982116882120702e-08, -0.0069599820279060915, 1.1468588352838202e-05, 0.40678262629171996, -2.109011277956421, 175357000000, 
-0.04989038274718083, 0.010599733286945153, -0.05745398410787136, 1.9306530900790096e-07, -0.006876216404520543, -2.8077259011362192e-05, 0.40677568986860463, -2.1090113163640836, 175457000000, 
-0.0799867503144649, 0.0007255872682657967, -0.067636357940293, 1.2581718595599397e-07, -0.00718940717293303, -1.7500356139192615e-05, 0.40680325820158997, -2.1090111625775574, 175557000000, 
-0.039532369459924485, 0.003888341374936868, -0.054378094894855886, 1.5558080846259827e-07, -0.0069592437126932884, -2.2355993680581583e-05, 0.40677825752514307, -2.10901130243748, 175658000000, 
-0.06120482533228715, -0.017178821356472085, -0.05730758306555553, -2.906015504532144e-07, -0.006705345608010002, 4.3338787803282e-05, 0.40676101806505105, -2.109011404602975, 175753000000, 
-0.08483445720402871, 0.008555462608794069, -0.06980617346250928, 2.3065169921402363e-08, -0.007147558297421073, -3.226999901452299e-06, 0.406804954311714, -2.109011154186472, 175858000000, 
-0.07532230563593949, 0.004719990828807016, -0.0720941722679408, 1.3237952856220907e-07, -0.007650130926337551, -1.7304217383582075e-05, 0.40685437713757194, -2.1090108746917173, 175939000000, 
-0.05518485077117043, -0.008721893494134185, -0.06399734728503768, -1.6429379208678434e-07, -0.007637692432902974, 2.1510920154235473e-05, 0.4068512902410142, -2.109010895294725, 176050000000, 
-0.02779747975072802, -0.0035264640538099244, -0.04699827132349615, -1.6419242411040976e-07, -0.006807972804625584, 2.411766744997152e-05, 0.4067713439344245, -2.1090113469195564, 176150000000, 
-0.07438624955631319, 0.004745519626485674, -0.05944924119907967, 1.3463802143759666e-08, -0.006654691485869759, -2.023204557618942e-06, 0.40675564861061136, -2.109011434308561, 176250000000, 
-0.052233928260867965, 0.010630959997016552, -0.0558771266406801, 2.235703970139198e-07, -0.00660958756383725, -3.382516607195444e-05, 0.4067494273733854, -2.1090114668519506, 176350000000, 
-0.07906451359896012, 0.018244331398484602, -0.06637273224572061, 5.145180852717053e-07, -0.006939918664407113, -7.413892152807546e-05, 0.4067840033598594, -2.1090112671018186, 176450000000, 
-0.035324511483776425, -0.008773403293600724, -0.05176215487199345, 7.78555909129663e-08, -0.006685281672403554, -1.1645820584396549e-05, 0.40675751094136053, -2.109011418785914, 176550000000, 
-0.08383104864236988, -0.016345898590338363, -0.06637155381941529, -3.0650134458972917e-07, -0.006920577496547344, 4.428840580755606e-05, 0.4067831971759224, -2.1090112769827067, 176645000000, 
-0.05775705616412822, -0.012359100090831535, -0.06213596991155937, -4.49282295651108e-07, -0.007080797154248458, 6.345080728397083e-05, 0.4067992636364711, -2.1090111891980117, 176750000000, 
-0.050604374292787635, 0.026151915777653193, -0.05655525874035686, 3.5555794333614735e-07, -0.00689721296820305, -5.155095905771079e-05, 0.4067797651405937, -2.1090112912734953, 176850000000, 
-0.07177708520934782, 0.005640393694588006, -0.06336051340592029, 3.1926882159300807e-07, -0.0069870876608162085, -4.5694119938336674e-05, 0.40678959431552053, -2.109011235440865, 176945000000, 
-0.06279874743095726, -0.037883341439155976, -0.0628533869826526, -6.953285569000003e-07, -0.007097987451995745, 9.796136744430204e-05, 0.40680216095024385, -2.1090111758728343, 177045000000, 
-0.06209204442747296, 0.008885706123420689, -0.062253264702858316, -1.6621252694621628e-07, -0.007124859815917694, 2.3328532945291052e-05, 0.4068059743644687, -2.1090111507239344, 177150000000, 
-0.04564346080082857, 0.021834450128390526, -0.05432407896066149, 4.066165032428664e-07, -0.0068247112468099985, -5.9580030354094e-05, 0.4067753778437864, -2.1090113174571856, 177235000000, 
-0.03896872916831575, -0.02098154061438563, -0.04699479664206671, -2.150009957019846e-07, -0.006267318140041328, 3.430510321924823e-05, 0.4067190183236517, -2.1090116423489365, 177337000000, 
-0.06512431618359198, 0.02567308943240462, -0.055170331337915775, 3.4976752185413066e-07, -0.00623459397010425, -5.610109070956583e-05, 0.4067111956060126, -2.1090116793088027, 177442000000, 
-0.10117089706266727, 0.02181054720555564, -0.07622688344128666, 6.592563192291329e-07, -0.007077420764685358, -9.314923347763422e-05, 0.40680403785008057, -2.1090111509139815, 177542000000, 
-0.04245935483149009, 0.015176807343390093, -0.06033953441687304, 7.215047832157652e-07, -0.007224933687233332, -9.986317030019046e-05, 0.406817358686825, -2.1090110710005927, 177642000000, 
-0.06698420919529871, 0.005855639661339396, -0.06316677290468997, 5.272259289154371e-07, -0.007194681377823285, -7.327995518196898e-05, 0.4068149735644003, -2.1090110802291235, 177732000000, 
-0.040498735382513334, 0.02658582884021533, -0.05243307564427272, 8.700048039111338e-07, -0.006800743113282379, -0.00012792790279226207, 0.4067742095977014, -2.1090112984622467, 177830000000, 
-0.054643808820597585, -0.032942471727497015, -0.05323051323578862, -2.2796406911179662e-07, -0.006480704317594538, 3.5175817000768634e-05, 0.4067414149894254, -2.109011489311582, 177931000000, 
-0.014559035915854175, 0.006990722235891722, -0.035128283564419174, 1.1414092179202471e-08, -0.005587203756954545, -2.042898858842411e-06, 0.4066523527345663, -2.109011983789687, 178031000000, 
-0.039182589835058235, 0.041243239711812436, -0.03683445462707093, 5.323467100042528e-07, -0.004928592174001405, -0.0001080119212972035, 0.4065882443931576, -2.1090123327088155, 178131000000, 
-0.07613828650768933, 0.006756592552365863, -0.05484830813088328, 3.923081487592025e-07, -0.005338293114871175, -7.34894357273729e-05, 0.40662823460850633, -2.1090121069503467, 178231000000, 
-0.0451882799945912, -0.012542666756515218, -0.05018021947310066, 4.675513529808333e-08, -0.005596684651259724, -8.354077138785995e-06, 0.40665509577153447, -2.109011957866062, 178331000000, 
-0.08205428333692444, 0.00031786701718310384, -0.06472163994588624, 3.331279237042352e-08, -0.006264054768770469, -5.318087660488683e-06, 0.4067219091507908, -2.1090115822302526, 178431000000, 
-0.07431771504537767, -0.015295646996779584, -0.06892225252970068, -2.9037733907964547e-07, -0.00698056387877822, 4.1597977487524843e-05, 0.406793835653686, -2.109011182979966, 178521000000, 
-0.07329646970827874, -0.02537201656949697, -0.07068709015365388, -7.824539743683761e-07, -0.007489748525737401, 0.00010446999277473604, 0.4068450781519982, -2.1090109033252453, 178621000000, 
-0.056818409813271145, -0.010425107593258338, -0.0640042695371578, -6.924580105564358e-07, -0.007506555915074675, 9.224709952081231e-05, 0.40684815029997345, -2.109010890005479, 178721000000, 
-0.06540142953635845, -0.022754828301876393, -0.06438829743541462, -9.638701085930035e-07, -0.007495806235748396, 0.00012858791680022246, 0.4068415780387171, -2.109010936678034, 178826000000, 
-0.07952359037554285, 0.003880286346615863, -0.07112816364658002, -4.2881325450425463e-07, -0.007713675361418888, 5.559130173523103e-05, 0.40686679568133893, -2.109010797423787, 178926000000, 
-0.08549213938915257, 0.00525059755794956, -0.07749698712679166, -8.981798873565254e-08, -0.008156961537982007, 1.1011206601554366e-05, 0.406914927733121, -2.1090105298990887, 179021000000, 
-0.029696388079036146, 0.0027814786072625363, -0.05509657233192879, 3.652530720460011e-08, -0.00762098095259962, -4.792730415123374e-06, 0.40685885217687134, -2.1090108457396184, 179126000000, 
-0.051622843109352744, 0.00276010077841928, -0.05324575096125809, 8.48955094222166e-08, -0.006950715626605755, -1.2213923570294825e-05, 0.40679182860818186, -2.109011223046261, 179221000000, 
-0.05880908877380441, -0.010912684394315027, -0.05559072191042518, -1.9003978331545567e-07, -0.006650033866691769, 2.8577265488423124e-05, 0.4067635594589016, -2.109011386231774, 179326000000, 
-0.06891701026693056, 0.010157471751305047, -0.061525684459757674, 1.0891276081665105e-07, -0.006773372302850767, -1.6079547372704142e-05, 0.40677513137309657, -2.109011318495853, 179426000000, 
-0.04847752324564887, 0.020823250328846375, -0.05525151204273662, 4.933038604384886e-07, -0.006663199443347161, -7.403408297061037e-05, 0.4067640439264028, -2.109011375278117, 179521000000, 
-0.09325485458638634, -0.00811713924556971, -0.07259738009836564, 1.062304982745985e-07, -0.007225357031582715, -1.4702456613597779e-05, 0.40681959748271607, -2.10901106547984, 179616000000, 
-0.03665531809617457, -0.01746991966400605, -0.05570784504851654, -3.5763637741269563e-07, -0.007064590335226087, 5.0623795640267686e-05, 0.40680473538413137, -2.109011153396775, 179721000000, 
-0.05581370732806818, -0.008973598620443562, -0.055522512630407916, -3.805520492114717e-07, -0.006743606246908811, 5.643153459410716e-05, 0.40677390133944535, -2.1090113283682985, 179816000000, 
-0.05088630443970415, 0.006366621715762858, -0.05314955094863935, -6.721272995510714e-08, -0.0064882129647341165, 1.0359205272766735e-05, 0.40674726928518834, -2.109011476425135, 179921000000, 
-0.04170948270027425, -0.008279044603068183, -0.04763978319312658, -1.8488083417605186e-07, -0.006092740215128658, 3.0344447268075058e-05, 0.40670791093019787, -2.109011700849703, 180016000000, 
-0.03791519417965629, 0.01110541890112686, -0.04294148869585217, 8.452464262921487e-08, -0.005611167827309137, -1.5063645435418936e-05, 0.4066611259115105, -2.1090119617638483, 180116000000, 
-0.05397107135848672, -0.012114104789335875, -0.04785745937146525, -1.290773156058114e-07, -0.005495895436316303, 2.3486130167776116e-05, 0.4066495776848078, -2.1090120301324395, 180216000000, 
-0.0569640050342112, -0.007395909049827977, -0.05187664320810981, -1.7723658073137322e-07, -0.005668070589457702, 3.1269296656436044e-05, 0.4066660873473131, -2.1090119389122357, 180311000000, 
-0.06467965607199759, -0.016163689170576805, -0.0575927546593735, -3.5840729364119925e-07, -0.0060602016076746305, 5.914115021970767e-05, 0.40670350789755105, -2.1090117321156416, 180408000000, 
-0.06326271325140509, -0.016836461760277567, -0.05999676449680211, -5.053583947726355e-07, -0.006390676837686275, 7.907744478526926e-05, 0.40674108267790404, -2.1090115250693224, 180509000000, 
-0.04965692338720481, -0.0386122050383098, -0.054985363001349485, -1.007370972872544e-06, -0.0064263612884710684, 0.00015675604399643288, 0.40674408005630514, -2.1090115187581335, 180614000000, 
-0.0829866249927671, 0.004258419925436766, -0.06771215488973667, -4.916656205139468e-07, -0.006887066570304943, 7.138970060691267e-05, 0.4067902909080966, -2.10901125966002, 180716000000, 
-0.07329404305603936, -0.00023677422978839126, -0.07003911587943118, -2.88783115204061e-07, -0.007401859499002417, 3.901494148098618e-05, 0.40684132539282786, -2.109010975044496, 180811000000, 
-0.05021409960784385, -0.011403963383128072, -0.0606034580078626, -4.3925091886033037e-07, -0.007329230115667867, 5.9931385961171205e-05, 0.40683386608182487, -2.1090110237818434, 180911000000, 
-0.05020201965287606, 0.02295871596227628, -0.055544365771052095, 3.185824520243348e-07, -0.006958887540621515, -4.578065821076359e-05, 0.4067972194959375, -2.109011226345814, 181011000000, 
-0.07559747885477738, -0.01693002653584321, -0.06458451942199324, -2.1081380537783197e-07, -0.007055650693275245, 2.9878719134828917e-05, 0.4068074167897924, -2.1090111763226034, 181111000000, 
-0.060668065547898525, -0.02166215988775261, -0.06252229023128607, -6.205288690075993e-07, -0.00714216692217946, 8.688243718871843e-05, 0.40681679253182185, -2.1090111301982444, 181206000000, 
-0.051771828532779916, 0.02113494167278675, -0.057301782743535895, 1.616493665160461e-07, -0.006954343794332032, -2.3244373775106497e-05, 0.40679831629545704, -2.109011229000529, 181306000000, 
-0.06005891642621145, 0.02778807212344566, -0.05834125547313438, 6.949297021792331e-07, -0.006820240513179793, -0.00010189225744111432, 0.40678598333399224, -2.1090112925293254, 181406000000, 
-0.048544163545194294, 0.00843289444397374, -0.05357567266058857, 5.35611620554248e-07, -0.006577069536139907, -8.143621070313319e-05, 0.4067615455283494, -2.1090114294347093, 181506000000, 
-0.045960037469592874, 0.024569242144910703, -0.04983236906139243, 7.391868643931513e-07, -0.006230516251972298, -0.00011863974580905048, 0.40672725967086004, -2.109011615886265, 181606000000, 
-0.0577085539780046, 0.02321536953970707, -0.0532654992355128, 8.039390851692768e-07, -0.006143257648370476, -0.000130865272333568, 0.4067174212873998, -2.109011663804659, 181706000000, 
-0.043801533191278115, -0.010229756566170436, -0.048675590472011816, 2.4488388497547375e-07, -0.005950367539641947, -4.11544132936382e-05, 0.4066986457168301, -2.109011770113157, 181806000000, 
-0.07295767502089846, -0.012059705513229166, -0.05970300946207707, -6.827293894714882e-08, -0.006224300169353989, 1.0968773531086753e-05, 0.4067272034426813, -2.1090116076130023, 181906000000, 
-0.06452247715926766, 0.01448761723658603, -0.06170173305001886, 2.377830797081306e-07, -0.006638866401830681, -3.581681951644055e-05, 0.40676524620484916, -2.1090113870310616, 182006000000, 
-0.07039454081040365, -0.032534475633673336, -0.0654854754906289, -5.635259745998714e-07, -0.006969777397142537, 8.085279378232442e-05, 0.4068039215553915, -2.1090111762629165, 182106000000, 
-0.043566337999374316, 0.0264264072595476, -0.055097759579226885, 2.85564494486295e-07, -0.006819999211045006, -4.187163160133839e-05, 0.4067878614209169, -2.1090112581429374, 182206000000, 
