imu_ax, imu_ay, kf_ax, kf_ay, kf_vx, kf_w, kf_x, kf_y, stamp, 
-0.03842731981269248, 0.020654813939540276, -0.017070056869372845, 2.7036751580783944e-10, -0.0005565314213529953, -4.85808178001061e-07, -1.9999216434725116, -0.5000005334232718, 1169000000, 
-0.035606656796579386, 0.00023079240065472365, -0.02551064446410427, 1.4981815176091009e-09, -0.001610352171750532, -9.303440228111743e-07, -1.9998880059772344, -0.5000005334104044, 1249000000, 
-0.01563744209193046, 0.0019957957875264484, -0.020768118048758714, 8.246107274499963e-09, -0.003332187562619519, -2.474682808076231e-06, -1.9997862434060774, -0.5000005333523262, 1349000000, 
-0.03565818281217721, -0.022041783844010107, -0.027359610967571186, -1.4460690725553756e-07, -0.0045205446699956246, 3.198882387234048e-05, -1.999762292907436, -0.5000005353098265, 1449000000, 
-0.05705714976211601, -0.027598408816804865, -0.040893646713942806, -3.4331454414457205e-07, -0.0045769195381577844, 7.500995839720541e-05, -1.999609804035383, -0.5000005403410398, 1546000000, 
-0.043301344577939854, 0.011482754156758557, -0.04183431888189688, -7.384912535980803e-08, -0.004668937726397827, 1.5817115088571554e-05, -1.9995177613968849, -0.5000005387158484, 1646000000, 
-0.03698774871036673, 0.015397777952584077, -0.03942522669382246, 1.1410881266304721e-07, -0.0046199315202823865, -2.4699243303085255e-05, -1.999478234451267, -0.5000005370776797, 1746000000, 
-0.050615977061377514, 0.001698945796183341, -0.04443766770893366, 7.871991046671109e-08, -0.004747224428038457, -1.6582302282101712e-05, -1.9994301513550705, -0.5000005374687376, 1846000000, 
-0.048377445105767185, 0.01360181698815957, -0.04608585352901216, 1.8873239214951047e-07, -0.004926287807410482, -3.8311280121637515e-05, -1.9993857965521706, -0.5000005352156709, 1942000000, 
-0.058739985272753044, -0.007292010890880733, -0.0517567382176027, 1.6851048140152188e-08, -0.00525216186742268, -3.208402285670847e-06, -1.9993272499347305, -0.5000005358361503, 2043000000, 
-0.0693417068017433, -0.01775292530682377, -0.05969315801817622, -2.447395867683483e-07, -0.005847078080411827, 4.1856733124232634e-05, -1.9992517481742533, -0.5000005377318476, 2138000000, 
-0.06077415880676134, -0.024107470746421226, -0.0599732064500343, -5.561047486109153e-07, -0.0063437331280511286, 8.76620654409145e-05, -1.999201746579729, -0.5000005418416191, 2239000000, 
-0.07025388674790374, 0.021666440789148977, -0.06449998134683022, 1.178775600393111e-07, -0.00683098423513803, -1.7256306848573662e-05, -1.9991618329754508, -0.5000005369563115, 2334000000, 
-0.01779210480476749, -0.0014942202444319095, -0.04265633045473367, 3.2656231535608475e-08, -0.006281617796476593, -5.19869762753245e-06, -1.999228793942088, -0.5000005395712442, 2434000000, 
-0.06632415182194029, 0.02321663036797227, -0.05340417603540885, 4.3261975686385463e-07, -0.006134766977028327, -7.051934629038103e-05, -1.999254221083846, -0.500000534939552, 2534000000, 
-0.030952720590301512, -0.01261034403657789, -0.04281203593834955, 1.3554711625158204e-08, -0.00569728842472428, -2.3791513812668143e-06, -1.9992962779739587, -0.5000005388025777, 2634000000, 
-0.05741210168564624, 0.003205970324630856, -0.0493763732023868, 5.453083206745486e-08, -0.005616585198409865, -9.708894308750682e-06, -1.9993069077988284, -0.5000005372957358, 2734000000, 
-0.04784608988661105, 0.008172401743051831, -0.04847186172288294, 1.4650398350292257e-07, -0.005579938379413941, -2.6255484118502013e-05, -1.9993042794916127, -0.5000005351635821, 2834000000, 
-0.011524743049630339, -0.007479399872319919, -0.031191519682923406, -2.7440624056624718e-08, -0.004837008548232158, 5.673056762873364e-06, -1.999368918871303, -0.5000005370962274, 2934000000, 
-0.06293349455477475, 0.0020156369378051477, -0.04571957905385789, 4.443708663976606e-09, -0.004784403115227894, -9.287906050042233e-07, -1.9993623966903271, -0.5000005360956312, 3039000000, 
-0.09707329540417359, 0.032555944600003044, -0.069291060834967, 4.3132036896580723e-07, -0.00594548578436697, -7.254585825432781e-05, -1.999243737824757, -0.5000005300081546, 3134000000, 
-0.019431744004690242, -0.003258083221296693, -0.04599717065122456, 1.815635901246799e-07, -0.005980867235987202, -3.0357401855069106e-05, -1.9992466169139789, -0.500000530850309, 3234000000, 
-0.03680697005276873, -0.014741993731174869, -0.041551350807572066, -1.3313780785575503e-07, -0.005530197398490983, 2.407469358907227e-05, -1.9993013882444255, -0.5000005328576075, 3339000000, 
-0.04517429585935719, -0.01240003843373533, -0.04304560570254643, -2.3564481117127172e-07, -0.005278345869006029, 4.4643685165641914e-05, -1.999332625552046, -0.5000005342260804, 3439000000, 
-0.06550051649675541, -0.007190666001239301, -0.05296209329267207, -3.351500919785648e-07, -0.008039857535661478, 4.168607347729457e-05, -1.9992203340692576, -0.500000535482909, 3539000000, 
-0.05256107517319118, -0.031199019061827163, -0.05247973465541638, -9.786792659358044e-07, -0.007043141576671281, 0.00013895493300566966, -1.9991327984764768, -0.500000552616829, 3629000000, 
-0.05374871454574444, 0.013613526627581122, -0.052824338071815864, -1.9926930876143126e-07, -0.0065463023510161054, 3.0439979407688222e-05, -1.9990877684871176, -0.5000005485445622, 3724000000, 
-0.07515215508111103, -0.009568345602616444, -0.06292449947252723, -3.048992128321421e-07, -0.006734306352853772, 4.527551864386688e-05, -1.9990141754671515, -0.5000005546107056, 3829000000, 
-0.07848371703599777, 0.0023469253884254365, -0.06987650887587343, -1.2101734915310298e-07, -0.007278594281204155, 1.6626472705809635e-05, -1.998935677045478, -0.500000554653138, 3929000000, 
-0.08028070577513281, 0.0250279655813696, -0.07442213061014182, 5.934539938675477e-07, -0.007838317091154618, -7.571191455589982e-05, -1.9988673319731136, -0.5000005463839065, 4024000000, 
-0.06596989225901312, 0.01065581637713981, -0.07022971115300468, 6.343908665164841e-07, -0.00799994342230955, -7.92994191368091e-05, -1.9988430488824342, -0.5000005431210954, 4129000000, 
-0.04716730971494379, 0.0047765632444085986, -0.059284161855527845, 4.5543651703900616e-07, -0.007584824781690887, -6.0045753217449483e-05, -1.9988788267241908, -0.5000005416102955, 4229000000, 
-0.03952002989940536, -0.011495591291036224, -0.04989306823362406, -5.697347201589254e-08, -0.006822285857060402, 8.351082497801019e-06, -1.998947743957805, -0.5000005457644221, 4329000000, 
-0.07930021497944093, -0.004253404792573047, -0.06327119351269911, -1.2269723570063903e-07, -0.006860822859893405, 1.7883749253736797e-05, -1.998942554965543, -0.5000005447567354, 4429000000, 
-0.060387774471483746, -0.010943573006320895, -0.06169414356824759, -3.0896407426510256e-07, -0.006996318083740155, 4.416095302801524e-05, -1.9989304737523248, -0.5000005469937064, 4529000000, 
-0.03418982277963235, -0.0014025999007793123, -0.048730885077983954, -1.8366296115062203e-07, -0.006542314912389868, 2.8073084773525683e-05, -1.9989800330161702, -0.5000005481460439, 4629000000, 
-0.04155723290049093, 0.004602649273844268, -0.04520141219385437, -6.840562214528117e-09, -0.005955110670798368, 1.14868767226639e-06, -1.999036669565368, -0.5000005486283472, 4729000000, 
-0.048947723242035834, 0.01003580120942234, -0.046738034513882476, 1.52456230230966e-07, -0.005653222476821493, -2.696802237238044e-05, -1.9990639671305739, -0.5000005476010836, 4834000000, 
-0.08806718666529476, 0.013747562772750176, -0.065656632377549, 3.167292380331609e-07, -0.0062786539694906955, -5.04454043131243e-05, -1.998999479461896, -0.5000005437552325, 4929000000, 
-0.052441602558790365, -0.012412599025618686, -0.05930687977169234, -5.918459920128419e-08, -0.006623689030111304, 8.935292543510251e-06, -1.9989661781595385, -0.5000005459697306, 5029000000, 
-0.06940640611046697, 0.060981522736578725, -0.06374416520191267, 1.2593754087207843e-06, -0.006901020030756437, -0.0001824911974038628, -1.9989399061991016, -0.5000005285042396, 5129000000, 
-0.07155749559875521, -0.005276608475538, -0.06711091840465094, 5.869893992798592e-07, -0.00723439063194212, -8.113874811903514e-05, -1.9989066228049874, -0.5000005289209879, 5231000000, 
-0.06396453469037476, -0.00570575307690185, -0.06539661419721132, 1.8031277166424263e-07, -0.007385592504243095, -2.4414124061224767e-05, -1.9988906884288347, -0.5000005272465158, 5326000000, 
-0.054614476146654566, 0.0016233575204570665, -0.06015167064450208, 1.3436538449148053e-07, -0.00722554335813035, -1.8595886541915143e-05, -1.9989043737978118, -0.5000005236029521, 5426000000, 
-0.04932262798253452, -0.0016241309774447455, -0.054897039836224626, 3.1121218058504084e-08, -0.006872343463406107, -4.528472452551087e-06, -1.9989393997863425, -0.5000005218880167, 5528000000, 
-0.030254691445537718, 0.004976112029822349, -0.0432720591552144, 1.1288582697565399e-07, -0.006150214623643651, -1.8354778472556065e-05, -1.999012276431648, -0.5000005185541188, 5623000000, 
-0.056723420633469496, -0.04347312634639909, -0.04929770137597499, -6.664420414068616e-07, -0.005850129533324789, 0.00011391919402989772, -1.9990428376824443, -0.5000005282898873, 5723000000, 
-0.06052204333655305, -0.01079298320218085, -0.0542873475944719, -5.396048555011101e-07, -0.0059737728293798335, 9.032898821449311e-05, -1.9990314990687377, -0.5000005299390072, 5823000000, 
-0.07209794759689717, 0.0019641320365255243, -0.06231119513898962, -2.7615752688796923e-07, -0.006414562069767091, 4.305165713331329e-05, -1.9989858476984863, -0.5000005310849555, 5928000000, 
-0.0647567924196823, -0.018591760642206166, -0.06320697227751414, -5.323107681197275e-07, -0.006791641169970216, 7.83773398502533e-05, -1.9989465906131525, -0.5000005378321998, 6023000000, 
-0.0727502042589047, 0.0013524270167751616, -0.06737557682393835, -2.714623551031937e-07, -0.007185092356234831, 3.778133135166084e-05, -1.9989074914229545, -0.5000005393437168, 6123000000, 
-0.05206152873375, 0.036327815303544224, -0.06003595555394202, 7.19967630476892e-07, -0.007147175809355697, -0.00010073456280933373, -1.9989107780912592, -0.5000005304831107, 6224000000, 
-0.05928223063033989, -0.003562469753099801, -0.0594363225871859, 3.0023447737834894e-07, -0.007089839362854884, -4.2347148082273724e-05, -1.998926717627044, -0.5000005336736151, 6324000000, 
-0.03477730333570189, 0.027249341355440337, -0.04779646478031748, 7.227313486656777e-07, -0.00643667766254617, -0.00011228329062850498, -1.9989795818107807, -0.500000525056354, 6424000000, 
-0.021739362367748833, -0.0008315955182160989, -0.035539054002274195, 3.1813525804389327e-07, -0.005505232630619449, -5.778779561002796e-05, -1.9990736146926975, -0.500000525141921, 6519000000, 
-0.0679729991602241, -0.017221015182815706, -0.0503676061780348, -7.03256872606578e-08, -0.005448680221620832, 1.2906921382833116e-05, -1.999080681671188, -0.5000005262867745, 6609000000, 
-0.04520807121958617, -0.01884075825289605, -0.04778678632615216, -2.99603111543113e-07, -0.005500687345840516, 5.446648622370175e-05, -1.9990745514093782, -0.5000005283058742, 6706000000, 
-0.024213174296060486, 0.02652403520239605, -0.03669531910376527, 1.939419518268493e-07, -0.005047314328641482, -3.842478181442091e-05, -1.9991191631936955, -0.5000005221954451, 6816000000, 
-0.06694175180746738, -0.005900959553437277, -0.05051936935531528, 3.5940001080068244e-08, -0.00522416470817038, -6.879568904835553e-06, -1.999102545725971, -0.5000005234858392, 6916000000, 
-0.058918756673242575, -0.0498578220811112, -0.054212641878919256, -6.595427557745815e-07, -0.0056395110094175135, 0.0001169503445729958, -1.9990602331620146, -0.5000005320280854, 7016000000, 
-0.04741084715813146, -0.004469833757913243, -0.05086173929455929, -4.299935742704413e-07, -0.005776752655592897, 7.443517143738759e-05, -1.9990457415999683, -0.5000005326587593, 7116000000, 
-0.06688160433810475, -0.0037282639749748395, -0.05806640071109668, -3.0496884093700345e-07, -0.006109787475489111, 4.9914803446185264e-05, -1.9990132436930161, -0.500000535118386, 7216000000, 
-0.083345437705731, -0.006161088243720121, -0.06953495519743466, -3.015395844281486e-07, -0.006824619778052897, 4.418408559519481e-05, -1.9989400999919473, -0.5000005383166374, 7316000000, 
-0.0239823770663377, 0.01939967927423941, -0.04821459789067268, 2.453290412560959e-07, -0.006512021642808547, -3.767325336318889e-05, -1.9989713669012497, -0.5000005347043582, 7416000000, 
-0.05236021556749065, 0.01597734446869348, -0.04992081182407373, 4.196850592726551e-07, -0.006130719951741057, -6.84560806196129e-05, -1.9990094633252866, -0.5000005328878375, 7516000000, 
-0.0779485841981941, -0.001432472636336515, -0.0626732052184499, 2.1163835815211707e-07, -0.006473625241694012, -3.269240190010377e-05, -1.9989761957506142, -0.5000005331849047, 7616000000, 
-0.040748571723727894, 0.01372253369557736, -0.052298869878181296, 3.7479633210725923e-07, -0.006382664074076694, -5.872098668477655e-05, -1.998982711780581, -0.5000005289355083, 7716000000, 
-0.04252151518219303, 0.0052604173940160506, -0.04756092733189819, 2.8413331009403525e-07, -0.006031248381570435, -4.711019877116249e-05, -1.9990194017385288, -0.5000005269087225, 7816000000, 
-0.08165117739817646, -0.011267870066407386, -0.06312417021413685, -3.939323623969513e-08, -0.006393782773249311, 6.161178387935057e-06, -1.9989822852057009, -0.5000005276656606, 7916000000, 
-0.036518812839343606, -0.016196173921250244, -0.05058510435805981, -3.2248678472403694e-07, -0.0062938174963097955, 5.123866157751128e-05, -1.9989923275043042, -0.5000005305385617, 8016000000, 
-0.0675687939109789, 0.022416265518649704, -0.05822764949888394, 2.4162592597891573e-07, -0.006376121616629207, -3.7895438717596705e-05, -1.998983331785681, -0.5000005242638375, 8111000000, 
-0.04395916688325531, -0.018919712137704516, -0.05140357194106631, -2.2170219247002064e-07, -0.0062392090826291335, 3.55337013929012e-05, -1.9989954392690665, -0.5000005294800731, 8211000000, 
-0.0567609545654476, -0.004647939631681856, -0.05366778204576852, -2.011894324188537e-07, -0.006195715181727876, 3.247235008674907e-05, -1.99900233245195, -0.5000005302405561, 8316000000, 
-0.045708019682602144, -0.0015133399824612333, -0.04977242437439381, -1.308569948519884e-07, -0.006019040694804934, 2.17405067496772e-05, -1.9990179843559057, -0.5000005309310819, 8416000000, 
-0.078776209923614, 0.012562057984433186, -0.06297966124198107, 1.501373196746231e-07, -0.006414314080402117, -2.3406605568839078e-05, -1.9989785279391545, -0.5000005287225118, 8511000000, 
-0.0605165308469015, 0.007634583637921467, -0.06160423423585488, 2.3788475423125492e-07, -0.006742747482333682, -3.528009240365656e-05, -1.9989452011339561, -0.500000527369211, 8611000000, 
-0.08031791557251414, 0.04274586085932024, -0.07001865539419243, 1.102673296282105e-06, -0.007230340300061581, -0.00015250641747425268, -1.9988953393298754, -0.500000515580309, 8711000000, 
-0.06772542486627675, 0.0006375839469320991, -0.06869328562760477, 6.354258773687551e-07, -0.00756336439054701, -8.401365378652592e-05, -1.9988627558242436, -0.5000005147109371, 8811000000, 
-0.0397316141333512, 0.005199269901701151, -0.05503068822683567, 4.553233683781556e-07, -0.0071893402516213425, -6.333312271254249e-05, -1.998902205028606, -0.5000005098370984, 8911000000, 
-0.05984903780704194, -0.03195999687795482, -0.05702238700767418, -4.974222033340327e-07, -0.006868035234751058, 7.242569182190029e-05, -1.9989329344757105, -0.5000005162231679, 9016000000, 
-0.04831891707026139, -0.015627207991508737, -0.05276474414806197, -5.794305318049263e-07, -0.0065420901640099735, 8.856963405863003e-05, -1.998963487140569, -0.5000005176758474, 9116000000, 
-0.06596982726704322, 0.0035271658764375897, -0.05865137742626782, -2.4133562937128656e-07, -0.006556350884052005, 3.680944379568265e-05, -1.9989618513840561, -0.5000005164068007, 9201000000, 
-0.0327957809659004, 0.0038242203107526737, -0.046462216170163745, -5.0101405953479604e-08, -0.006175856618573985, 8.11246261818949e-06, -1.999002510635553, -0.5000005158774249, 9299000000, 
-0.051161470882550325, -0.015515231826305273, -0.048435011380933854, -2.850578765157092e-07, -0.005851460357200831, 4.8715681063260696e-05, -1.9990313254523275, -0.5000005206410915, 9406000000, 
-0.05411310710431784, 0.023547660180302913, -0.050862732765645645, 2.190332265754497e-07, -0.00580625642415689, -3.772365713373654e-05, -1.9990343814415832, -0.500000516029174, 9506000000, 
-0.06043187921221579, 0.0037472547719390554, -0.055084652657242876, 1.8224742070456e-07, -0.006002847861706574, -3.0360159861314254e-05, -1.999016040517226, -0.5000005165500754, 9606000000, 
-0.032020846166029335, -0.010652172412785398, -0.044205583711741214, -7.603085448754719e-08, -0.005716090480739965, 1.3301198562851434e-05, -1.9990440026845175, -0.5000005187084912, 9706000000, 
-0.07737449096263516, -0.007279994639129278, -0.05935492475296407, -1.5908848610239076e-07, -0.006031283764805886, 2.6377217903543782e-05, -1.9990125354049848, -0.5000005201008824, 9806000000, 
-0.07019574966378755, 0.00288834638380966, -0.06414461677059591, -3.9968082010546094e-08, -0.006600099730469089, 6.055678496195306e-06, -1.9989560544739895, -0.5000005199170664, 9901000000, 
-0.07242554550697711, -0.0006463279139445296, -0.06773238162090783, -3.6858975462918304e-08, -0.0070959938759471266, 5.19433586151434e-06, -1.9989049041676104, -0.5000005208934237, 10006000000, 
-0.04238918405857373, 0.018070541485394283, -0.0557555828022505, 3.927994786218079e-07, -0.0069334982663128465, -5.665242328396717e-05, -1.9989207177752695, -0.5000005157648344, 10106000000, 
-0.04613670034674134, 0.028118206004037832, -0.05107473737919717, 7.858277065908635e-07, -0.00650727971198937, -0.00012076132291393766, -1.9989640706135643, -0.5000005074158684, 10202000000, 
-0.051129171430619964, -0.006664962724617144, -0.05088411666196391, 2.773889073751848e-07, -0.006199587508053813, -4.4743123153731125e-05, -1.9989937490084675, -0.5000005080775101, 10302000000, 
-0.07998353538957596, -0.0070715563386372585, -0.06412963435187366, 2.4506519708583074e-08, -0.006575357637710129, -3.727024605937249e-06, -1.9989565971309875, -0.5000005078916594, 10402000000, 
-0.07473848265896718, -0.00385965937883203, -0.06883729228902902, -6.414421194054138e-08, -0.006596356919786429, 9.724187566038829e-06, -1.998899120451982, -0.500000508302498, 10502000000, 
-0.036984081165364426, -0.018405135313291233, -0.029595404550955676, -2.374843614676592e-06, -0.038653647560081855, 6.14390559386464e-05, -1.9647227727083691, -0.50000148997646, 13114000000, 
-0.05633689952570844, 0.01706548257198872, -0.038987089523395795, 5.582758336868993e-06, -0.0204883136904473, -0.00027248500883076386, -1.9581288099748744, -0.5000007612987684, 13119000000, 
6.579386330419922, -0.009566280973490039, 2.9523948598142185, -7.87882768219736e-06, 0.17529201265364955, -4.4946872153066834e-05, -2.376889473415747, -0.499990123134797, 13189000000, 
3.4786003280930804, -0.02909181872983103, 3.1861926058224417, -0.09913643203958679, 0.3020210131395049, -0.3282434920970059, -2.4114053929639296, -0.5010224962589801, 13294000000, 
-0.059911292404697884, -0.11047387937114347, 1.678001700811536, -0.1849693209001689, 0.30434002675493926, -0.6077719150925551, -2.35112011648873, -0.5045370132716952, 13394000000, 
-0.021340518744861432, -0.09027467674948525, 0.8846637746852953, -0.18062747400046184, 0.24025306741362468, -0.7518217184278019, -2.326255530865359, -0.5088884935924013, 13489000000, 
-0.029784272682963173, -0.09324635475049396, 0.45789165009132055, -0.08048762125311114, 0.22570874974086072, -0.35659947319508023, -2.302603054464073, -0.5121404741369937, 13589000000, 
-0.22309463602627036, -0.0018678968823555644, 0.13969599134077887, -0.024332778749342004, 0.18818251073165096, -0.12930414550606484, -2.282316218279158, -0.5167346128104661, 13694000000, 
-0.05582265332140531, -0.03598273396615617, 0.04737688479653161, -0.0486118913973241, 0.14860322234604242, -0.3271254191522498, -2.2701795685098825, -0.5215800382155038, 13794000000, 
-0.002290051816959328, -0.03918808238787766, 0.023357252823874068, -0.05116334288773018, 0.12567983222533358, -0.40709270518438095, -2.2591960474643833, -0.525947007148413, 13894000000, 
-0.07904078333443555, -0.010848436963315874, -0.024783508819398295, -0.048267379463310306, 0.10620137832820278, -0.4544891998872716, -2.249579168319427, -0.5300996692522822, 13995000000, 
-0.05427311754846832, -0.01831976970366292, -0.03854376115881829, -0.02179861342657589, 0.1026838647135743, -0.21228859555861868, -2.2389414765755142, -0.5344410920197381, 14095000000, 
-0.02626456417226139, -0.020751503960416896, -0.03286597115349457, -0.026414001782470893, 0.09849728726070059, -0.26816984017599244, -2.2300174149448173, -0.5389289279481813, 14190000000, 
-0.05773863013718876, -0.07725326312736328, -0.04409027831281592, -0.047575278934641155, 0.10001741803571104, -0.4756699369869205, -2.221411075636157, -0.5438128620071558, 14285000000, 
-0.16328061151285722, 0.06629490179998446, -0.10003341493805065, -0.03675583587489531, 0.07281534094266429, -0.5047814842182408, -2.214655717129181, -0.5479271847131911, 14375000000, 
-0.12544202526311848, 0.006106083371548886, -0.11146743209117038, -0.03596910025515613, 0.06987714995485762, -0.5147476718554358, -2.2078774510576165, -0.5523682943045103, 14480000000, 
-0.11752634864132422, -0.032155541209735905, -0.11355899300429274, -0.040040041803632444, 0.07550550295474193, -0.5302930281470012, -2.2008392058497717, -0.5574730282990435, 14580000000, 
-0.052348760101983076, -0.06436967989010954, -0.0843734058479603, -0.04495648330369898, 0.0863301192826049, -0.5207508535524229, -2.1933525264527374, -0.5634982622145899, 14680000000, 
-0.03924849187924964, -0.04706845990824053, -0.06306567251827862, -0.04560051815138502, 0.08935306829259931, -0.510340820105468, -2.1862216255860285, -0.5699431161171928, 14780000000, 
-0.05490572087543824, -0.08485715530603793, -0.05862626509721473, -0.049966939555564735, 0.0990589105784816, -0.504416404983349, -2.1787746532997656, -0.5773587479993081, 14875000000, 
0.002349557655632573, -0.14008952456315443, -0.0295162019646928, -0.05838218269800614, 0.11619377223703947, -0.5024553517283559, -2.1707662612606207, -0.5861854058998494, 14980000000, 
-0.018850106460414868, -0.20824796281232474, -0.0235183853803374, -0.07025253184764503, 0.13878102862044536, -0.506211349966139, -2.1618237600548427, -0.5970838308997976, 15080000000, 
0.012380583571592167, -0.16139130767975762, -0.006734572020853823, -0.07189688481364209, 0.14147363978854183, -0.5081998662161029, -2.153450570707451, -0.6085946860858417, 15180000000, 
-0.035873747577080596, -0.18021831357305945, -0.01995808920888126, -0.07520826482954888, 0.14614401511648673, -0.5146174803641653, -2.1453736799802448, -0.6209453224541137, 15280000000, 
-0.035464766327702874, -0.07189282900011412, -0.027879080423131673, -0.06568807189295413, 0.1259274587204888, -0.521634221482677, -2.1389810064256167, -0.6321585526110443, 15375000000, 
-0.011557404153657679, -0.11948022339951865, -0.02023962942785928, -0.06785244612393548, 0.12539020671839599, -0.5411303474147703, -2.133255332632401, -0.6434165379986905, 15475000000, 
-0.06678826554623968, -0.08371646088483704, -0.04199226768053327, -0.06514784070863028, 0.11684307136342724, -0.5575669994671335, -2.1284236017935627, -0.6543856027344337, 15580000000, 
0.02648200145384351, -0.20127941454418158, -0.00926908378143429, -0.0798810422083845, 0.13879905640722928, -0.5755157439544664, -2.1233879813969807, -0.6674257519746115, 15676000000, 
0.010313693209756196, -0.20022653299721313, 0.0003101453515448535, -0.08776905916174446, 0.15058613635123083, -0.5828495324232885, -2.1188512729393554, -0.6816727750955922, 15776000000, 
-0.08454472726756838, -0.03168033200393559, -0.04025091484866023, -0.06764505033921646, 0.11792899577937861, -0.573608296179904, -2.1159674497751766, -0.69359550095138, 15876000000, 
-0.044797060455773446, -0.0777279729425276, -0.042446971818800354, -0.06371104385266069, 0.11164426532424215, -0.5706611411488829, -2.1137757557976564, -0.7050261643581657, 15976000000, 
-0.10185781614610433, 0.011033824867247867, -0.07069801011752797, -0.05028126181960729, 0.08791120101325056, -0.5719551233525813, -2.1126035876849882, -0.7144394329989909, 16076000000, 
0.011351397473569395, -0.18513970039451014, -0.031142518615309374, -0.07096616755812045, 0.12020791334141023, -0.5903618620894355, -2.1115470959180347, -0.7265907720947272, 16176000000, 
-0.059871032742270375, -0.133456395216829, -0.04407349096921402, -0.07409629298014977, 0.12482775472678125, -0.5935882860532838, -2.111293725658597, -0.7394316618293788, 16276000000, 
-0.11942919614221245, 0.012234687542374946, -0.0797022552306456, -0.030554124911632227, 0.10403516938607871, -0.29369034617749923, -2.1112694485841392, -0.7516901654636802, 16376000000, 
-0.09138731911043105, 0.04784906347084156, -0.08539563594013518, -0.020927873313254287, 0.08978682709101224, -0.2330840056530875, -2.1118634863669845, -0.7617782770757576, 16476000000, 
-0.026654819057787882, -0.21846008408722575, -0.05706797441010748, -0.0375749183790099, 0.10937386407203162, -0.3435456788311305, -2.1129863754929903, -0.7729326535085085, 16577000000, 
-0.07486946286453235, -0.043517951449265735, -0.06529887290539531, -0.03333113802679823, 0.10350125382972009, -0.32203607969459486, -2.1143358253880997, -0.7838625421283474, 16677000000, 
-0.09470444318950241, -0.05499734824575309, -0.07869665010541907, -0.0331337499463764, 0.10127112142091906, -0.3271786614138562, -2.1160379949392025, -0.7946221650640038, 16772000000, 
-0.05425608374551429, -0.07274869922319707, -0.06703419741196591, -0.03617563041030315, 0.10250426660392283, -0.35291828924630064, -2.1181309437329525, -0.805377423850811, 16862000000, 
-0.04830692305628225, -0.1267357570992708, -0.05771678786997755, -0.04066843756534965, 0.11218600882296181, -0.3625089972629973, -2.1207657757992706, -0.8169937933299793, 16964000000, 
-0.11389866605897073, 0.021994960433930594, -0.0841800002560019, -0.03338489210607492, 0.09357599262334869, -0.3567677047301218, -2.1234170068950013, -0.8267382133343911, 17069000000, 
-0.08200897855780119, -0.05652573115400925, -0.08274119101851016, -0.034318012400588106, 0.09582202742137771, -0.35814325081721055, -2.1264571708837785, -0.8367463686542135, 17169000000, 
-0.059507535717811574, -0.0905209844511846, -0.07139216771627091, -0.03663749765612501, 0.10268781512352856, -0.3567852486884821, -2.1300653648611854, -0.8473003997235635, 17269000000, 
-0.07965283332486377, 0.03274273948621826, -0.07553948794648538, -0.030544649118591012, 0.08747768805207137, -0.34917074054825514, -2.133486866473949, -0.8560631758472443, 17369000000, 
-0.07937822012222777, 0.01252422725534829, -0.07719453844616052, -0.02845993091236915, 0.08282750109080046, -0.34360484787739365, -2.137043523764211, -0.8644140532620138, 17469000000, 
-0.10590663747745735, 0.026754935252372568, -0.09033659821487378, -0.026286154520720275, 0.07787950667052897, -0.33752338252378067, -2.1407227859087317, -0.8723106172879024, 17569000000, 
-0.013391516525797661, -0.14755506041156374, -0.05345301536603661, -0.034889694599946404, 0.10207059123558589, -0.341819266231334, -2.145656228699231, -0.8821765576681219, 17669000000, 
-0.062105552243011744, 0.0200943660427671, -0.05770208392445314, -0.03032311151708214, 0.09054897213347107, -0.3348807921572565, -2.15030654868084, -0.890523365238379, 17769000000, 
-0.03421202814744629, -0.14468903524912669, -0.04586716417316822, -0.03648893289547447, 0.108931531495489, -0.3349712649269557, -2.156187767099084, -0.9004943627679264, 17869000000, 
-0.06452085110058131, 0.045969499178197384, -0.055033966577148465, -0.02953024585754721, 0.0908396576632446, -0.32508099014441455, -2.161399043530532, -0.908496878930292, 17970000000, 
-0.06622275874336307, 0.034594769027975585, -0.06029615593451101, -0.026689769289265763, 0.08299569030442701, -0.32158018315611414, -2.166455184585085, -0.9157870959973283, 18065000000, 
-0.05556871337265074, -0.1561300647319345, -0.056935728506709395, -0.034352946806968605, 0.10575304159668797, -0.32484121769264074, -2.173144580302925, -0.9249726739778742, 18170000000, 
-0.060898632934324584, -0.14431558096234343, -0.058114022868888754, -0.03792072062389816, 0.1159827123133014, -0.32695149016229075, -2.1807439337080705, -0.9346400574537738, 18265000000, 
-0.0704716980847306, -0.06746596793616183, -0.06381507022695343, -0.0356664779445007, 0.11030646428083304, -0.32333987112211465, -2.188262357080084, -0.9435162660268784, 18370000000, 
-0.07807594990350036, 0.016434451077273777, -0.07075057769704746, -0.029874816732970943, 0.09537516350203111, -0.3132347629719631, -2.195119886875286, -0.9510727662732448, 18470000000, 
-0.04138916068683258, -0.046820896929184806, -0.056847845819183514, -0.030343004032629455, 0.09683641503850401, -0.31334290948879606, -2.2022746678126, -0.9585296556295787, 18566000000, 
-0.06039611594151595, -0.070340957548574, -0.05808719275836179, -0.03209084552348833, 0.10082377921384889, -0.3182864773936228, -2.2099755625134763, -0.9660751662811804, 18671000000, 
-0.04763112724595487, -0.09839389928934603, -0.05276849538678608, -0.03445021713022989, 0.10707800877869814, -0.32173008746762705, -2.218293621837004, -0.9737270064864325, 18771000000, 
-0.030296033501397437, -0.10983268611751429, -0.04195553384627936, -0.03613904151894465, 0.11251555559235085, -0.32119151284181624, -2.2272494788371846, -0.9814450708997746, 18871000000, 
-0.0483076778393127, -0.07088246264455005, -0.0448232450360824, -0.03508367174178035, 0.10996276523094158, -0.3190504682935022, -2.236108662535749, -0.9885671680470467, 18971000000, 
-0.030971579249013538, -0.11738808089690042, -0.038031124161299244, -0.036922881047754465, 0.11519187240291784, -0.3205337345208324, -2.2456966729661576, -0.9958110161789315, 19066000000, 
-0.04222187956756978, -0.011314527999110122, -0.04030006079578685, -0.03270866308312955, 0.10322729669605529, -0.316860599182769, -2.2544459588891796, -1.0019288685872438, 19166000000, 
-0.04662241667533139, -0.09899120386250612, -0.04282036987496824, -0.034888277538038304, 0.10895788676630865, -0.32019965303536213, -2.2639271600917503, -1.0081890700356406, 19247000000, 
-0.04669239532090593, -0.14392785668072247, -0.043879035343766415, 0.004685019583092728, 0.12510102028809783, 0.03744989107445723, -2.2755130397792573, -1.0160336236965841, 19352000000, 
-0.13410563216546487, 0.1965191805376434, -0.0858770196964091, 0.01991668365632158, 0.1132713565531497, 0.17583159822912675, -2.285853676555232, -1.0227542646548782, 19457000000, 
0.019446094020265897, -0.2505829013520592, -0.03802319364445279, -0.003672776177468309, 0.0849495510902527, -0.04323479206577857, -2.2931106052410177, -1.0270837325339952, 19562000000, 
-0.029875491873623806, 0.0041180671688690685, -0.0339080891596235, -0.00864134772738131, 0.08995356985916213, -0.09606453352447084, -2.3011143169785524, -1.0321297731474315, 19657000000, 
-0.06345003406938406, -0.06595218195956037, -0.04721750594289892, -0.010956609855896991, 0.09481692705744427, -0.11555542028122251, -2.309593102193373, -1.0374187988584502, 19757000000, 
-0.05782568740696979, 0.0019989182452376433, -0.05196615017734544, -0.013341506852395511, 0.09379742984214448, -0.1422374458964225, -2.3180847348358453, -1.04256354041557, 19857000000, 
-0.04083295127477219, -0.025003559317406707, -0.04657049799527263, -0.01342748216438993, 0.0949815651933021, -0.14136935032669695, -2.326754917923913, -1.0476897957308804, 19957000000, 
-0.05469851619260604, -0.0016242243421114456, -0.050172010738507127, -0.011779786371405367, 0.09412438129013057, -0.1251512754712847, -2.3354069598484286, -1.0526627367736847, 20057000000, 
-0.061126700274321225, -0.04152732177183023, -0.054960329903311435, -0.01164079965500067, 0.09580392889106326, -0.1215064955033023, -2.3443536079830007, -1.0576463840151908, 20157000000, 
-0.05630422177703162, 0.021004535879291464, -0.05546925926414014, -0.010880375135581958, 0.09309471849587506, -0.11687424712567403, -2.3530750251037076, -1.0623606968693913, 20262000000, 
-0.07520609597055802, 0.026875741530812278, -0.06444174954116982, -0.010302511744895977, 0.09106267598477849, -0.11313649234970961, -2.361710699728207, -1.0669019408209515, 20357000000, 
-0.08260651015832629, -0.009508264546213008, -0.07255414272540686, -0.010405783556519279, 0.09148776304410298, -0.11373962167490118, -2.3705494261397666, -1.071422950035484, 20457000000, 
-0.041005928019553606, -0.038030904073822355, -0.05760944577770761, -0.010821256816357924, 0.0936613784980206, -0.11553595505309176, -2.379629550365799, -1.0759346398364753, 20557000000, 
-0.04630880476621244, -0.0032971784350430463, -0.05217116460681738, -0.010724937086792919, 0.09343523724428796, -0.11478471509364711, -2.388577441438515, -1.0802513246373926, 20657000000, 
-0.050791352056612046, -0.01630667921271628, -0.05129770217494819, -0.010827882352110497, 0.09409919757496643, -0.11506880644209745, -2.397661493487863, -1.0845064388596173, 20757000000, 
-0.05183769087421301, -0.04170857204545925, -0.05127237360399714, -0.011153472758401846, 0.0958189395412084, -0.11640154662330743, -2.4069396494489377, -1.0887228738852361, 20857000000, 
-0.05303383056788244, -0.0007882813886507366, -0.05193193697523479, -0.010905311030608652, 0.09454329976338993, -0.11534726477604416, -2.4161010589736316, -1.0927568436420112, 20957000000, 
-0.08749323320103225, -0.0049103535129865995, -0.0681865013403358, -0.010740789469833334, 0.09342270522499022, -0.1149697971597617, -2.4253507829495056, -1.0967066076108651, 21052000000, 
-0.05531747427996244, -0.03608197371186257, -0.06192909516337165, -0.010988071849078549, 0.09450633768510652, -0.11626809501062896, -2.434757893902973, -1.1005946565702738, 21157000000, 
-0.04136898595636772, -0.023332968516676145, -0.05217325982602662, -0.011074991839476833, 0.09488526946314664, -0.11671982281484009, -2.444167716089143, -1.1043545642016062, 21242000000, 
-0.06435802277314501, -0.05237297978982983, -0.05752262401749272, -0.011445202519850551, 0.09655783580740714, -0.11853209451254673, -2.4537872432357406, -1.1080706648704706, 21342000000, 
-0.07706620564145131, -0.006607329068107621, -0.06639457313862529, -0.011153806415359797, 0.09456283683064563, -0.11795126700074957, -2.4633158872266088, -1.1116215755310739, 21452000000, 
-0.06395649501923534, -0.026869602967021844, -0.06500384092449493, -0.011256595012878984, 0.09454051051603726, -0.11906636585138267, -2.472911999975586, -1.1150691224515785, 21552000000, 
-0.04605684025959378, -0.05225154399971042, -0.055926764474743554, -0.011683878940853057, 0.09629929503369122, -0.12132881073288584, -2.482634699343309, -1.1184310808993314, 21652000000, 
-0.0701130140372911, 0.019180145799760316, -0.06237837798031419, -0.011153569050270096, 0.09315666546882458, -0.1197291572657536, -2.492086774867701, -1.1215715689822336, 21752000000, 
-0.05021958917158994, -0.03902344398905974, -0.05644662736865976, -0.011587574329463751, 0.09483779113695716, -0.12218308957375339, -2.5017923645155045, -1.1246683856042894, 21852000000, 
-0.04814803155729057, -0.05832330005219791, -0.052298889652780206, -0.012159201848305285, 0.0970861141032849, -0.12524141027387026, -2.511684309443305, -1.1276909723048847, 21947000000, 
-0.04430269625828083, -0.03414336584030657, -0.04839462486627282, -0.012334279924923926, 0.09715759568856124, -0.1269512675515507, -2.521553847041228, -1.1305694335814527, 22047000000, 
-0.06592077227819974, -0.08971518245495211, -0.056127207387858195, 0.01178360993287913, 0.10187208646286657, 0.11567064484513506, -2.5321756779350277, -1.1338619767444482, 22147000000, 
-0.04339965423536339, -0.17119721435864832, -0.050584271798121486, 0.016213089541625317, 0.08814203924955467, 0.18394275512189528, -2.5410337550737383, -1.1365588571967558, 22247000000, 
-0.021207067226710306, -0.19138985330492003, -0.037326726025135114, 0.001994690007152208, 0.07546396054106805, 0.02643235251437251, -2.548474058333944, -1.138709294003135, 22347000000, 
-0.06714393316183093, -0.0007051714522615018, -0.05059185131620779, 0.0013215869269422183, 0.08418386121982724, 0.015698815756278878, -2.5571641367110103, -1.1414267629381534, 22447000000, 
-0.0769516198218871, 0.005319006313152309, -0.06239550783066036, 0.0028700295796115455, 0.08827071586872832, 0.03251394929072181, -2.5662401661703997, -1.144317252965352, 22552000000, 
-0.035696408537425645, -0.027063107055465302, -0.049734695950851546, 0.002676028844190224, 0.09042170632868632, 0.02959498280714542, -2.57544460659304, -1.1472624113963785, 22652000000, 
-0.06458699225595678, 0.03572629295498336, -0.05631514971162603, 0.0036303951814652875, 0.09233849266298243, 0.03931616248833003, -2.584869283547329, -1.1503235720488727, 22752000000, 
-0.04127131380801838, 0.012736528006868794, -0.04910733813974779, 0.0047355846460703345, 0.09326215413418314, 0.0507771313029817, -2.594299554486142, -1.1534323640515753, 22847000000, 
-0.044631310630321705, 0.014248937393392634, -0.0468129603260555, 0.004694594028200809, 0.09403806615967812, 0.04992227318062149, -2.6037676688697617, -1.1565927111598977, 22947000000, 
-0.05594269343218624, -0.025444966768002678, -0.050867373259711336, 0.0045876868621745285, 0.09341509604750098, 0.04911076535040674, -2.6130970301065783, -1.1597588169186106, 23047000000, 
-0.07106038428332916, 0.016433036483683373, -0.059978966399141076, 0.004797587944723906, 0.09360273621554842, 0.051254783125954974, -2.6225832246164456, -1.1630323187112452, 23147000000, 
-0.05596305983284376, 0.0030350954479777745, -0.05789503230898865, 0.0047595488475861165, 0.093368012485397, 0.05097622537837059, -2.632015594825714, -1.1663392652088371, 23233000000, 
-0.04103479910998739, -0.001384551908533184, -0.049873630096297604, 0.004711245661546571, 0.09346825979428541, 0.050404764910736186, -2.6414419046118534, -1.169698101070407, 23337000000, 
-0.06384828466917393, 0.030074803395402416, -0.056099887643361705, 0.004858731371986549, 0.09413599282156943, 0.05161396004178824, -2.650869744270858, -1.173112397436213, 23442000000, 
-0.07015919486043072, -0.0038296166854881516, -0.0623985975903011, 0.004732498535372633, 0.09336714793158746, 0.050686977595591313, -2.6602457190353164, -1.1765604830016718, 23542000000, 
-0.04982316481412472, -0.0059634517216878395, -0.05635574625791802, 0.004660905879787238, 0.09305565563708068, 0.05008729289883126, -2.6695908067239817, -1.1800517150660272, 23642000000, 
-0.02820888727965105, -0.030277231379869575, -0.04313999464629504, 0.0045464781874418, 0.09293961103085527, 0.048918627235618656, -2.6787965303997097, -1.1835437343729136, 23743000000, 
-0.08162682266285004, -0.019309520368021763, -0.06074850582605572, 0.00452652571044649, 0.09261597680809963, 0.048874134533239924, -2.6880458190575958, -1.1871033950433993, 23843000000, 
-0.04083527755496209, 0.0023881220410246727, -0.05129450709801364, 0.00465388037535534, 0.09309020538733928, 0.04999323350927196, -2.6972687571311256, -1.1907074324271887, 23943000000, 
-0.03245145841859906, 0.02066581938702023, -0.042343826708064025, 0.004870170087985251, 0.09422828764191724, 0.05168479879940817, -2.706545344376046, -1.1943868849071817, 24044000000, 
-0.04625681751631246, -0.0019302714764360164, -0.04397564383215557, 0.004903401216725051, 0.09437040278942442, 0.05195910022410701, -2.71575828842953, -1.1980949731915804, 24144000000, 
-0.06556083657353945, 0.0288212249673288, -0.05374962646631071, 0.005103188423033676, 0.09476649837560906, 0.05385013175022125, -2.7250728619650832, -1.2019012927542216, 24244000000, 
-0.04247505701164336, -0.0091449131397187, -0.04835359459204066, 0.005042912046640128, 0.09411884588049986, 0.05358025801806979, -2.7343440230147382, -1.2057471886651503, 24344000000, 
-0.04987058655101485, 0.03720269955731465, -0.048826895043455915, 0.005300024224457069, 0.09500391904275297, 0.05578742727520525, -2.7435762100470957, -1.209637275111764, 24439000000, 
-0.062250254499301105, 0.011574791109580373, -0.05484652409569557, 0.005333816432339001, 0.09458701156673348, 0.05639057989030409, -2.752809215829776, -1.2135865740777267, 24544000000, 
-0.02881933775866844, 0.017730620605594032, -0.04259794498733333, 0.00546940525806156, 0.09493056346705277, 0.057614798209428185, -2.7619910809126282, -1.217577199670345, 24644000000, 
-0.04888337075010256, 0.026613334038377692, -0.04530951895002017, 0.005668483294304488, 0.09539238378426404, 0.05942280787451674, -2.771237690314945, -1.221659411241604, 24744000000, 
-0.04265783107137434, -0.009068782357686784, -0.04393196822588836, 0.005594114819721687, 0.09471061882909083, 0.05906533912334049, -2.7803152783287457, -1.2257303376557402, 24839000000, 
-0.022116373347519855, 0.031087116504219216, -0.03363756579405339, 0.005897873189616272, 0.09585927923092763, 0.06152636695095666, -2.789468313308937, -1.2299036140270687, 24939000000, 
-0.04914789288794074, 0.016489624510151554, -0.0406614676109231, 0.006070391576129367, 0.0959511836024073, 0.06326541631089445, -2.798525240323547, -1.2340997224995005, 25039000000, 
-0.04690523430163254, -0.001586482996180024, -0.043409493718896894, 0.006155655606122551, 0.09526241467248628, 0.06461788342533406, -2.8075648814399017, -1.2383573605005653, 25144000000, 
-0.08575732955389234, 0.024070750122655984, -0.06280308829106748, 0.006446143314735681, 0.0948088876650011, 0.06799091808262284, -2.816754777986094, -1.2427586872703984, 25239000000, 
-0.06564780566004322, 0.15175987249828463, -0.0637400091237541, 0.014719189088883125, 0.0978820534315625, 0.1503767909729697, -2.8261328178071174, -1.2474382449239796, 25337000000, 
-0.07934799066203826, 0.05161721435976021, -0.07070822412171539, 0.01684188402073022, 0.0973998066665652, 0.17291496356236197, -2.8355185434922, -1.2522261465445244, 25437000000, 
-0.06820368276996622, 0.0003647985356058786, -0.06940796670768731, 0.011503821284188018, 0.0940266687962942, 0.12234636653044341, -2.844567160263566, -1.2569423922511045, 25537000000, 
-0.0619224745673163, 0.021050631350000917, -0.06568466503989169, 0.00999681227410042, 0.09380271552487109, 0.10657273852002548, -2.8534887662274526, -1.2617704235109573, 25637000000, 
-0.05066383642385672, 0.027518014771358373, -0.058467006698897823, 0.00942680048468312, 0.09425445014341201, 0.10001438096917288, -2.8623817147744925, -1.2667185047380936, 25737000000, 
-0.035002138317019815, -0.041783797108998086, -0.047496695964856665, 0.008203813210289302, 0.09184984104555756, 0.08931766366607219, -2.870853809362714, -1.271544115614138, 25842000000, 
-0.03424886346453557, 0.005574640450615738, -0.04114023421807879, 0.008249655772486956, 0.0931796844689871, 0.08853491852328263, -2.8792631317924906, -1.2764422645654019, 25942000000, 
-0.05482869361686644, 0.03990983719341647, -0.047218886673145985, 0.008789966557128609, 0.09508324166970447, 0.09244496088661729, -2.8879090434082073, -1.2815848985128384, 26042000000, 
-0.06726343920932037, 0.010866924412268435, -0.056307914714932406, 0.008768998868042383, 0.09447010935612629, 0.09282299901851147, -2.896519977370281, -1.2868127322219949, 26142000000, 
-0.057612502011308825, 0.01854812208716055, -0.056690013777918005, 0.008765356140475362, 0.09434510367241737, 0.09290737727005108, -2.9050838355056596, -1.2921211293520507, 26237000000, 
-0.053392607912227566, 0.0005017773869916767, -0.05497194699971662, 0.008667936239552766, 0.093565219067828, 0.09264058082597061, -2.9135200919757445, -1.2974602359457013, 26337000000, 
-0.07100107302353685, 0.023855535333973422, -0.06214043852693442, 0.008779537625612134, 0.09389437347481171, 0.09350440607569899, -2.9219593897313785, -1.3029098576651603, 26437000000, 
-0.0698208993903956, 0.027364388276063786, -0.06543251944229724, 0.008854091128949283, 0.09396533147410585, 0.09422721114317802, -2.9304705589880293, -1.308519046429108, 26532000000, 
-0.011472428716721779, 0.0345255770231056, -0.040204756631163296, 0.009075373423443306, 0.09530608265229992, 0.09522344399100427, -2.9388419992534143, -1.3141549918144817, 26632000000, 
-0.06615345772987653, 0.019919824598328032, -0.05202656237419197, 0.00909005442533734, 0.09525700106409626, 0.09542662821413882, -2.947127799946188, -1.3198451725776608, 26732000000, 
-0.05539158026667958, 0.027072489803688746, -0.053369852170705986, 0.009169924921321607, 0.09533610483152824, 0.096185227386058, -2.9554070217917308, -1.325648769691767, 26837000000, 
-0.043681953860666645, 0.008750202003852256, -0.04870576222069911, 0.0091154672288523, 0.09470241908664569, 0.09625379495863062, -2.9636514766252984, -1.3315478990713818, 26932000000, 
-0.04875234528365221, 0.06447492427467744, -0.04844439998935835, 0.0096101223845317, 0.09693533613159593, 0.09913951679587044, -2.971907902345436, -1.337577584857022, 27032000000, 
-0.06336952116486694, -0.00517174753509681, -0.05522850226304501, 0.009305206437593184, 0.09473364591435547, 0.0982249373786966, -2.9799911308709963, -1.3436034687247747, 27132000000, 
-0.04185934439668508, 0.01092938150476876, -0.048847711337453706, 0.009373520811666192, 0.09447642680107517, 0.09921544589533014, -2.98791126849289, -1.3496318165353438, 27222000000, 
-0.07778541385115792, 0.0012450939029921872, -0.06205364483022541, 0.009360462306807465, 0.09341852769765256, 0.10019920606223251, -2.9958258013241945, -1.355777675514871, 27328000000, 
-0.06520963746106172, -0.01985861610796458, -0.06333226313396823, 0.009237867007358043, 0.0916363175995698, 0.10081010727346612, -3.0035782056799563, -1.3619247257147187, 27433000000, 
-0.0476140977847766, -0.021393849475626604, -0.05585319708403427, 0.009297445600119891, 0.09091049650822497, 0.10227032033950799, -3.0111021230099424, -1.3680171008827056, 27528000000, 
-0.06496898486781144, 0.01299887036694835, -0.05979354166928433, 0.009652332830139753, 0.09204049325757549, 0.10487050306355575, -3.018715646539366, -1.374308492906622, 27628000000, 
-0.05610874796245633, -0.03136268243811641, -0.057913388076292885, 0.00957365433525644, 0.09050833499098775, 0.10577649380258432, -3.026144428066771, -1.3805821362605946, 27728000000, 
-0.1006648763314425, 0.04785492623696937, -0.07732696593974472, 0.010309374582504936, 0.09274986953425557, 0.11115244295516066, -3.033836260423607, -1.3872143073054999, 27833000000, 
-0.023553254382018073, 0.02996938080509824, -0.05214831934593864, 0.010793001202730882, 0.09388385727346964, 0.11496120330135652, -3.041343151349593, -1.3938429428200192, 27933000000, 
-0.09168804909960995, 0.04760679885063013, -0.07014770764408676, 0.011395955551334163, 0.09500672253044445, 0.11994893885201001, -3.0489775234283676, -1.4007360001414557, 28028000000, 
-0.09363714129738607, 0.0003611936672133255, -0.08081563942253231, 0.011446373094995863, 0.09239248492613286, 0.1238885728005601, -3.0563797006925175, -1.4075873434737538, 28133000000, 
-0.10142306716377095, -0.28876978215112226, -0.09070432413639429, -0.0022504965156256444, 0.07532215272998254, -0.029878281940418014, -3.0626359699767707, -1.4132782464874574, 28228000000, 
-0.06729895420510533, -0.020354675932716025, -0.07924406821366292, -0.007370037878125327, 0.08282345174826042, -0.08898491577634741, -3.069485457442715, -1.4196127278663193, 28328000000, 
-0.06776541092340162, 0.028578726663819966, -0.07351968105132546, -0.0007488795071697975, 0.08547926306842543, -0.008760949501522092, -3.0763240819364364, -1.426040159276241, 28424000000, 
-0.024077970197790594, 0.01564829087383748, -0.050252320535330214, 0.002165901937049208, 0.08913069122772121, 0.024300293279623693, -3.083389807753706, -1.432608128204379, 28524000000, 
-0.0367821530827557, 0.029396797696062533, -0.043718318941628066, 0.0037977412152924127, 0.09200605511688004, 0.0412770791060213, -3.0905277208992867, -1.4392544357614014, 28624000000, 
-0.05599656120981673, 0.008223513760698659, -0.04916663017128754, 0.005362182512141723, 0.09315393220519394, 0.0575625997228998, -3.0977241598855607, -1.446011880777786, 28724000000, 
-0.05535861120763599, 0.010089122686554654, -0.051809065791151514, 0.005743291108567412, 0.09366235101209652, 0.061319100433702166, -3.104944835465178, -1.4528520031225054, 28824000000, 
-0.0685210499929447, 0.01916637219137724, -0.05930820757273924, 0.005546941310997489, 0.09386643891274694, 0.059093978372329846, -3.1122289098034126, -1.459826376173646, 28924000000, 
-0.02096162983184098, 0.035653392382958754, -0.04132027191371615, 0.005654559346756101, 0.09503725230227689, 0.05949834627763781, -3.1194523761508397, -1.466830605549059, 29024000000, 
-0.044502451109740555, 0.04266614053749723, -0.0425839322705501, 0.00565187739716412, 0.0960611082798397, 0.058836270977630147, -3.1266527396282267, -1.4738934056279742, 29124000000, 
-0.04713373815090671, 0.005100705366140582, -0.04453767560507209, 0.005334540028194576, 0.09548886017385592, 0.055865574460539316, -3.1337764317264645, -1.4809606040557757, 29214000000, 
-0.042097743894514685, 0.006922554821501541, -0.04324308133910556, 0.0051720465499475185, 0.09526059052457012, 0.05429366458329394, -3.1408369472869873, -1.4880455598604214, 29319000000, 
-0.06821732483172901, 0.0030780224889260313, -0.054626569091998506, 0.005029800220987369, 0.09459250795367799, 0.053173346703636035, -3.1478993522646426, -1.4952088036577031, 29424000000, 
-0.019932509861493163, -0.016382330784831766, -0.038403445283855, 0.0048719364235213156, 0.0942554284096851, 0.051688656088275824, -3.154843629921306, -1.5023295254586604, 29524000000, 
-0.07121361738389137, -0.019370312707230112, -0.053423060371078746, 0.00478506854927893, 0.09365566425316824, 0.051092142556845487, -3.1616988024618515, -1.5094306914152376, 29624000000, 
-0.08250500746170066, 0.038352607983661025, -0.06662396226374251, 0.005037840881888361, 0.09395583897483707, 0.05361924215521696, -3.1686948556079164, -1.5167555242530997, 29724000000, 
-0.060999575796392286, 0.002634173185155757, -0.0637900696326407, 0.0050099142577282926, 0.09319316853956981, 0.05375838525761771, -3.175623678840661, -1.5240865240681496, 29829000000, 
-0.0609324627880206, -0.007960890895863618, -0.06223891393155633, 0.004979642859436408, 0.09264327975421005, 0.053750718591222095, -3.182416571844893, -1.5313513509750574, 29924000000, 
-0.051486133790371584, -0.010015395407193338, -0.05703057618863146, 0.005004388893742866, 0.09251142525015432, 0.05409481996640754, -3.189163976384218, -1.5386463714299754, 30024000000, 
-0.08027892605221962, 0.012057938244566278, -0.06753054440606239, 0.005149409399373272, 0.0926413617141394, 0.05558434487678026, -3.1959204746458063, -1.546031044080437, 30124000000, 
-0.026480826309399883, 0.008821620881362405, -0.048284863869446464, 0.0052881838065261385, 0.09326711621079056, 0.05669933864551417, -3.2025789921239394, -1.553392917970834, 30224000000, 
-0.05761336979661931, 0.03472161550000086, -0.05235444106017307, 0.005569382612628064, 0.09435937052178787, 0.059023100533953606, -3.2092812450428196, -1.5608881495647147, 30324000000, 
-0.05564803363685917, 0.0362683224038072, -0.05364301698531472, 0.005791204176456204, 0.09490316425420559, 0.06102224537997499, -3.2159917608990964, -1.5684828337171306, 30424000000, 
-0.05754501697130968, 0.009654960402148055, -0.055250901794726665, 0.005775258526661005, 0.09439926987491809, 0.061179059269350265, -3.2225942862689245, -1.5760457966084884, 30519000000, 
-0.05240661065627055, -0.004111065944818302, -0.05374091942591275, 0.005761090871795484, 0.09375214804274917, 0.06145022799017402, -3.2291528609324267, -1.5836522771313504, 30619000000, 
-0.051851377272530454, 0.029366277603636488, -0.05262866955512433, 0.006040799302407158, 0.09445834585010017, 0.06395199119825315, -3.235614917626645, -1.5912438776957014, 30719000000, 
-0.06841865146400962, 0.0057184653246240245, -0.059731211568189044, 0.006136108250615893, 0.09384550457174946, 0.06538521241499148, -3.242104671893329, -1.5989652004041637, 30819000000, 
-0.08014156088731181, 0.028866380502870874, -0.0689147920012813, 0.0064211178838742555, 0.09371131268977217, 0.06852019995847383, -3.248656539628095, -1.606866702743808, 30924000000, 
0.002693989900497115, 0.05697923923537038, -0.03545874468303035, -0.014552900039876015, 0.0971579123791131, -0.1497860512182493, -3.2553465094049066, -1.61461456692532, 31019000000, 
-0.05835645500347399, 0.03977420418391529, -0.04606491831626142, -0.010449250544379188, 0.09268962495205821, -0.11273376658697074, -3.261570892614382, -1.6220254249125816, 31119000000, 
-0.05288536327581249, -0.03301196616288962, -0.04893133745223432, -0.0009641321766144451, 0.09523407972414544, -0.010123814703802941, -3.268095804245599, -1.6297602117506182, 31209000000, 
-0.04326355405639224, -0.015933665765949092, -0.0461281545058299, 0.0005683068475642917, 0.09502427969221239, 0.0059806488342249095, -3.2746537590066094, -1.6373689141703227, 31306000000, 
-0.041340297288297384, 0.01458407763769456, -0.04373358303702436, 0.0011453998622322507, 0.09497884198011482, 0.01205952650456674, -3.2812291482747877, -1.6449896456682078, 31412000000, 
-0.0745070823784303, 0.009874987437428259, -0.05778991411390695, 0.0019786465271572364, 0.0944495148404411, 0.02094925030054284, -3.287733727305447, -1.6525529361748932, 31517000000, 
-0.07921428968517909, 0.0311188883284657, -0.06747393639990984, 0.0015343760842324089, 0.0938186758177825, 0.016354697727907833, -3.2943566874980563, -1.660260552658715, 31617000000, 
-0.028244338618834665, 0.006503324010197443, -0.04909231367261806, 0.0008723271645179184, 0.09388062920609438, 0.009291875990763919, -3.3008412828908034, -1.6678261212508017, 31717000000, 
-0.036090368808796555, 0.0287270083886624, -0.042870693183331636, 0.0008038447568596854, 0.09447137523134136, 0.008508871125155441, -3.307303739006064, -1.675390610498202, 31817000000, 
-0.07610806250549024, 0.008769767286190779, -0.05805640913968455, 0.0007350996251269272, 0.09416353775508672, 0.007806627094224878, -3.3138220010830577, -1.6830333693284367, 31917000000, 
-0.062499661942947905, 0.03032050389183419, -0.05988989376953699, 0.0007275362773623591, 0.09379652841507226, 0.0077565373650380276, -3.3203530409836466, -1.6907044925248624, 32017000000, 
-0.047300266393700774, 0.0020274078923590184, -0.0538413198069434, 0.0006470942338411113, 0.09372008808024052, 0.006904541460600072, -3.3268375689588856, -1.698331579514112, 32112000000, 
-0.05741381875811986, -0.002175562537385806, -0.055276530072569136, 0.0005896668480040406, 0.09368587772413028, 0.006294084683076653, -3.3333174645447485, -1.7059641347052197, 32212000000, 
-0.04973625019832949, 0.01382819365221882, -0.05249381434895989, 0.0006212011856624079, 0.09382225531376678, 0.006621042987987706, -3.3397575505973203, -1.713561264712008, 32312000000, 
-0.06681488713963665, -0.010608702872083589, -0.05890441771987872, 0.0005449801656447314, 0.0935831497060034, 0.00582348603735626, -3.346248625269474, -1.7212266045830462, 32412000000, 
-0.07238530477869275, 0.004526542108909109, -0.06490901521623257, 0.0005714519313230119, 0.09318304026910591, 0.0061325744435113926, -3.352729498974183, -1.7288909181591616, 32512000000, 
-0.034248814257988716, 0.010115195093320649, -0.050482854094364815, 0.0006198089891396924, 0.09348369596945637, 0.006630129272404897, -3.359164823283711, -1.7365115061403262, 32612000000, 
-0.04557037008298419, 0.005766499904494074, -0.04799562367796631, 0.0006305114588535536, 0.09392418289145367, 0.006712983168373403, -3.3655868609246196, -1.7441258195872231, 32712000000, 
-0.0519228604667319, -0.01281254182562201, -0.04961166374709022, 0.0005666493342233674, 0.09407499875707727, 0.006023378599096057, -3.3720018733338337, -1.7517406785801992, 32817000000, 
-0.056201566423858255, -0.0020402130814196847, -0.05245713782553265, 0.0005824281593231952, 0.0940496733968251, 0.006192771737396131, -3.3784368524516184, -1.759390074087929, 32907000000, 
-0.049558448845772166, 0.0043310044853852305, -0.05090615757051998, 0.0006163763577666641, 0.09405473123006008, 0.006553379608932091, -3.384924359742041, -1.767112064831115, 33009000000, 
-0.08499812952386274, -0.015948513701989936, -0.06646864296034104, 0.000552324758510952, 0.09343184837118594, 0.005911525546585324, -3.3913532256694494, -1.7747724168295809, 33109000000, 
-0.0790231238187167, -0.01156007792455456, -0.07203042475148441, 0.000547625095706257, 0.0926753344944329, 0.005909070614027872, -3.397809239885865, -1.7824754519704336, 33209000000, 
-0.02689529001262595, 0.01946419977475654, -0.05088668595233971, 0.000685346993954088, 0.09311725695921719, 0.007360042771172385, -3.4042169980544155, -1.790133168931601, 33309000000, 
-0.05198941770516522, -0.008660035225901253, -0.05117615443145786, 0.00064793736142671, 0.09355584179464713, 0.00692567507274337, -3.410577780209448, -1.7977426365768965, 33409000000, 
-0.044791706267229406, 0.03643904501690483, -0.048003067344678005, 0.0008281264371398184, 0.09403567079191909, 0.008806513849114617, -3.4170056236931763, -1.8054475683591602, 33509000000, 
-0.04950468548783389, -0.011796706901907967, -0.04849761577900077, 0.0007449482858320392, 0.09414506470941952, 0.007912770447726982, -3.4234381350815255, -1.813166943037579, 33609000000, 
-0.043277172806729367, -0.009504027531569863, -0.04588871315822127, 0.0007182740929418067, 0.09436492883384287, 0.007611663589621721, -3.4297377698721414, -1.8207400866207415, 33709000000, 
-0.045178816101779845, -0.015704756449841973, -0.04537287414056643, 0.0007032469142917014, 0.09448195088911007, 0.0074431879070434945, -3.4361205625989264, -1.8284251581558992, 33809000000, 
-0.02721267872742824, 0.09350312835883003, -0.03677105904525682, -0.003865631802721408, 0.09539468116340107, -0.0405225087560174, -3.442561860404993, -1.8360988742146285, 33909000000, 
-0.0403591706574357, -0.013562800897581235, -0.03826836357072491, -0.005939524120114455, 0.09573916159599585, -0.06203860594871625, -3.448980751639202, -1.843724802929431, 34009000000, 
-0.06798364368560834, 0.0008861825235682136, -0.05186212852221303, -0.00305767073363094, 0.09501424960189585, -0.03218118068018641, -3.455489779634279, -1.8514590616946416, 34109000000, 
-0.0586610319112166, -0.02691144961217309, -0.05480265010262369, -0.002290807985253695, 0.09483930035661388, -0.024154627634744456, -3.462005425747147, -1.859114951632775, 34209000000, 
-0.021779439826389968, -0.017425835917763245, -0.039326539999591556, -0.002012410164350167, 0.09511526279586818, -0.021157594535265122, -3.4685266743805907, -1.8667307298925373, 34309000000, 
-0.055587769115866756, -0.007663709055215229, -0.046677647222336145, -0.001548390018661881, 0.09504257881663024, -0.01629154046471379, -3.475106358900501, -1.8743867175229978, 34409000000, 
-0.059689892119483626, 0.0026490306877140534, -0.052517654189873544, -0.0014004298921695593, 0.09461536836636608, -0.014801294085194143, -3.481621548458253, -1.8819368568311863, 34504000000, 
-0.016166220245807036, -0.002400610716904345, -0.035506829609053846, -0.001481968460148619, 0.0949839081953894, -0.015602310836695546, -3.488232316957314, -1.8895697919690089, 34604000000, 
-0.04344801802548289, 0.0011865704364420252, -0.03902103753766534, -0.0014659983781323117, 0.09528939279681248, -0.015384696398037608, -3.4947120124414197, -1.897029783059463, 34704000000, 
-0.04150643622073318, 0.0031418958888725637, -0.04001215957096504, -0.0014839040194370252, 0.09534702738559812, -0.015563191219752325, -3.501236466304476, -1.904517336971849, 34809000000, 
-0.05349793126492071, -0.01674182993640441, -0.04608282330679069, -0.001609110561703464, 0.09525604581794764, -0.016892476985437537, -3.5078306976980698, -1.912059344867159, 34895000000, 
-0.04884754054285674, 0.004614994614840046, -0.047187877337479665, -0.0015839593023532614, 0.09490967184062407, -0.016689124212894826, -3.5144687434194264, -1.919628232464271, 35002000000, 
-0.07726896620681642, 0.014187286744603329, -0.06092008057201316, -0.0015275651225160087, 0.09410058448594079, -0.016233322363095805, -3.521097049417653, -1.9271615732983904, 35102000000, 
-0.054671863403695724, 0.01824917864832172, -0.05781294889635254, -0.0014911240545632692, 0.09357523077086467, -0.015935029411945, -3.5277352014796453, -1.9346810195079114, 35202000000, 
-0.08284603080554741, 0.00946633143848161, -0.06916534879081518, -0.0015004886584037318, 0.09296109945540747, -0.016141038210542052, -3.5343712347019554, -1.9421736273813146, 35307000000, 
-0.053676887679578775, 0.0378967140598825, -0.061754029298355176, -0.0013972719763071515, 0.09254283555560047, -0.015098650996787963, -3.541020764743062, -1.9496590206860052, 35402000000, 
-0.06261139022534136, -0.010798511104139895, -0.0618928622069759, -0.0015599119779416964, 0.09277604322669779, -0.016813736862328343, -3.547685617586936, -1.9571341935497264, 35502000000, 
-0.04712174561445785, -0.003235952328704619, -0.05481203505269288, -0.0016382859952975154, 0.09314297901373635, -0.01758893705832522, -3.5543240634845543, -1.9645556835148268, 35607000000, 
-0.0459816144850867, 0.024169666820870524, -0.050506970375073214, -0.0015853383667384059, 0.0933793217158655, -0.016977402893996938, -3.560959438968299, -1.9719498975684768, 35707000000, 
-0.061736935909942496, -0.05063922636914887, -0.05546702209767027, -0.0018910246320747895, 0.09396227977748718, -0.02012535920321367, -3.567664068027544, -1.9793894255273559, 35807000000, 
-0.0731253592332312, -0.012905715606366042, -0.0634119920808777, -0.0019038210350117463, 0.09360198816616895, -0.0203395362888227, -3.5744183257579576, -1.9868587220175407, 35902000000, 
-0.04485978908855833, -0.038015452465997544, -0.054582280726548506, -0.002031700596153863, 0.09390232496105588, -0.02163631834458274, -3.5811632169813756, -1.9942848896180072, 36002000000, 
-0.05155961591774791, -0.0013330220181360262, -0.052969081807887654, -0.0019797134955684462, 0.09389522107563854, -0.02108428387397546, -3.5879046918898427, -2.001678342020521, 36102000000, 
-0.04983448836750863, 0.0046196963581706454, -0.05130891528132127, -0.0019427358678191784, 0.09391789528761081, -0.0206854706642415, -3.5946605956462436, -2.009056128524609, 36202000000, 
-0.03583830665203348, 0.01551660699710889, -0.04395265145288461, -0.0018893315186362012, 0.09415186808252411, -0.02006685111101781, -3.601384162315692, -2.016368312720563, 36302000000, 
-0.06648622623853329, -0.002923005524374175, -0.05418065512083971, -0.0019647323023155175, 0.09413483416770059, -0.020871469309813196, -3.6081791598477158, -2.023726659407415, 36402000000, 
-0.07267368580209478, 0.030976352847412823, -0.06253424957932915, -0.0018889170838303298, 0.09333147136393571, -0.02023880108419921, -3.614985337824723, -2.0310687749706373, 36502000000, 
-0.047987949613143975, 0.010426029627784675, -0.05557078864887372, -0.001992248201729761, 0.09326483952191311, -0.021361192620308653, -3.6218028250120415, -2.038389947124852, 36597000000, 
-0.06855666886322496, 0.010243826854580546, -0.06135190622534516, -0.001018528896210406, 0.09308964055142056, -0.010941377474196972, -3.628607722470455, -2.0456875516184825, 36699000000, 
-0.07204468472446993, 0.021400887668487342, -0.0660579963458023, -0.0005220390821394711, 0.0927211605911842, -0.005630204354766305, -3.6354541110761036, -2.0530059897494737, 36799000000, 
-0.06241680934232391, -0.015009405272879776, -0.06411399676960806, -0.0011462432254654516, 0.09270352413715222, -0.012364613278019694, -3.642304928364695, -2.060299622272978, 36904000000, 
-0.05514497203557048, 0.01314087161950345, -0.059713687120542966, -0.001258970819963606, 0.09276756403182912, -0.013571239399275865, -3.6491566842350327, -2.06758473194485, 37004000000, 
-0.06484300307207874, -0.01169707780097394, -0.0618373333245614, -0.0013907984734270733, 0.09293905223079786, -0.014964629400063914, -3.6560020971329013, -2.0748429616532134, 37104000000, 
-0.04314857904874624, -0.026023989641075353, -0.05294013854420823, -0.0015871426257789555, 0.09344126831172025, -0.016985456795002445, -3.6629034436522816, -2.0821370665454206, 37204000000, 
-0.07638284792449791, -0.004255682740228205, -0.06356036286875891, -0.0015629308490852992, 0.09329111537581772, -0.016753265761580028, -3.6697517575172696, -2.0893545437695287, 37304000000, 
-0.08424746567888167, 0.009805675766980455, -0.0728861105789391, -0.0014444212377022869, 0.09255719575530177, -0.015605715211175776, -3.6766969533060583, -2.0966516402864466, 37404000000, 
-0.034643657015640525, -0.0019432489916718816, -0.054927365467881795, -0.001442122616380515, 0.09285686179967473, -0.015530598260919978, -3.683588505794781, -2.1038674594241504, 37504000000, 
-0.030388878307263664, 0.01211771542767318, -0.043347723731112536, -0.001382481205077354, 0.09361268139342721, -0.014768097489561084, -3.690467179389665, -2.111048558453755, 37604000000, 
-0.0523297928065133, -0.007241058634583688, -0.04730011147342021, -0.001428304504614063, 0.09416696045578797, -0.01516778812548231, -3.697344734796014, -2.1182055571177845, 37699000000, 
-0.06205475351160195, 0.009448570365435118, -0.05392786043151923, -0.0013925924235275468, 0.09400890927751351, -0.014813409008040138, -3.704316231023441, -2.125439683542794, 37799000000, 
-0.05967551999564523, 0.01059343371727574, -0.05637763907394405, -0.0013726481952091728, 0.09375671643932448, -0.014640531871628573, -3.7112429103201183, -2.1326056587609266, 37904000000, 
-0.04994004937706902, 0.004852810109599983, -0.053180840080191916, -0.001387036404287192, 0.09374135118969942, -0.014796420007647635, -3.718206548511109, -2.139788221847884, 38004000000, 
-0.04871596465554696, -0.0008222989682067359, -0.05090073387461731, -0.0014261845782199284, 0.09391293151424834, -0.01518624278067126, -3.7251595591603968, -2.14693816390942, 38104000000, 
-0.06701400759611692, -0.0031627293113751344, -0.05814228924228756, -0.0014603874563356466, 0.09375098225503224, -0.015577302991481542, -3.7321708766480657, -2.154126403896694, 38204000000, 
-0.06149075264298591, 0.013521977398047941, -0.05947045947442943, -0.0014182139905210291, 0.09340600131452292, -0.015183328378928504, -3.7391609338124243, -2.161271757437417, 38284000000, 
-0.05981225510306204, -0.007273329219250008, -0.05939280947561496, -0.0014931368254547618, 0.09334739599716806, -0.015995484496429447, -3.7461839191918656, -2.1684270420327043, 38392000000, 
-0.058892345122940386, 0.006863451492904318, -0.058929503327944055, -0.0014880306837520363, 0.09324040053168742, -0.015959076486874748, -3.7531883384846245, -2.1755419410596177, 38492000000, 
-0.050963896842350774, 0.006129254963161626, -0.05503246220364287, -0.001495766647608948, 0.09285673236818454, -0.016108327414302185, -3.760153895173683, -2.182594321238351, 38592000000, 
-0.060460110127239994, 0.014175657878162466, -0.057350233545861974, -0.0014777174033333606, 0.09204243594783751, -0.016054740274049416, -3.767099600497405, -2.189604398196996, 38692000000, 
-0.04207427390364852, -0.007441763163861713, -0.05008898680621551, -0.0015674080216233704, 0.09152631137167846, -0.017125217854112963, -3.7739740114310107, -2.1965180342173163, 38792000000, 
-0.09212321641737928, 0.0029954027095276956, -0.06935616001045829, -0.0015716112283135218, 0.08998474343718474, -0.017465307654187065, -3.7808431244685012, -2.2034044944463984, 38897000000, 
-0.054320501009961976, 0.026897041123667136, -0.06219738957173181, -0.0014988458119723747, 0.08848362413576333, -0.01693924527404807, -3.7876102311153304, -2.210165886342576, 38992000000, 
-0.04954881932635004, -0.03387321447275991, -0.056127408038951485, -0.0017153123940090993, 0.08809142948414761, -0.019471955490491574, -3.7942788529431684, -2.2168014823481315, 39092000000, 
-0.021929809410601665, 0.011147341511895887, -0.040127743472799876, -0.0016718031895194248, 0.0877692701597774, -0.019047705267185567, -3.8008755319234933, -2.223343997724194, 39192000000, 
-0.0781809158359554, -0.036128806206213754, -0.0575621220734173, -0.0018339450591233302, 0.08706504028597481, -0.021064080980144655, -3.807531235509559, -2.2299170105556136, 39292000000, 
-0.08034954917069762, 0.01906298560642564, -0.06793219390339952, -0.0017339083715262656, 0.08506447743456375, -0.020383459980225976, -3.8141103574433917, -2.2363908962749135, 39392000000, 
-0.0824353021371953, -0.2164672868076871, -0.07414303339891429, -0.028226787534784484, 0.09032332224818465, -0.312508296110109, -3.8214088109650333, -2.243074621207975, 39487000000, 
-0.07005712847081418, 0.013794671700460674, -0.07236401411568277, -0.026684040142162753, 0.08022038245690365, -0.33263416758824443, -3.827851250717112, -2.2489086797327555, 39592000000, 
-0.07429359826865346, 0.009319884836837428, -0.07311015091561246, -0.013290188980550382, 0.07706543452008878, -0.17245330624958724, -3.8343041073113646, -2.2546683498129103, 39687000000, 
-0.025279184363678608, 0.028262102125599323, -0.05079274981716667, -0.01179297012649621, 0.07566763169569225, -0.15585224305583203, -3.840575971116601, -2.259887273606447, 39792000000, 
-0.06251256201543678, 0.021630530884952502, -0.05602134342853284, -0.011928718266672944, 0.07507476866908168, -0.15889117579906167, -3.8468955396364595, -2.2649636017764703, 39887000000, 
-0.05304419138273923, -0.06535088729907501, -0.054195630207646533, -0.012102434386656324, 0.08073943691663403, -0.14989495652728496, -3.853780938436085, -2.270346070647719, 39990000000, 
-0.054615148148358966, 0.01625386045836307, -0.054289522851022176, -0.01189995125233675, 0.07776804632787981, -0.15301851871352234, -3.8604756389984614, -2.2753841755221154, 40088000000, 
-0.03712834803663903, 0.023570027815569106, -0.0462353577497118, -0.012175880329485914, 0.07558473937067725, -0.16108913559619273, -3.8670039009200656, -2.280133592749004, 40188000000, 
-0.031170522970989524, 0.03899421215124009, -0.039190405891205655, -0.011781044802047627, 0.07321411526063863, -0.16091220606993187, -3.873330982582494, -2.284590004124045, 40288000000, 
-0.07333779139475213, -0.031564556229746216, -0.054687770976074634, -0.012427091454572312, 0.07596099155045628, -0.16359833120816686, -3.880096923260659, -2.2892103001092607, 40388000000, 
-0.06116663409505176, -0.0771709927928079, -0.057296539858960965, -0.013403956156907893, 0.08001249310719473, -0.1675232908809663, -3.887348805663017, -2.2939900647700004, 40488000000, 
-0.07380042655822876, -0.059499238177830344, -0.06467415899816097, -0.013492125518588246, 0.08028492088269289, -0.16805304620405698, -3.8947389170966056, -2.2986823757678634, 40588000000, 
-0.05310493037337198, 3.024927301581784e-05, -0.059256224455146625, -0.01257734658473635, 0.07572808960305973, -0.16608561830441546, -3.9017466464036614, -2.302957581766799, 40693000000, 
-0.07293073610454535, -0.02517502050129356, -0.06537856719921914, -0.012420441363394593, 0.07454010973947357, -0.16662762379617488, -3.9087823555505214, -2.3070993475319748, 40788000000, 
-0.07447781260818305, -0.06223467609609273, -0.06926772276162675, -0.012826959725031119, 0.07580289050646986, -0.1692146518335778, -3.9160279905108557, -2.311207438981214, 40888000000, 
-0.08681262513580072, -0.0721156210626376, -0.07706861226583485, -0.013107011117170103, 0.07623539208913044, -0.17192816561953364, -3.9235177536634973, -2.3152885132335785, 40988000000, 
-0.026994673925653162, -0.012589124903016993, -0.053798183154589445, -0.012432440908011192, 0.0723671823179433, -0.17179666956479792, -3.9304628431709148, -2.318903006778178, 41093000000, 
-0.0708461442557544, -0.017762183039680662, -0.06153187782560925, -0.012154424528327342, 0.07036059508867426, -0.17274476591633894, -3.9373573957812034, -2.3223516678416254, 41188000000, 
-0.0518257834566623, -0.03183665847730444, -0.05682044876051781, -0.012285587586019936, 0.06995007379210585, -0.1756336615531407, -3.9442362881648756, -2.3256437792115072, 41288000000, 
-0.044042236799637875, -0.01953294374389116, -0.050746999432071824, -0.012252047817804925, 0.06843550856190204, -0.17903056578767976, -3.951116535048191, -2.328784815336415, 41388000000, 
-0.06744829898060939, -0.014661499798585428, -0.05832674853917215, -0.01211558847229556, 0.06675918929863973, -0.18148195925654273, -3.957653239905564, -2.3316298883506823, 41488000000, 
-0.010609366740847524, -0.0064837393199120436, -0.036106048224785164, -0.012037527960496359, 0.06568479774532389, -0.1832620084660809, -3.9641383105522427, -2.334309634480997, 41588000000, 
-0.04655013298627807, -0.0076191328317557865, -0.04081394691110057, -0.012068951337660925, 0.06490159182614251, -0.1859577091728515, -3.9705810643557444, -2.3368390265032484, 41683000000, 
-0.06586026042544732, -0.04772973392962638, -0.05212985530433316, -0.012722779349950012, 0.06691179595659762, -0.19014254763394262, -3.9774215087528426, -2.3393874701358572, 41784000000, 
-0.006721081361928567, 0.037115181212598124, -0.03119059370058426, -0.01168296793392084, 0.06109609594142624, -0.1912228228972516, -3.983508057550752, -2.3414993988900465, 41889000000, 
-0.03396544033746096, -0.03395607605997644, -0.03222609379065493, -0.012523024901412414, 0.0640853379676011, -0.19541170100005617, -3.9899522686782833, -2.343620900739881, 41984000000, 
-0.0880018745692601, -0.03729101243070036, -0.05782522509751434, -0.012900614601637165, 0.06459581895775426, -0.19971284225182098, -3.996678553535467, -2.345693473037583, 42084000000, 
-0.06691362834778264, -0.032112769871770364, -0.06183611825535069, -0.013027072365517808, 0.06339994784313788, -0.2054744965681829, -4.003406091132453, -2.3476126685418834, 42184000000, 
-0.04976749629903343, 0.012383689123878699, -0.056211089177687336, -0.012214919181996194, 0.05853904965485833, -0.20866275168480533, -4.0096285169992285, -2.3492409165783052, 42289000000, 
-0.05130110970924831, -0.004914360073244174, -0.053760666882136286, -0.012156741308256187, 0.05745174825757301, -0.21159915367159857, -4.015803693433041, -2.350729742410698, 42384000000, 
-0.08827765486484791, -0.03350940534562132, -0.06944133886409669, -0.012775808293113691, 0.05840248606370208, -0.21875452834625178, -4.022208447376876, -2.3521390205411166, 42484000000, 
0.038632833554943784, -0.07397103391177332, -0.01852125899969919, -0.006226646174411387, 0.0772354076443468, -0.08061906273718156, -4.030465352224309, -2.353911439672158, 42584000000, 
-0.011707677394460771, 0.07907711733701121, -0.015764538140186333, -0.0033076317686644412, 0.06584157865748795, -0.05023621602196008, -4.037020561866301, -2.355157314222765, 42689000000, 
-0.038782696410628134, -0.007300812616709559, -0.026470150082626716, -0.007160212843299895, 0.062160568265695194, -0.11518898625081314, -4.043329954715801, -2.356255439621807, 42784000000, 
-0.06212289131498748, -0.07688075756324818, -0.042809653142378, -0.006154038880789215, 0.06257226990638506, -0.09835089713057121, -4.049902076522354, -2.35740037100023, 42884000000, 
-0.014548402247203137, 0.0020687926817636905, -0.02978017143442497, -0.005585253831958871, 0.057838141724124166, -0.09656696542221849, -4.05593770203124, -2.3583699010386927, 42984000000, 
-0.06364218145694484, -0.007684618737028622, -0.04541160545265086, -0.006119216876869985, 0.05486922658608714, -0.11152365829813972, -4.061796367220406, -2.3592454753937333, 43084000000, 
-0.04033339709434992, -0.02493004548739786, -0.04291213897397973, -0.006237423542038913, 0.0542185387469611, -0.11504226573034514, -4.067627301019245, -2.3600603338708313, 43184000000, 
-0.041579572887602376, 0.016392790704049323, -0.042241250012877714, -0.005823088662302611, 0.0513269024384186, -0.11345100494402682, -4.073151933985717, -2.36076875267999, 43284000000, 
-0.05234758602372724, 0.0165892768439615, -0.04681763685478259, -0.005636483728656773, 0.049338118358317286, -0.11424196779702665, -4.078539302603579, -2.3613983976159076, 43374000000, 
-0.041284920806885894, -0.04222753962404572, -0.0439997764312192, -0.005849383497845103, 0.05122952861806439, -0.11417992036300942, -4.084173199276259, -2.361996918921369, 43481000000, 
-0.020108378088106508, 0.04548647273451963, -0.032931184810968954, -0.005297708188904629, 0.04779723012180063, -0.11083713795558019, -4.0892944104006475, -2.3624749598392984, 43581000000, 
-0.04466313079742246, 0.011155077050511754, -0.03822727519044447, -0.0052055267605874015, 0.047502212840384944, -0.10958493192893574, -4.094447663196085, -2.362903714911376, 43686000000, 
-0.07706732814866499, 0.007542364292029726, -0.056043724416495785, -0.005070362713099268, 0.04654351564057692, -0.1089381118576031, -4.099665501623966, -2.363282378206666, 43781000000, 
-0.07242206203912321, -0.0219910123903396, -0.06337854733291788, -0.005071691780295638, 0.04660993997946372, -0.1088113776273949, -4.105012185638797, -2.3636130306616168, 43886000000, 
-0.035673173465549296, 0.03608008230895102, -0.050442619248448846, -0.004694540040552432, 0.04389226156213163, -0.10695598434605795, -4.109976342664469, -2.3638604529686553, 43981000000, 
-0.08255853069495069, -0.04523145502832084, -0.06498578353862475, -0.004915589317844626, 0.045879595198314756, -0.10714107865592469, -4.115313542979212, -2.364078410932499, 44081000000, 
-0.07186984859542556, -0.015712127363197697, -0.06794746207761404, -0.0047736523865252725, 0.04485259975605451, -0.10642978138365083, -4.120513385237323, -2.364230862680412, 44181000000, 
-0.06829542617509404, -0.022489878795811134, -0.06786388478034289, -0.004673724616888189, 0.04414500253721926, -0.10587211118512696, -4.125701340127664, -2.364328269249217, 44281000000, 
-0.011109055484172285, -0.0003864339768404018, -0.04141507288433316, -0.004546573129184543, 0.04352964356876662, -0.10444774540829918, -4.13059126174929, -2.3643638427261564, 44376000000, 
-0.07080885145471713, 0.0005717149335249952, -0.054856037688839364, -0.004409382820952618, 0.04260974037036781, -0.10348297789720974, -4.13543293706362, -2.3643526065370017, 44481000000, 
-0.05730159048194332, 0.0028058965165366264, -0.05581271143172369, -0.0042648846394340795, 0.04141434616687247, -0.10298085166549317, -4.140200805117089, -2.3642908873354487, 44581000000, 
-0.06161628656533158, 0.009595318689034005, -0.05832348741750718, -0.004100189958387636, 0.040065805931193264, -0.1023363904230223, -4.144833184497556, -2.3641835882694657, 44681000000, 
-0.03924794482121733, 0.0034715470820590854, -0.04929725551690502, -0.004049050761322806, 0.0397444685142593, -0.10187708913178975, -4.149376831626011, -2.3640313085948517, 44781000000, 
-0.07384801394078355, 0.0034948784023831024, -0.06046264865758439, -0.003945950605037333, 0.0390156334557722, -0.10113767881048068, -4.1539355497618065, -2.3638346247931703, 44881000000, 
-0.08405335560704605, 0.004107624486055412, -0.0711627744048397, -0.0037959440037238727, 0.037739788715692404, -0.10058201523914465, -4.158467366337277, -2.3635936396309245, 44981000000, 
-0.0476744815931947, 0.0019638129482185598, -0.06005423711338399, -0.003728267101262493, 0.037247281344802645, -0.10009501275407104, -4.162889367727046, -2.3633121071331646, 45061000000, 
-0.04635651844169708, -0.015612286455912451, -0.053460422156480863, -0.0037998396931319665, 0.037970383736898754, -0.1000737764322189, -4.167322691403509, -2.3629861001346963, 45169000000, 
-0.07508910618011347, -0.04316834972057648, -0.06318835791544967, -0.003919952942401266, 0.03906435129981004, -0.10034603959800883, -4.171918014952853, -2.3626042288464197, 45274000000, 
-0.03406130162053112, 0.018301895769332114, -0.04957239820847011, -0.003666525631270433, 0.03689919076672982, -0.09936601738638558, -4.176203840421382, -2.3621985704391775, 45374000000, 
-0.06326550512080605, -0.00010793611019481019, -0.05572100341179642, -0.003602671649491255, 0.0363389745143134, -0.09914070767385619, -4.180385192842987, -2.3617643328020277, 45479000000, 
-0.078800076625699, -0.023653400135670688, -0.06615343053096048, -0.003610424076062666, 0.03633249785074343, -0.09937175503029141, -4.184717594673592, -2.3612732241672187, 45579000000, 
-0.06687081096180114, 0.02225703434214216, -0.06632542886321843, -0.0033363591771574707, 0.03370811612874707, -0.09897791868327359, -4.188771451807439, -2.360769645268866, 45679000000, 
-0.05541361824260018, 0.015514759574112311, -0.06106688794935779, -0.003217637723936026, 0.03258078902846552, -0.09875874157390133, -4.1926977597314, -2.3602434513956, 45779000000, 
-0.04527686431105532, 0.004278668528600746, -0.05352736386825727, -0.0032291168101221453, 0.03272369669698616, -0.09867824042078796, -4.196561177232265, -2.3596872665538324, 45874000000, 
-0.10213470294519411, -0.03210138644766021, -0.0757255039309005, -0.003324916570109025, 0.033370263559317555, -0.09963710847529854, -4.200682726613369, -2.3590570080127704, 45975000000, 
-0.04387285036094764, 0.002072354671178169, -0.060762845125749324, -0.003214665488538859, 0.03225766427123902, -0.09965586663399739, -4.2045633009535175, -2.3584181058932203, 46075000000, 
-0.04548796202121083, 0.00907673684240166, -0.05349228681287632, -0.0031460303849299353, 0.03167441297573341, -0.09932403127218777, -4.208285006026656, -2.357767961675928, 46175000000, 
-0.06109530189448323, -0.00012691641171291932, -0.056789781588498116, -0.003133895915401106, 0.0315212083848908, -0.09942182029110565, -4.212062286552782, -2.3570710289280243, 46270000000, 
-0.21431834972427283, 0.08489327665757825, -0.12918283923197327, 0.0016480445941328544, 0.0344099151927377, 0.04789446835023524, -4.216734685512795, -2.3562416686873653, 46370000000, 
-0.07365197190358744, -0.1028436340659022, -0.1033214507897903, 0.002335635043158996, 0.02716030879545711, 0.08599442151959845, -4.220534535870598, -2.3555382474064026, 46475000000, 
-0.0369665715925736, -0.0010606564573014971, -0.07225753718014051, 0.0005753984444071067, 0.027515721211695744, 0.02091162502993124, -4.224150606942381, -2.354856329376504, 46560000000, 
-0.03962176597912425, 0.04890886094659322, -0.056858863073253114, 0.0011628246596449689, 0.028628576136294406, 0.040617621152690735, -4.227652890897895, -2.3542355703723934, 46661000000, 
-0.06683571841459938, 0.010504140196661925, -0.0612475594796094, 0.0010317209469574266, 0.02839047734514068, 0.036340387462136706, -4.231123265298054, -2.353626250555337, 46761000000, 
-0.07945994353791054, 0.016920442312315553, -0.06943717846197003, 0.00040972522740200765, 0.027696869930681354, 0.014793196069716612, -4.234620929164813, -2.3530179128224122, 46866000000, 
-0.06611946349956391, -0.019220087861928827, -0.06765743532935975, 0.00015142030519331413, 0.027000972451071914, 0.005607957471446658, -4.238030236340861, -2.352434648525731, 46961000000, 
-0.04776376668846629, 0.003621539750013851, -0.05820155122791824, 9.706996343879606e-05, 0.026987882983531646, 0.0035967979962722306, -4.241393844764949, -2.3518641927594826, 47066000000, 
-0.06488163832210786, -0.004994138248226274, -0.06105980864260338, 1.4478609654906798e-05, 0.026828450645697922, 0.00053967371601567, -4.244717052841126, -2.351301531897013, 47161000000, 
-0.04264570161064182, 0.005041561077674202, -0.05231566484700587, 1.1400166005481091e-05, 0.026816586473059394, 0.00042511622487574917, -4.247974426441627, -2.350751585730241, 47261000000, 
-0.04907134663853579, -0.005695079366975614, -0.050609851046253485, 3.8866065853973543e-05, 0.026799715048765133, 0.0014502417575430302, -4.251193641247698, -2.3502087176776523, 47366000000, 
-0.05236522958422116, 0.019739828551144548, -0.05122523947610827, 5.8125313289698834e-05, 0.026615667461383604, 0.002183875845835249, -4.254397790232267, -2.3496688419004306, 47461000000, 
-0.05688543920271637, 0.010165040787141569, -0.053650938741282655, 6.252904079851036e-05, 0.026212612763834534, 0.0023854562443611687, -4.257568287832593, -2.3491351858635725, 47561000000, 
-0.06032460985726211, 0.03142461737753352, -0.05653740840721854, 7.197804874435155e-05, 0.0256880771036455, 0.0028020022072472238, -4.260740081993753, -2.3486021641411674, 47662000000, 
-0.08151398874855997, -0.0064321821885674185, -0.06788196818568507, 6.044981423552922e-05, 0.024700193071410838, 0.002447341770194366, -4.263899545730889, -2.3480718169922232, 47762000000, 
-0.02071759366560353, -0.009898162981408594, -0.04583649559178758, 5.2270974851414165e-05, 0.024689833504091617, 0.002117105198086969, -4.2669195981995705, -2.34756572051917, 47862000000, 
-0.04201126549197635, -0.008696651885424619, -0.04387513070814506, 4.920616995776837e-05, 0.024835274655504037, 0.00198130162200011, -4.2699413151408505, -2.3470600280054037, 47962000000, 
-0.039033005969802484, 0.01730671813330822, -0.041465263376253184, 5.369670383861633e-05, 0.02496395770917364, 0.0021509691878256994, -4.272813204993239, -2.3465801170827336, 48062000000, 
-0.07234050733681605, -0.015654957792617247, -0.0555842188776, 4.44517587191606e-05, 0.024200803319457974, 0.0018367885616185481, -4.275788488576411, -2.346083375495256, 48162000000, 
-0.05195659819062454, -0.00255343162615426, -0.0537129032289282, 4.281233515652704e-05, 0.023510990212378787, 0.0018209498949128006, -4.278731905892442, -2.3455926331580876, 48259000000, 
-0.03012360386254663, 0.02033614550559173, -0.042610142274763466, 4.802016356954094e-05, 0.023538880153537257, 0.0020400360278959493, -4.281535060548018, -2.3451259034650005, 48355000000, 
-0.06502139459139483, -0.003174185031916105, -0.05280550456870506, 4.3040922756054944e-05, 0.02308719897964818, 0.0018642765107190512, -4.284371540308649, -2.3446540470747492, 48460000000, 
-0.049010280602357646, -0.018987013748365613, -0.05086117191480628, 3.604536743047136e-05, 0.02259478722820278, 0.0015952957231427072, -4.2871853036961305, -2.344186495700786, 48560000000, 
-0.05117666439293186, -0.029589683790117755, -0.05082224985886011, 2.9709321410469596e-05, 0.022130166011245872, 0.0013424807294880766, -4.289937976694755, -2.3437295458083978, 48661000000, 
-0.05249342517298323, 0.013489002198885967, -0.05140481401006475, 3.512738816642438e-05, 0.021766171034796573, 0.0016138524368970477, -4.292666458234734, -2.3432771463944073, 48761000000, 
-0.06308995029609264, 0.004605154759004743, -0.05661778719193404, 3.4963374056771035e-05, 0.021192745518459226, 0.0016497802998822106, -4.2953707699484305, -2.3428291275399116, 48861000000, 
-0.03506611011704877, 0.002755661366478655, -0.04644818224309001, 3.4989643327962076e-05, 0.021046279758210242, 0.001662509656335461, -4.297997104863466, -2.342394490832849, 48961000000, 
-0.040853012163468004, 0.01103994719885768, -0.04367988610396341, 3.710023203824382e-05, 0.02105240213592037, 0.0017622802281048043, -4.3005728505776455, -2.341968683104825, 49056000000, 
-0.06800975956913397, 0.0032078949034099946, -0.05475980833368631, 3.4993671321628064e-05, 0.02048939412601453, 0.0017078919516316032, -4.303181902246842, -2.341537769605108, 49161000000, 
-0.06639676324396439, 0.031576272163767155, -0.05994541151269553, 3.76110914034996e-05, 0.019677488134550024, 0.001911376652666429, -4.3057815636213395, -2.3411089351640415, 49261000000, 
-0.06375414446036468, -0.012332486646014003, -0.06149380686546613, 3.020348900216043e-05, 0.01893792938008905, 0.001594867548398177, -4.308333575763517, -2.3406883153111875, 49361000000, 
-0.04636459890274739, -0.02570397814291055, -0.05427336503402207, 2.4388667021018285e-05, 0.0186888489714714, 0.001304984970355728, -4.31081100739944, -2.340280408969463, 49461000000, 
-0.09319834379471725, 0.01540633547901063, -0.07206363405506021, 2.6545758926471045e-05, 0.017809614452527524, 0.0014905296797541677, -4.3133144751249315, -2.3398686304496614, 49561000000, 
-0.07447019666568583, 0.02069669013697552, -0.07292244328640476, 2.6978652655756396e-05, 0.01686435578513791, 0.0015997440400025203, -4.315804172855457, -2.33945949977364, 49661000000, 
-0.0474312865425299, 0.01638900360652659, -0.060869353364011565, 2.6856117843273054e-05, 0.01670072391941818, 0.0016080810612075951, -4.3181734200372315, -2.339070545813291, 49756000000, 
-0.053049451009633805, 0.004485740373167297, -0.057012558896551074, 2.5722442015716918e-05, 0.016788401175357924, 0.0015321555487649659, -4.320489551129425, -2.338690664252245, 49856000000, 
-0.03991924214525751, -0.022336883260380344, -0.04888357356246269, 2.1389986095499633e-05, 0.01704898858275996, 0.0012546190638621998, -4.322749572064209, -2.338320308788292, 49947000000, 
-0.07885195961038366, 0.02656259299095282, -0.06254129667164944, 2.404917567413242e-05, 0.01660198304154442, 0.001448572475586339, -4.325056743970292, -2.337942601241046, 50051000000, 
-0.03845256300730712, -0.0008470059691435033, -0.051174085467153727, 2.174485671239688e-05, 0.016509995108398373, 0.0013170722686244537, -4.327297848030861, -2.3375760105627856, 50151000000, 
-0.05727169753354213, -0.0030138872894712953, -0.05378976202126125, 2.0046281821940666e-05, 0.016411904735471244, 0.001221447610441852, -4.329512336825242, -2.3372140612814394, 50251000000, 
-0.05766050841841295, -0.03772617176014861, -0.05537404630724338, 1.4729203245671516e-05, 0.0161046400219145, 0.0009145937584217126, -4.33172327825018, -2.3368529243555773, 50351000000, 
-0.021918819621764306, -0.0035112121431955844, -0.03969283550672988, 1.626252315741956e-05, 0.01639997503624788, 0.000991618775118589, -4.333863003360747, -2.3365037341004196, 50451000000, 
-0.05995876403203387, -0.012891089721475742, -0.04889680412709401, 1.5349244643358643e-05, 0.016305100439339176, 0.0009413768839059497, -4.335979213855638, -2.336158546940118, 50551000000, 
-0.06029178589586808, 0.0008528739590813752, -0.053982955588893, 1.611015384499758e-05, 0.015792911571663352, 0.0010200876369056257, -4.338128915418887, -2.3358081366494545, 50651000000, 
-0.06103083177471816, -0.029047076996380157, -0.057045884518573446, 1.3026637052426706e-05, 0.0151798571520133, 0.0008581528088160557, -4.340255945216984, -2.3354615918525394, 50752000000, 
-0.04457851909492732, -0.005780067799144887, -0.05106939126493647, 1.392802356486998e-05, 0.014915335022269858, 0.0009338056130870853, -4.342343662568236, -2.335121694369563, 50852000000, 
-0.08829228619282369, -0.016342354011806576, -0.06808457598206631, 1.2573222859981735e-05, 0.014098105740412184, 0.0008918377469634537, -4.344435848072189, -2.3347812198203743, 50952000000, 
-0.06812272570559436, 0.022107959703565286, -0.06786308004791332, 1.4911185469723128e-05, 0.013310467172449651, 0.0011202601138288132, -4.346502410294833, -2.334445168606829, 51052000000, 
-0.07320835964531289, -0.028600569312230435, -0.07008743647312551, 1.1623682333084162e-05, 0.012626136137833994, 0.0009206048632925796, -4.348527154884556, -2.3341160576330164, 51147000000, 
-0.05947662211839481, 0.012682085403939456, -0.0649154458197263, 1.2940918341168113e-05, 0.012280265087250402, 0.001053797963580087, -4.350523601330089, -2.333791800468664, 51252000000, 
-0.08146962764526938, -0.02218576040446558, -0.0723230395598572, 1.0786012203685216e-05, 0.011822701460170068, 0.000912313673826799, -4.352452284698652, -2.333478694723311, 51352000000, 
-0.06751896122654469, -0.018398319855911373, -0.06983420243471901, 9.582822357583652e-06, 0.011416683059497177, 0.0008393700961692201, -4.35436637999895, -2.33316815504418, 51447000000, 
-0.05087259207488793, -0.009746257826480408, -0.06079827524708055, 9.68021861789824e-06, 0.011455771621153778, 0.0008450079957969071, -4.356220973568081, -2.3328674507157134, 51552000000, 
-0.051052756693568783, 0.002218773836874112, -0.05604654955638923, 1.0581153675373573e-05, 0.011708393940904813, 0.0009037237497114717, -4.358027874691056, -2.332574645590808, 51642000000, 
-0.035644205353867864, -0.01916884968870014, -0.046384512376074376, 9.896079448522964e-06, 0.012184709544280112, 0.0008121719613060859, -4.359791747775675, -2.332288963132499, 51745000000, 
-0.0637756975549858, 0.0023000334301940765, -0.05422943742558514, 1.0764844512176016e-05, 0.012160569481604745, 0.0008852253612349292, -4.361584629898325, -2.3319987457332454, 51850000000, 
-0.06481990083155703, -0.01992890148709155, -0.05891883718001169, 9.26764192177849e-06, 0.011745594721751951, 0.0007890313041889245, -4.363393562506482, -2.331706068900656, 51950000000, 
-0.05053652734007326, 0.01627551910474975, -0.05482117596035987, 1.0655576508105549e-05, 0.011550787934221301, 0.000922497804373715, -4.365166608962633, -2.3314193852215306, 52051000000, 
-0.06370760062655263, -0.03573487398811511, -0.058718282379418486, 7.981941789290221e-06, 0.011234261637172737, 0.0007104999017362205, -4.36692258392653, -2.3311355647216194, 52151000000, 
-0.09505806418530337, 0.012252597604029965, -0.07529961504542396, 8.63753345391823e-06, 0.010236707931223617, 0.0008437803942390848, -4.368732445895583, -2.330843206872032, 52251000000, 
-0.05346646653566271, -0.030389828948876305, -0.06493866672476634, 6.931590688323808e-06, 0.00978228225358805, 0.0007085862489585562, -4.3704515831744395, -2.3305656312909564, 52351000000, 
-0.070508043674856, -0.02723052849789518, -0.0672600693333073, 6.064682972674678e-06, 0.009411070545360084, 0.0006444200947643234, -4.372157284713753, -2.330290349127074, 52451000000, 
-0.043538442462685546, 0.0038982674032676987, -0.05603568437372003, 7.2269738683817434e-06, 0.009639340836638663, 0.000749737351428883, -4.373756724702669, -2.330032358632946, 52551000000, 
-0.03482417666978051, -0.021534246509702645, -0.045999743657097275, 6.954497900093556e-06, 0.010131224512022776, 0.0006864419885119136, -4.375314432224083, -2.329781200928926, 52646000000, 
-0.0732203836188791, 0.017043742032563036, -0.058390574841388716, 8.151593745674697e-06, 0.009935631606525733, 0.0008204404177305368, -4.376922518596692, -2.3295220454750107, 52751000000, 
-0.021615122408581114, -0.005192839662587275, -0.04116083818795483, 8.085474084215513e-06, 0.010220171622683093, 0.0007911289930073445, -4.378489833309771, -2.32926959458747, 52851000000, 
-0.09102621593696869, -0.021683550881075726, -0.06404407663774857, 6.618682810762671e-06, 0.009712600788983606, 0.0006814531920502516, -4.380070658539067, -2.3290150520877466, 52946000000, 
-0.056262811513969474, 0.03683980958898565, -0.0602171106377496, 8.121706342533526e-06, 0.009197965554591205, 0.000882989427860984, -4.3816643009717735, -2.3287586162266787, 53046000000, 
-0.056148832197016246, -0.007720074332881096, -0.05810985375624322, 6.985767051716603e-06, 0.008946353302522051, 0.0007808507908744512, -4.383203316061795, -2.328511066004458, 53129000000, 
-0.06553666464540239, 0.031296594467012724, -0.06131993045517033, 7.5296156210001166e-06, 0.008593515197716454, 0.000876197393937344, -4.384737347893833, -2.328264458656112, 53238000000, 
-0.06100228916651859, -0.006416143430753828, -0.06094028555514515, 6.442314085083927e-06, 0.008277405816262495, 0.0007783011040037217, -4.386246234026919, -2.328022005298476, 53343000000, 
-0.07832763937411398, 0.0022410098049152733, -0.0687484235740867, 5.72659748158241e-06, 0.0077078064548360735, 0.0007429607262633582, -4.38775105016961, -2.3277803243208375, 53448000000, 
-0.06509202071208053, -0.0095700187773409, -0.06680315917742237, 4.860409589570917e-06, 0.007270526144070574, 0.0006685086461775245, -4.3892273796093955, -2.3275433324872883, 53548000000, 
-0.057688883701813624, -0.012294555050918008, -0.06233181886871199, 4.376388379521623e-06, 0.00713759961674096, 0.0006131456812535374, -4.390659208369, -2.327313587886304, 53643000000, 
-0.0631528427017594, -0.008474387244363616, -0.06246523662046819, 4.157387481123581e-06, 0.007045620235506125, 0.0005900669269928276, -4.392064080810261, -2.327088259953513, 53743000000, 
-0.029470832393531966, -0.010539103074213924, -0.046963988223424895, 4.346701697866643e-06, 0.007542447310326101, 0.000576298583076043, -4.3933907676992145, -2.3268755684288522, 53843000000, 
-0.07718185988920936, -0.018969112656158967, -0.06073518860627945, 3.92060495502815e-06, 0.007364594362707929, 0.0005323585742727262, -4.394762854231476, -2.3266556601171575, 53943000000, 
-0.06494998646388087, -0.011394613329660443, -0.062456792356637834, 3.7088806138837616e-06, 0.006951899069394576, 0.0005335061077356462, -4.396140320048707, -2.326434977372092, 54043000000, 
-0.0739732912888019, 0.0010689780066216277, -0.06754386434252882, 3.6705986155826174e-06, 0.006414002535534724, 0.0005722789467648077, -4.397526117970502, -2.3262130359878905, 54143000000, 
-0.053429755535192906, 0.02321610969018511, -0.0607629871245312, 4.110475565481105e-06, 0.006302539569458421, 0.0006521935356661821, -4.398853950709537, -2.32600046452386, 54243000000, 
-0.039003868672237325, -0.02323774918009944, -0.05046086120448495, 3.692102848706299e-06, 0.006647489072965046, 0.000555413150466372, -4.400118265898315, -2.3257981321644277, 54343000000, 
-0.0523401481190003, 0.015617747029778013, -0.051119340296767436, 4.222319999606152e-06, 0.006845583969168875, 0.0006167947130036863, -4.401374816482134, -2.325597124617777, 54443000000, 
-0.0419136261300029, 0.0031056630013234004, -0.046655249972928275, 4.214593483721328e-06, 0.00699775745358553, 0.0006022777313554706, -4.402627926181944, -2.325396744913595, 54543000000, 
-0.056630694511438, 0.01792369382529377, -0.05107980255811706, 4.415356695374276e-06, 0.006944497693950032, 0.000635806488815006, -4.40386507687315, -2.325198993255917, 54643000000, 
-0.05351526617564112, -0.024334613686786678, -0.052008793413569586, 3.4290624470641197e-06, 0.006735809995790954, 0.0005090794498667359, -4.405114960060737, -2.32499927367971, 54738000000, 
-0.05252390363511141, 0.029889353021536377, -0.05226486008148202, 3.136369906217447e-06, 0.0010789523895311116, 0.002906865897558689, -4.405730234906306, -2.3249012405564544, 54833000000, 
-0.047189885699782455, 0.012595913808138218, -0.04983264056165964, -2.664848347083505e-06, -0.0019135881393851305, 0.0013925924247940667, -4.406069835049394, -2.324846988945384, 54928000000, 
-0.059336200187849145, -0.0010780849878954325, -0.05409432506359405, 2.3980063743007837e-06, -0.0037541297473533855, -0.000638764916420736, -4.406274878922583, -2.3248142246554067, 55033000000, 
-0.008243708479650946, -0.00895413956015769, -0.03272272314396599, 3.4382698941012264e-06, -0.004045628085872535, -0.0008498729544882727, -4.406302151055632, -2.3248098843515272, 55133000000, 
-0.06345489076787415, 0.007642029231185092, -0.04679486794566013, 1.9725900438896836e-06, -0.004451815952286177, -0.0004430978425504504, -4.406349601349206, -2.3248023124246004, 55233000000, 
-0.06215492425013211, 0.026232455121525507, -0.05372667261124159, 9.999886364499594e-07, -0.005139707132552095, -0.00019456140411514466, -4.4064232088198425, -2.3247905804054043, 55333000000, 
-0.06234089187966354, 0.014649234862705057, -0.05751484165389577, 6.078940479962786e-07, -0.005741387692391749, -0.00010587928921815102, -4.406488496714858, -2.324780178680826, 55433000000, 
-0.03526641672913572, 0.011517504112654606, -0.04701163760009845, 5.15910026840751e-07, -0.005726854023968511, -9.008611441491628e-05, -4.406487811906998, -2.324780296677376, 55528000000, 
-0.0677832438694162, 0.0032007942507201533, -0.056423691485196076, 3.776541483276708e-07, -0.0059362301729772365, -6.361851500415514e-05, -4.406511900386893, -2.324776462650079, 55633000000, 
-0.03879650107385177, -0.03586027308682134, -0.04805550540043013, -3.6591865716202066e-07, -0.005877515702928496, 6.225736785011058e-05, -4.406503568693113, -2.3247777876964846, 55733000000, 
-0.06884336209056269, 0.01834769536582092, -0.05747048964878766, 9.856671096012264e-08, -0.006078395651143363, -1.6215909035401796e-05, -4.406526034809259, -2.3247742119091876, 55833000000, 
-0.05837681983323628, 0.0007524365483486911, -0.05767028042563238, 6.599997981337352e-08, -0.006324689749242521, -1.0435291283857527e-05, -4.406551251062055, -2.3247701907949416, 55933000000, 
-0.05217454121362192, -0.004337301920731233, -0.054903258347799, -4.633608002043223e-08, -0.006363516970430916, 7.281520617567318e-06, -4.406554216536002, -2.3247697173394717, 56028000000, 
-0.05411534064968164, -0.0369090135596546, -0.054318243921036395, -7.129898603889385e-07, -0.0063153398752797026, 0.00011289809803900073, -4.406550193520199, -2.324770350338556, 56133000000, 
-0.08832109352656403, -0.006883847794143598, -0.06982415919541501, -5.561919581329013e-07, -0.006896876348942641, 8.06440379662847e-05, -4.406608841645077, -2.3247609941809277, 56228000000, 
-0.059736761252930176, 0.012971541236958943, -0.0649012081099401, -1.598941144276316e-08, -0.007230636292343667, 2.2113422382610967e-06, -4.406641015027943, -2.324755864639724, 56328000000, 
-0.07246617330871549, -0.0218193245623131, -0.06814426034155135, -5.581555501221277e-07, -0.0074686909754170016, 7.47327144688784e-05, -4.406664700425295, -2.324752077629704, 56428000000, 
-0.0629097776014657, -0.004704324482596152, -0.06545478335499919, -4.2748403790339e-07, -0.0075693453345474435, 5.647569492599302e-05, -4.406670695054941, -2.3247511185776384, 56518000000, 
-0.050332192955879415, -0.004810925952611987, -0.05820136978431202, -3.4224525821857795e-07, -0.0072274551513145735, 4.735349456389616e-05, -4.406642771885263, -2.3247555681508345, 56619000000, 
-0.07937515219483333, 0.019821175885767203, -0.06775083007096425, 2.998909782780901e-07, -0.007352173196752461, -4.0789433308039506e-05, -4.4066561351858695, -2.3247534410627053, 56726000000, 
-0.06354456281517244, -0.01126733050889174, -0.06554175529806044, -1.2422673428878006e-07, -0.007485570839957893, 1.659549244069125e-05, -4.406666747498437, -2.3247517429230693, 56831000000, 
-0.056025782228811015, 0.0190658638587211, -0.06088145751792886, 4.194474593271517e-07, -0.007307915203232402, -5.739632270796242e-05, -4.406651469264967, -2.3247541857869716, 56926000000, 
-0.055586394533378936, 0.0013690578470358446, -0.058183798615431555, 2.4849815855865155e-07, -0.007058696696891598, -3.5204538348854316e-05, -4.406626296030359, -2.324758200196611, 57026000000, 
-0.06886436692572474, -0.007089062139642509, -0.06288234245921144, -3.177329889577792e-08, -0.0070838158736964765, 4.4853366409138435e-06, -4.406628068936722, -2.3247579159569693, 57126000000, 
-0.08115883521554673, 0.05100741942101603, -0.07108540456358854, 1.2315162807313346e-06, -0.007473708164078925, -0.0001647798192937748, -4.406668203918775, -2.324751532701375, 57226000000, 
-0.04576211435783116, 0.0014441761160102328, -0.059103972748873704, 6.836368081297046e-07, -0.007322366952411303, -9.33628173202353e-05, -4.406652829836164, -2.32475398518075, 57326000000, 
-0.040188349760500466, -0.007530967472967337, -0.050111095890473495, 1.629170565085306e-07, -0.006713446287981665, -2.426727637639447e-05, -4.4065934665771715, -2.3247634534530053, 57426000000, 
-0.014381858346026885, 0.014546786103864909, -0.033371172250687926, 3.2576235578316417e-07, -0.005599831144260432, -5.817360334463933e-05, -4.406483322275332, -2.32478102803976, 57526000000, 
-0.05683741339974578, -0.025067842315628554, -0.04405629620924738, -1.7709558370496743e-07, -0.005207344455154252, 3.400880914065085e-05, -4.406445206912242, -2.3247871041740544, 57628000000, 
-0.09995149597061218, -0.02854581673980944, -0.06972328039755571, -5.40796523082563e-07, -0.006187005234654878, 8.740844763690096e-05, -4.40654072011012, -2.3247718661685854, 57723000000, 
-0.05482680762203141, 0.00585466036956992, -0.06259154377061546, -2.0366637326425477e-07, -0.006731310464418874, 3.0256571040782866e-05, -4.406597071227325, -2.324762879645923, 57823000000, 
-0.0468970607493336, -0.015013364587401854, -0.055088522947370835, -4.241077167652428e-07, -0.0066934433048463455, 6.336166565542884e-05, -4.406587930719702, -2.3247643323404668, 57923000000, 
-0.0809447378319211, 0.017378474076737538, -0.06681994509183853, 1.3813932147996994e-07, -0.006964962076461046, -1.983346355134207e-05, -4.406621223922459, -2.3247590254034116, 58023000000, 
-0.05926499726022627, -0.0020186449336841348, -0.06307294648192877, 2.9981095436850773e-08, -0.007147006651476725, -4.194916403310753e-06, -4.4066391436332655, -2.324756165091646, 58118000000, 
-0.06545840694883576, -0.0015423526114226767, -0.06392646726859862, -2.068736436670797e-08, -0.007224995419112364, 2.8633048419634215e-06, -4.406647282088602, -2.32475486597931, 58218000000, 
-0.05274104965370862, -0.018312405892146246, -0.05850102956091246, -4.424401603914242e-07, -0.007065671485871485, 6.261827503247602e-05, -4.406631219977687, -2.324757421758738, 58318000000, 
-0.048817201055906964, -0.03140748507011425, -0.05378279211386915, -9.177011105006811e-07, -0.006721255198496775, 0.00013653716209227216, -4.406596712152841, -2.3247629155146554, 58423000000, 
-0.09115082352461262, 0.0018671570043779894, -0.07083714365622902, -4.825527711479249e-07, -0.007159515036790234, 6.740020359874317e-05, -4.406639866363962, -2.324756031914612, 58523000000, 
-0.06688786483978867, -0.006492791920863824, -0.0687459137156629, -4.3678569074352416e-07, -0.007535567334838454, 5.796321250082598e-05, -4.406677113774123, -2.3247500868677786, 58628000000, 
-0.09329356084431872, 0.0016098556771893414, -0.0798291574837922, -2.103505439073366e-07, -0.008152157904884931, 2.5803050721244062e-05, -4.406738452830414, -2.324740302047882, 58723000000, 
-0.06323889335735682, 0.014030699407954678, -0.07185746655904324, 3.24642560600338e-07, -0.008310095038886089, -3.906604666748241e-05, -4.406754216040849, -2.3247377914151106, 58823000000, 
-0.06712838508821133, 0.004675278540283399, -0.06938283922734104, 3.174127325668405e-07, -0.008183493448941804, -3.878694771948338e-05, -4.406742652003202, -2.3247396354406025, 58923000000, 
-0.06485255687155014, -0.010313118588953094, -0.06700622942440315, -1.453839193960974e-07, -0.007998834222135261, 1.8175638519145063e-05, -4.406723680480616, -2.3247426561923112, 59018000000, 
-0.05004114280884782, -0.03643498140610576, -0.05888792577152292, -1.0915872818736545e-06, -0.007535147154076378, 0.0001448660868266024, -4.4066783893116614, -2.324749864434704, 59123000000, 
-0.05846258995222031, 0.01044727021813883, -0.05844188544726433, -2.9550085533117453e-07, -0.007156262171281396, 4.129262571137221e-05, -4.406642166921879, -2.324755644451042, 59223000000, 
