obs_x,obs_y
-7.500000000000000000e+00,5.140000000000001457e+00
-7.500000000000000000e+00,5.090000000000000746e+00
-7.500000000000000000e+00,5.040000000000000036e+00
-7.500000000000000000e+00,4.990000000000001101e+00
-7.500000000000000000e+00,4.940000000000000391e+00
-7.500000000000000000e+00,4.890000000000001457e+00
-7.500000000000000000e+00,4.840000000000000746e+00
-7.500000000000000000e+00,4.790000000000000036e+00
-7.500000000000000000e+00,4.740000000000001101e+00
-7.500000000000000000e+00,4.690000000000000391e+00
-7.500000000000000000e+00,4.640000000000001457e+00
-7.500000000000000000e+00,4.590000000000000746e+00
-7.500000000000000000e+00,4.540000000000000036e+00
-7.500000000000000000e+00,4.490000000000001101e+00
-7.500000000000000000e+00,4.440000000000000391e+00
-7.500000000000000000e+00,4.390000000000001457e+00
-7.500000000000000000e+00,4.340000000000000746e+00
-7.500000000000000000e+00,4.290000000000000036e+00
-7.500000000000000000e+00,4.240000000000001101e+00
-7.500000000000000000e+00,4.190000000000000391e+00
-7.500000000000000000e+00,4.140000000000001457e+00
-7.500000000000000000e+00,4.040000000000000036e+00
-7.500000000000000000e+00,3.990000000000001101e+00
-7.500000000000000000e+00,3.940000000000000391e+00
-7.500000000000000000e+00,3.890000000000000568e+00
-7.500000000000000000e+00,3.840000000000000746e+00
-7.500000000000000000e+00,3.790000000000000924e+00
-7.500000000000000000e+00,3.740000000000001101e+00
-7.500000000000000000e+00,3.690000000000000391e+00
-7.500000000000000000e+00,3.590000000000000746e+00
-7.500000000000000000e+00,3.540000000000000924e+00
-7.500000000000000000e+00,3.490000000000001101e+00
-7.500000000000000000e+00,3.440000000000000391e+00
-7.450000000000000178e+00,5.140000000000001457e+00
-7.450000000000000178e+00,5.090000000000000746e+00
-7.450000000000000178e+00,5.040000000000000036e+00
-7.450000000000000178e+00,4.990000000000001101e+00
-7.450000000000000178e+00,4.940000000000000391e+00
-7.450000000000000178e+00,4.890000000000001457e+00
-7.450000000000000178e+00,4.840000000000000746e+00
-7.450000000000000178e+00,4.790000000000000036e+00
-7.450000000000000178e+00,4.740000000000001101e+00
-7.450000000000000178e+00,4.690000000000000391e+00
-7.450000000000000178e+00,4.640000000000001457e+00
-7.450000000000000178e+00,4.590000000000000746e+00
-7.450000000000000178e+00,4.540000000000000036e+00
-7.450000000000000178e+00,4.490000000000001101e+00
-7.450000000000000178e+00,4.440000000000000391e+00
-7.450000000000000178e+00,4.390000000000001457e+00
-7.450000000000000178e+00,4.340000000000000746e+00
-7.450000000000000178e+00,4.290000000000000036e+00
-7.450000000000000178e+00,4.240000000000001101e+00
-7.450000000000000178e+00,4.190000000000000391e+00
-7.450000000000000178e+00,4.140000000000001457e+00
-7.450000000000000178e+00,4.090000000000000746e+00
-7.450000000000000178e+00,4.040000000000000036e+00
-7.450000000000000178e+00,3.990000000000001101e+00
-7.450000000000000178e+00,3.940000000000000391e+00
-7.450000000000000178e+00,3.890000000000000568e+00
-7.450000000000000178e+00,3.840000000000000746e+00
-7.450000000000000178e+00,3.790000000000000924e+00
-7.450000000000000178e+00,3.740000000000001101e+00
-7.450000000000000178e+00,3.690000000000000391e+00
-7.450000000000000178e+00,3.640000000000000568e+00
-7.450000000000000178e+00,3.590000000000000746e+00
-7.450000000000000178e+00,3.540000000000000924e+00
-7.450000000000000178e+00,3.490000000000001101e+00
-7.450000000000000178e+00,3.440000000000000391e+00
-7.450000000000000178e+00,3.390000000000000568e+00
-7.450000000000000178e+00,3.340000000000000746e+00
-7.450000000000000178e+00,3.290000000000000924e+00
-7.450000000000000178e+00,3.240000000000001101e+00
-7.450000000000000178e+00,3.190000000000000391e+00
-7.450000000000000178e+00,3.140000000000000568e+00
-7.450000000000000178e+00,3.090000000000000746e+00
-7.450000000000000178e+00,3.040000000000000924e+00
-7.450000000000000178e+00,2.990000000000001101e+00
-7.450000000000000178e+00,2.940000000000000391e+00
-7.450000000000000178e+00,2.890000000000000568e+00
-7.450000000000000178e+00,2.840000000000000746e+00
-7.450000000000000178e+00,2.790000000000000924e+00
-7.450000000000000178e+00,2.740000000000001101e+00
-7.450000000000000178e+00,2.690000000000000391e+00
-7.450000000000000178e+00,2.640000000000000568e+00
-7.450000000000000178e+00,2.590000000000000746e+00
-7.450000000000000178e+00,2.540000000000000924e+00
-7.450000000000000178e+00,2.490000000000001101e+00
-7.450000000000000178e+00,2.440000000000000391e+00
-7.450000000000000178e+00,2.390000000000000568e+00
-7.450000000000000178e+00,2.340000000000000746e+00
-7.450000000000000178e+00,2.290000000000000924e+00
-7.450000000000000178e+00,2.240000000000001101e+00
-7.450000000000000178e+00,2.190000000000000391e+00
-7.450000000000000178e+00,2.140000000000000568e+00
-7.450000000000000178e+00,2.090000000000000746e+00
-7.450000000000000178e+00,2.040000000000000924e+00
-7.450000000000000178e+00,1.990000000000001101e+00
-7.450000000000000178e+00,1.940000000000000391e+00
-7.450000000000000178e+00,1.890000000000000568e+00
-7.450000000000000178e+00,1.840000000000000746e+00
-7.450000000000000178e+00,1.790000000000000924e+00
-7.450000000000000178e+00,1.740000000000001101e+00
-7.450000000000000178e+00,1.690000000000000391e+00
-7.450000000000000178e+00,1.640000000000000568e+00
-7.450000000000000178e+00,1.590000000000000746e+00
-7.450000000000000178e+00,1.540000000000000924e+00
-7.450000000000000178e+00,1.490000000000001101e+00
-7.450000000000000178e+00,1.440000000000000391e+00
-7.450000000000000178e+00,1.240000000000001101e+00
-7.450000000000000178e+00,5.900000000000007461e-01
-7.400000000000000355e+00,5.140000000000001457e+00
-7.400000000000000355e+00,2.090000000000000746e+00
-7.400000000000000355e+00,1.990000000000001101e+00
-7.400000000000000355e+00,1.940000000000000391e+00
-7.400000000000000355e+00,1.890000000000000568e+00
-7.400000000000000355e+00,1.790000000000000924e+00
-7.400000000000000355e+00,1.740000000000001101e+00
-7.400000000000000355e+00,1.690000000000000391e+00
-7.400000000000000355e+00,1.640000000000000568e+00
-7.400000000000000355e+00,1.590000000000000746e+00
-7.400000000000000355e+00,1.540000000000000924e+00
-7.400000000000000355e+00,1.490000000000001101e+00
-7.400000000000000355e+00,1.440000000000000391e+00
-7.400000000000000355e+00,1.390000000000000568e+00
-7.400000000000000355e+00,1.340000000000000746e+00
-7.400000000000000355e+00,1.290000000000000924e+00
-7.400000000000000355e+00,1.240000000000001101e+00
-7.400000000000000355e+00,1.190000000000000391e+00
-7.400000000000000355e+00,1.140000000000000568e+00
-7.400000000000000355e+00,1.090000000000000746e+00
-7.400000000000000355e+00,1.040000000000000924e+00
-7.400000000000000355e+00,9.900000000000011013e-01
-7.400000000000000355e+00,9.400000000000003908e-01
-7.400000000000000355e+00,7.400000000000011013e-01
-7.400000000000000355e+00,6.900000000000003908e-01
-7.400000000000000355e+00,6.400000000000005684e-01
-7.400000000000000355e+00,5.900000000000007461e-01
-7.400000000000000355e+00,5.400000000000009237e-01
-7.400000000000000355e+00,4.900000000000002132e-01
-7.400000000000000355e+00,4.400000000000003908e-01
-7.400000000000000355e+00,3.900000000000005684e-01
-7.400000000000000355e+00,3.400000000000007461e-01
-7.400000000000000355e+00,2.900000000000009237e-01
-7.400000000000000355e+00,2.400000000000002132e-01
-7.400000000000000355e+00,1.900000000000003908e-01
-7.400000000000000355e+00,1.400000000000005684e-01
-7.400000000000000355e+00,9.000000000000074607e-02
-7.400000000000000355e+00,4.000000000000092371e-02
-7.400000000000000355e+00,-9.999999999999786837e-03
-7.400000000000000355e+00,-5.999999999999960920e-02
-7.400000000000000355e+00,-1.099999999999994316e-01
-7.400000000000000355e+00,-1.599999999999992539e-01
-7.400000000000000355e+00,-2.099999999999995204e-01
-7.400000000000000355e+00,-2.599999999999993427e-01
-7.400000000000000355e+00,-3.099999999999996092e-01
-7.400000000000000355e+00,-3.599999999999994316e-01
-7.400000000000000355e+00,-4.099999999999992539e-01
-7.400000000000000355e+00,-4.599999999999995204e-01
-7.400000000000000355e+00,-5.099999999999993427e-01
-7.400000000000000355e+00,-5.599999999999996092e-01
-7.400000000000000355e+00,-6.099999999999994316e-01
-7.400000000000000355e+00,-6.599999999999992539e-01
-7.400000000000000355e+00,-7.099999999999995204e-01
-7.400000000000000355e+00,-7.599999999999993427e-01
-7.400000000000000355e+00,-8.099999999999996092e-01
-7.400000000000000355e+00,-8.599999999999994316e-01
-7.400000000000000355e+00,-9.099999999999992539e-01
-7.400000000000000355e+00,-9.599999999999995204e-01
-7.400000000000000355e+00,-1.009999999999999343e+00
-7.400000000000000355e+00,-1.059999999999999609e+00
-7.400000000000000355e+00,-1.109999999999999432e+00
-7.400000000000000355e+00,-1.159999999999999254e+00
-7.400000000000000355e+00,-1.209999999999999520e+00
-7.400000000000000355e+00,-1.259999999999999343e+00
-7.400000000000000355e+00,-1.309999999999999609e+00
-7.400000000000000355e+00,-1.359999999999999432e+00
-7.400000000000000355e+00,-1.409999999999999254e+00
-7.400000000000000355e+00,-1.459999999999999520e+00
-7.400000000000000355e+00,-1.509999999999999343e+00
-7.400000000000000355e+00,-1.559999999999999609e+00
-7.400000000000000355e+00,-1.609999999999999432e+00
-7.400000000000000355e+00,-1.659999999999999254e+00
-7.400000000000000355e+00,-1.709999999999999520e+00
-7.400000000000000355e+00,-1.759999999999999343e+00
-7.400000000000000355e+00,-1.809999999999999609e+00
-7.400000000000000355e+00,-1.859999999999999432e+00
-7.400000000000000355e+00,-1.909999999999999698e+00
-7.400000000000000355e+00,-1.959999999999999520e+00
-7.349999999999999645e+00,5.140000000000001457e+00
-7.349999999999999645e+00,9.900000000000011013e-01
-7.349999999999999645e+00,9.400000000000003908e-01
-7.349999999999999645e+00,7.400000000000011013e-01
-7.349999999999999645e+00,6.900000000000003908e-01
-7.349999999999999645e+00,-4.599999999999995204e-01
-7.349999999999999645e+00,-6.599999999999992539e-01
-7.349999999999999645e+00,-7.099999999999995204e-01
-7.349999999999999645e+00,-7.599999999999993427e-01
-7.349999999999999645e+00,-8.599999999999994316e-01
-7.349999999999999645e+00,-9.099999999999992539e-01
-7.349999999999999645e+00,-9.599999999999995204e-01
-7.349999999999999645e+00,-1.009999999999999343e+00
-7.349999999999999645e+00,-1.059999999999999609e+00
-7.349999999999999645e+00,-1.109999999999999432e+00
-7.349999999999999645e+00,-1.159999999999999254e+00
-7.349999999999999645e+00,-1.209999999999999520e+00
-7.349999999999999645e+00,-1.259999999999999343e+00
-7.349999999999999645e+00,-1.309999999999999609e+00
-7.349999999999999645e+00,-1.359999999999999432e+00
-7.349999999999999645e+00,-1.409999999999999254e+00
-7.349999999999999645e+00,-1.459999999999999520e+00
-7.349999999999999645e+00,-1.509999999999999343e+00
-7.349999999999999645e+00,-1.559999999999999609e+00
-7.349999999999999645e+00,-1.609999999999999432e+00
-7.349999999999999645e+00,-1.659999999999999254e+00
-7.349999999999999645e+00,-1.709999999999999520e+00
-7.349999999999999645e+00,-1.759999999999999343e+00
-7.349999999999999645e+00,-1.809999999999999609e+00
-7.349999999999999645e+00,-1.859999999999999432e+00
-7.349999999999999645e+00,-1.909999999999999698e+00
-7.349999999999999645e+00,-1.959999999999999520e+00
-7.349999999999999645e+00,-2.009999999999999343e+00
-7.349999999999999645e+00,-2.059999999999999609e+00
-7.349999999999999645e+00,-2.109999999999999432e+00
-7.349999999999999645e+00,-2.159999999999999254e+00
-7.349999999999999645e+00,-2.209999999999999520e+00
-7.349999999999999645e+00,-2.259999999999999787e+00
-7.349999999999999645e+00,-2.309999999999999609e+00
-7.349999999999999645e+00,-2.359999999999999432e+00
-7.349999999999999645e+00,-2.409999999999999254e+00
-7.349999999999999645e+00,-2.459999999999999520e+00
-7.349999999999999645e+00,-2.509999999999999787e+00
-7.349999999999999645e+00,-2.559999999999999609e+00
-7.349999999999999645e+00,-2.609999999999999432e+00
-7.349999999999999645e+00,-2.659999999999999254e+00
-7.349999999999999645e+00,-2.709999999999999520e+00
-7.349999999999999645e+00,-2.759999999999999787e+00
-7.349999999999999645e+00,-2.809999999999999609e+00
-7.349999999999999645e+00,-2.859999999999999432e+00
-7.349999999999999645e+00,-2.909999999999999254e+00
-7.349999999999999645e+00,-2.959999999999999520e+00
-7.349999999999999645e+00,-3.009999999999999787e+00
-7.349999999999999645e+00,-3.059999999999999609e+00
-7.349999999999999645e+00,-3.109999999999999432e+00
-7.349999999999999645e+00,-3.159999999999999698e+00
-7.349999999999999645e+00,-3.209999999999999520e+00
-7.349999999999999645e+00,-3.259999999999999787e+00
-7.349999999999999645e+00,-3.309999999999999609e+00
-7.349999999999999645e+00,-3.359999999999999432e+00
-7.349999999999999645e+00,-3.409999999999999698e+00
-7.349999999999999645e+00,-3.459999999999999520e+00
-7.349999999999999645e+00,-3.509999999999999787e+00
-7.349999999999999645e+00,-3.559999999999999609e+00
-7.349999999999999645e+00,-3.609999999999999432e+00
-7.349999999999999645e+00,-3.659999999999999698e+00
-7.349999999999999645e+00,-3.709999999999999520e+00
-7.349999999999999645e+00,-3.809999999999999609e+00
-7.349999999999999645e+00,-3.859999999999999432e+00
-7.299999999999999822e+00,5.140000000000001457e+00
-7.299999999999999822e+00,9.400000000000003908e-01
-7.299999999999999822e+00,7.400000000000011013e-01
-7.299999999999999822e+00,6.900000000000003908e-01
-7.299999999999999822e+00,-3.559999999999999609e+00
-7.299999999999999822e+00,-3.659999999999999698e+00
-7.299999999999999822e+00,-3.709999999999999520e+00
-7.299999999999999822e+00,-3.759999999999999787e+00
-7.299999999999999822e+00,-3.809999999999999609e+00
-7.299999999999999822e+00,-3.909999999999999698e+00
-7.299999999999999822e+00,-3.959999999999999520e+00
-7.299999999999999822e+00,-4.009999999999999787e+00
-7.250000000000000000e+00,5.140000000000001457e+00
-7.250000000000000000e+00,9.400000000000003908e-01
-7.250000000000000000e+00,7.400000000000011013e-01
-7.250000000000000000e+00,6.900000000000003908e-01
-7.250000000000000000e+00,-3.959999999999999520e+00
-7.250000000000000000e+00,-4.009999999999999787e+00
-7.200000000000000178e+00,5.140000000000001457e+00
-7.200000000000000178e+00,9.900000000000011013e-01
-7.200000000000000178e+00,9.400000000000003908e-01
-7.200000000000000178e+00,7.400000000000011013e-01
-7.200000000000000178e+00,6.900000000000003908e-01
-7.200000000000000178e+00,-3.959999999999999520e+00
-7.200000000000000178e+00,-4.009999999999999787e+00
-7.150000000000000355e+00,5.140000000000001457e+00
-7.150000000000000355e+00,9.900000000000011013e-01
-7.150000000000000355e+00,9.400000000000003908e-01
-7.150000000000000355e+00,7.400000000000011013e-01
-7.150000000000000355e+00,6.900000000000003908e-01
-7.150000000000000355e+00,-3.959999999999999520e+00
-7.150000000000000355e+00,-4.009999999999999787e+00
-7.099999999999999645e+00,9.900000000000011013e-01
-7.099999999999999645e+00,9.400000000000003908e-01
-7.099999999999999645e+00,7.400000000000011013e-01
-7.099999999999999645e+00,6.900000000000003908e-01
-7.099999999999999645e+00,-3.959999999999999520e+00
-7.099999999999999645e+00,-4.009999999999999787e+00
-7.049999999999999822e+00,5.140000000000001457e+00
-7.049999999999999822e+00,5.090000000000000746e+00
-7.049999999999999822e+00,5.040000000000000036e+00
-7.049999999999999822e+00,4.990000000000001101e+00
-7.049999999999999822e+00,4.940000000000000391e+00
-7.049999999999999822e+00,4.890000000000001457e+00
-7.049999999999999822e+00,4.840000000000000746e+00
-7.049999999999999822e+00,4.790000000000000036e+00
-7.049999999999999822e+00,4.740000000000001101e+00
-7.049999999999999822e+00,9.900000000000011013e-01
-7.049999999999999822e+00,7.400000000000011013e-01
-7.049999999999999822e+00,6.900000000000003908e-01
-7.049999999999999822e+00,-3.959999999999999520e+00
-7.049999999999999822e+00,-4.009999999999999787e+00
-7.000000000000000000e+00,5.140000000000001457e+00
-7.000000000000000000e+00,5.090000000000000746e+00
-7.000000000000000000e+00,5.040000000000000036e+00
-7.000000000000000000e+00,4.940000000000000391e+00
-7.000000000000000000e+00,4.890000000000001457e+00
-7.000000000000000000e+00,4.840000000000000746e+00
-7.000000000000000000e+00,4.790000000000000036e+00
-7.000000000000000000e+00,7.400000000000011013e-01
-7.000000000000000000e+00,6.900000000000003908e-01
-7.000000000000000000e+00,-3.959999999999999520e+00
-7.000000000000000000e+00,-4.009999999999999787e+00
-6.950000000000000178e+00,5.140000000000001457e+00
-6.950000000000000178e+00,1.390000000000000568e+00
-6.950000000000000178e+00,1.340000000000000746e+00
-6.950000000000000178e+00,1.290000000000000924e+00
-6.950000000000000178e+00,1.240000000000001101e+00
-6.950000000000000178e+00,1.190000000000000391e+00
-6.950000000000000178e+00,1.140000000000000568e+00
-6.950000000000000178e+00,1.090000000000000746e+00
-6.950000000000000178e+00,1.040000000000000924e+00
-6.950000000000000178e+00,9.900000000000011013e-01
-6.950000000000000178e+00,9.400000000000003908e-01
-6.950000000000000178e+00,8.900000000000005684e-01
-6.950000000000000178e+00,7.400000000000011013e-01
-6.950000000000000178e+00,6.900000000000003908e-01
-6.950000000000000178e+00,-3.959999999999999520e+00
-6.950000000000000178e+00,-4.009999999999999787e+00
-6.900000000000000355e+00,5.140000000000001457e+00
-6.900000000000000355e+00,9.400000000000003908e-01
-6.900000000000000355e+00,8.900000000000005684e-01
-6.900000000000000355e+00,7.400000000000011013e-01
-6.900000000000000355e+00,6.900000000000003908e-01
-6.900000000000000355e+00,-3.959999999999999520e+00
-6.900000000000000355e+00,-4.009999999999999787e+00
-6.849999999999999645e+00,5.140000000000001457e+00
-6.849999999999999645e+00,9.400000000000003908e-01
-6.849999999999999645e+00,8.900000000000005684e-01
-6.849999999999999645e+00,7.400000000000011013e-01
-6.849999999999999645e+00,6.900000000000003908e-01
-6.849999999999999645e+00,-3.959999999999999520e+00
-6.799999999999999822e+00,5.140000000000001457e+00
-6.799999999999999822e+00,9.400000000000003908e-01
-6.799999999999999822e+00,8.900000000000005684e-01
-6.799999999999999822e+00,7.400000000000011013e-01
-6.799999999999999822e+00,6.900000000000003908e-01
-6.799999999999999822e+00,-3.959999999999999520e+00
-6.799999999999999822e+00,-4.009999999999999787e+00
-6.750000000000000000e+00,5.140000000000001457e+00
-6.750000000000000000e+00,9.400000000000003908e-01
-6.750000000000000000e+00,8.900000000000005684e-01
-6.750000000000000000e+00,8.400000000000007461e-01
-6.750000000000000000e+00,7.900000000000009237e-01
-6.750000000000000000e+00,7.400000000000011013e-01
-6.750000000000000000e+00,6.900000000000003908e-01
-6.750000000000000000e+00,-3.959999999999999520e+00
-6.750000000000000000e+00,-4.009999999999999787e+00
-6.700000000000000178e+00,5.140000000000001457e+00
-6.700000000000000178e+00,-3.959999999999999520e+00
-6.700000000000000178e+00,-4.009999999999999787e+00
-6.650000000000000355e+00,5.140000000000001457e+00
-6.650000000000000355e+00,-3.959999999999999520e+00
-6.650000000000000355e+00,-4.009999999999999787e+00
-6.599999999999999645e+00,5.140000000000001457e+00
-6.599999999999999645e+00,-3.959999999999999520e+00
-6.599999999999999645e+00,-4.009999999999999787e+00
-6.549999999999999822e+00,5.140000000000001457e+00
-6.549999999999999822e+00,-3.959999999999999520e+00
-6.549999999999999822e+00,-4.009999999999999787e+00
-6.500000000000000000e+00,5.140000000000001457e+00
-6.500000000000000000e+00,-3.959999999999999520e+00
-6.450000000000000178e+00,5.140000000000001457e+00
-6.450000000000000178e+00,-3.959999999999999520e+00
-6.450000000000000178e+00,-4.009999999999999787e+00
-6.400000000000000355e+00,5.140000000000001457e+00
-6.400000000000000355e+00,-3.959999999999999520e+00
-6.400000000000000355e+00,-4.009999999999999787e+00
-6.349999999999999645e+00,5.140000000000001457e+00
-6.349999999999999645e+00,-3.959999999999999520e+00
-6.349999999999999645e+00,-4.009999999999999787e+00
-6.299999999999999822e+00,5.140000000000001457e+00
-6.299999999999999822e+00,-3.959999999999999520e+00
-6.250000000000000000e+00,5.140000000000001457e+00
-6.250000000000000000e+00,-3.959999999999999520e+00
-6.200000000000000178e+00,5.140000000000001457e+00
-6.200000000000000178e+00,-3.959999999999999520e+00
-6.150000000000000355e+00,5.140000000000001457e+00
-6.150000000000000355e+00,5.090000000000000746e+00
-6.150000000000000355e+00,5.040000000000000036e+00
-6.150000000000000355e+00,4.990000000000001101e+00
-6.150000000000000355e+00,4.940000000000000391e+00
-6.150000000000000355e+00,4.890000000000001457e+00
-6.150000000000000355e+00,4.840000000000000746e+00
-6.150000000000000355e+00,4.790000000000000036e+00
-6.150000000000000355e+00,4.740000000000001101e+00
-6.150000000000000355e+00,-3.959999999999999520e+00
-6.099999999999999645e+00,5.140000000000001457e+00
-6.099999999999999645e+00,5.090000000000000746e+00
-6.099999999999999645e+00,5.040000000000000036e+00
-6.099999999999999645e+00,4.990000000000001101e+00
-6.099999999999999645e+00,4.940000000000000391e+00
-6.099999999999999645e+00,4.890000000000001457e+00
-6.099999999999999645e+00,4.840000000000000746e+00
-6.099999999999999645e+00,4.790000000000000036e+00
-6.099999999999999645e+00,-3.959999999999999520e+00
-6.049999999999999822e+00,5.140000000000001457e+00
-6.049999999999999822e+00,-3.959999999999999520e+00
-6.000000000000000000e+00,5.190000000000000391e+00
-6.000000000000000000e+00,5.140000000000001457e+00
-6.000000000000000000e+00,-3.959999999999999520e+00
-5.950000000000000178e+00,5.190000000000000391e+00
-5.950000000000000178e+00,5.140000000000001457e+00
-5.950000000000000178e+00,-3.959999999999999520e+00
-5.900000000000000355e+00,5.190000000000000391e+00
-5.900000000000000355e+00,5.140000000000001457e+00
-5.900000000000000355e+00,-3.959999999999999520e+00
-5.849999999999999645e+00,5.190000000000000391e+00
-5.849999999999999645e+00,5.140000000000001457e+00
-5.849999999999999645e+00,9.400000000000003908e-01
-5.849999999999999645e+00,8.900000000000005684e-01
-5.849999999999999645e+00,8.400000000000007461e-01
-5.849999999999999645e+00,7.900000000000009237e-01
-5.849999999999999645e+00,7.400000000000011013e-01
-5.849999999999999645e+00,-3.959999999999999520e+00
-5.799999999999999822e+00,5.190000000000000391e+00
-5.799999999999999822e+00,5.140000000000001457e+00
-5.799999999999999822e+00,9.400000000000003908e-01
-5.799999999999999822e+00,7.400000000000011013e-01
-5.799999999999999822e+00,-3.959999999999999520e+00
-5.750000000000000000e+00,5.190000000000000391e+00
-5.750000000000000000e+00,5.140000000000001457e+00
-5.750000000000000000e+00,9.900000000000011013e-01
-5.750000000000000000e+00,9.400000000000003908e-01
-5.750000000000000000e+00,7.400000000000011013e-01
-5.750000000000000000e+00,-3.959999999999999520e+00
-5.700000000000000178e+00,5.190000000000000391e+00
-5.700000000000000178e+00,5.140000000000001457e+00
-5.700000000000000178e+00,9.900000000000011013e-01
-5.700000000000000178e+00,9.400000000000003908e-01
-5.700000000000000178e+00,7.400000000000011013e-01
-5.700000000000000178e+00,-3.959999999999999520e+00
-5.650000000000000355e+00,5.190000000000000391e+00
-5.650000000000000355e+00,5.140000000000001457e+00
-5.650000000000000355e+00,9.900000000000011013e-01
-5.650000000000000355e+00,9.400000000000003908e-01
-5.650000000000000355e+00,7.400000000000011013e-01
-5.650000000000000355e+00,-1.459999999999999520e+00
-5.650000000000000355e+00,-1.909999999999999698e+00
-5.650000000000000355e+00,-1.959999999999999520e+00
-5.650000000000000355e+00,-2.409999999999999254e+00
-5.650000000000000355e+00,-3.959999999999999520e+00
-5.599999999999999645e+00,5.190000000000000391e+00
-5.599999999999999645e+00,5.140000000000001457e+00
-5.599999999999999645e+00,9.900000000000011013e-01
-5.599999999999999645e+00,9.400000000000003908e-01
-5.599999999999999645e+00,7.400000000000011013e-01
-5.599999999999999645e+00,-1.409999999999999254e+00
-5.599999999999999645e+00,-1.459999999999999520e+00
-5.599999999999999645e+00,-1.909999999999999698e+00
-5.599999999999999645e+00,-1.959999999999999520e+00
-5.599999999999999645e+00,-2.409999999999999254e+00
-5.599999999999999645e+00,-3.959999999999999520e+00
-5.549999999999999822e+00,5.190000000000000391e+00
-5.549999999999999822e+00,5.140000000000001457e+00
-5.549999999999999822e+00,9.900000000000011013e-01
-5.549999999999999822e+00,9.400000000000003908e-01
-5.549999999999999822e+00,7.400000000000011013e-01
-5.549999999999999822e+00,-1.409999999999999254e+00
-5.549999999999999822e+00,-1.459999999999999520e+00
-5.549999999999999822e+00,-1.859999999999999432e+00
-5.549999999999999822e+00,-1.909999999999999698e+00
-5.549999999999999822e+00,-2.409999999999999254e+00
-5.549999999999999822e+00,-3.959999999999999520e+00
-5.500000000000000000e+00,5.190000000000000391e+00
-5.500000000000000000e+00,5.140000000000001457e+00
-5.500000000000000000e+00,9.900000000000011013e-01
-5.500000000000000000e+00,9.400000000000003908e-01
-5.500000000000000000e+00,7.400000000000011013e-01
-5.500000000000000000e+00,-1.409999999999999254e+00
-5.500000000000000000e+00,-1.459999999999999520e+00
-5.500000000000000000e+00,-1.909999999999999698e+00
-5.500000000000000000e+00,-2.409999999999999254e+00
-5.500000000000000000e+00,-3.959999999999999520e+00
-5.449999999999999289e+00,5.190000000000000391e+00
-5.449999999999999289e+00,5.140000000000001457e+00
-5.449999999999999289e+00,9.900000000000011013e-01
-5.449999999999999289e+00,9.400000000000003908e-01
-5.449999999999999289e+00,7.400000000000011013e-01
-5.449999999999999289e+00,-1.409999999999999254e+00
-5.449999999999999289e+00,-1.459999999999999520e+00
-5.449999999999999289e+00,-1.909999999999999698e+00
-5.449999999999999289e+00,-2.359999999999999432e+00
-5.449999999999999289e+00,-2.409999999999999254e+00
-5.449999999999999289e+00,-3.959999999999999520e+00
-5.400000000000000355e+00,5.190000000000000391e+00
-5.400000000000000355e+00,5.140000000000001457e+00
-5.400000000000000355e+00,9.900000000000011013e-01
-5.400000000000000355e+00,9.400000000000003908e-01
-5.400000000000000355e+00,7.400000000000011013e-01
-5.400000000000000355e+00,-1.409999999999999254e+00
-5.400000000000000355e+00,-1.459999999999999520e+00
-5.400000000000000355e+00,-1.909999999999999698e+00
-5.400000000000000355e+00,-2.409999999999999254e+00
-5.400000000000000355e+00,-3.959999999999999520e+00
-5.349999999999999645e+00,5.190000000000000391e+00
-5.349999999999999645e+00,5.140000000000001457e+00
-5.349999999999999645e+00,9.900000000000011013e-01
-5.349999999999999645e+00,9.400000000000003908e-01
-5.349999999999999645e+00,7.400000000000011013e-01
-5.349999999999999645e+00,-1.409999999999999254e+00
-5.349999999999999645e+00,-1.459999999999999520e+00
-5.349999999999999645e+00,-1.909999999999999698e+00
-5.349999999999999645e+00,-2.409999999999999254e+00
-5.349999999999999645e+00,-3.909999999999999698e+00
-5.349999999999999645e+00,-3.959999999999999520e+00
-5.299999999999999822e+00,5.190000000000000391e+00
-5.299999999999999822e+00,5.140000000000001457e+00
-5.299999999999999822e+00,5.090000000000000746e+00
-5.299999999999999822e+00,5.040000000000000036e+00
-5.299999999999999822e+00,4.990000000000001101e+00
-5.299999999999999822e+00,4.940000000000000391e+00
-5.299999999999999822e+00,4.890000000000001457e+00
-5.299999999999999822e+00,4.790000000000000036e+00
-5.299999999999999822e+00,4.740000000000001101e+00
-5.299999999999999822e+00,4.690000000000000391e+00
-5.299999999999999822e+00,9.900000000000011013e-01
-5.299999999999999822e+00,9.400000000000003908e-01
-5.299999999999999822e+00,7.400000000000011013e-01
-5.299999999999999822e+00,-1.359999999999999432e+00
-5.299999999999999822e+00,-1.409999999999999254e+00
-5.299999999999999822e+00,-1.459999999999999520e+00
-5.299999999999999822e+00,-1.909999999999999698e+00
-5.299999999999999822e+00,-2.409999999999999254e+00
-5.299999999999999822e+00,-3.959999999999999520e+00
-5.250000000000000000e+00,5.140000000000001457e+00
-5.250000000000000000e+00,5.090000000000000746e+00
-5.250000000000000000e+00,5.040000000000000036e+00
-5.250000000000000000e+00,4.990000000000001101e+00
-5.250000000000000000e+00,4.940000000000000391e+00
-5.250000000000000000e+00,4.890000000000001457e+00
-5.250000000000000000e+00,4.840000000000000746e+00
-5.250000000000000000e+00,4.790000000000000036e+00
-5.250000000000000000e+00,4.740000000000001101e+00
-5.250000000000000000e+00,4.690000000000000391e+00
-5.250000000000000000e+00,4.640000000000001457e+00
-5.250000000000000000e+00,4.590000000000000746e+00
-5.250000000000000000e+00,4.540000000000000036e+00
-5.250000000000000000e+00,4.490000000000001101e+00
-5.250000000000000000e+00,2.090000000000000746e+00
-5.250000000000000000e+00,2.040000000000000924e+00
-5.250000000000000000e+00,1.990000000000001101e+00
-5.250000000000000000e+00,1.940000000000000391e+00
-5.250000000000000000e+00,1.890000000000000568e+00
-5.250000000000000000e+00,1.840000000000000746e+00
-5.250000000000000000e+00,1.790000000000000924e+00
-5.250000000000000000e+00,1.740000000000001101e+00
-5.250000000000000000e+00,1.690000000000000391e+00
-5.250000000000000000e+00,1.640000000000000568e+00
-5.250000000000000000e+00,1.590000000000000746e+00
-5.250000000000000000e+00,1.540000000000000924e+00
-5.250000000000000000e+00,1.490000000000001101e+00
-5.250000000000000000e+00,1.440000000000000391e+00
-5.250000000000000000e+00,1.390000000000000568e+00
-5.250000000000000000e+00,1.340000000000000746e+00
-5.250000000000000000e+00,1.290000000000000924e+00
-5.250000000000000000e+00,1.240000000000001101e+00
-5.250000000000000000e+00,1.190000000000000391e+00
-5.250000000000000000e+00,1.140000000000000568e+00
-5.250000000000000000e+00,1.090000000000000746e+00
-5.250000000000000000e+00,1.040000000000000924e+00
-5.250000000000000000e+00,9.900000000000011013e-01
-5.250000000000000000e+00,9.400000000000003908e-01
-5.250000000000000000e+00,7.400000000000011013e-01
-5.250000000000000000e+00,-1.409999999999999254e+00
-5.250000000000000000e+00,-1.459999999999999520e+00
-5.250000000000000000e+00,-1.909999999999999698e+00
-5.250000000000000000e+00,-2.359999999999999432e+00
-5.250000000000000000e+00,-2.409999999999999254e+00
-5.250000000000000000e+00,-3.959999999999999520e+00
-5.199999999999999289e+00,4.490000000000001101e+00
-5.199999999999999289e+00,2.090000000000000746e+00
-5.199999999999999289e+00,2.040000000000000924e+00
-5.199999999999999289e+00,1.940000000000000391e+00
-5.199999999999999289e+00,1.890000000000000568e+00
-5.199999999999999289e+00,1.840000000000000746e+00
-5.199999999999999289e+00,1.790000000000000924e+00
-5.199999999999999289e+00,1.740000000000001101e+00
-5.199999999999999289e+00,1.690000000000000391e+00
-5.199999999999999289e+00,1.640000000000000568e+00
-5.199999999999999289e+00,1.590000000000000746e+00
-5.199999999999999289e+00,1.540000000000000924e+00
-5.199999999999999289e+00,1.490000000000001101e+00
-5.199999999999999289e+00,1.440000000000000391e+00
-5.199999999999999289e+00,1.390000000000000568e+00
-5.199999999999999289e+00,1.340000000000000746e+00
-5.199999999999999289e+00,1.290000000000000924e+00
-5.199999999999999289e+00,1.240000000000001101e+00
-5.199999999999999289e+00,1.190000000000000391e+00
-5.199999999999999289e+00,1.140000000000000568e+00
-5.199999999999999289e+00,1.090000000000000746e+00
-5.199999999999999289e+00,1.040000000000000924e+00
-5.199999999999999289e+00,9.900000000000011013e-01
-5.199999999999999289e+00,9.400000000000003908e-01
-5.199999999999999289e+00,7.400000000000011013e-01
-5.199999999999999289e+00,6.900000000000003908e-01
-5.199999999999999289e+00,6.400000000000005684e-01
-5.199999999999999289e+00,5.900000000000007461e-01
-5.199999999999999289e+00,5.400000000000009237e-01
-5.199999999999999289e+00,4.900000000000002132e-01
-5.199999999999999289e+00,4.400000000000003908e-01
-5.199999999999999289e+00,3.900000000000005684e-01
-5.199999999999999289e+00,3.400000000000007461e-01
-5.199999999999999289e+00,2.900000000000009237e-01
-5.199999999999999289e+00,2.400000000000002132e-01
-5.199999999999999289e+00,1.900000000000003908e-01
-5.199999999999999289e+00,1.400000000000005684e-01
-5.199999999999999289e+00,9.000000000000074607e-02
-5.199999999999999289e+00,4.000000000000092371e-02
-5.199999999999999289e+00,-9.999999999999786837e-03
-5.199999999999999289e+00,-5.999999999999960920e-02
-5.199999999999999289e+00,-1.099999999999994316e-01
-5.199999999999999289e+00,-1.599999999999992539e-01
-5.199999999999999289e+00,-2.099999999999995204e-01
-5.199999999999999289e+00,-2.599999999999993427e-01
-5.199999999999999289e+00,-3.099999999999996092e-01
-5.199999999999999289e+00,-3.599999999999994316e-01
-5.199999999999999289e+00,-4.099999999999992539e-01
-5.199999999999999289e+00,-4.599999999999995204e-01
-5.199999999999999289e+00,-5.099999999999993427e-01
-5.199999999999999289e+00,-5.599999999999996092e-01
-5.199999999999999289e+00,-6.099999999999994316e-01
-5.199999999999999289e+00,-6.599999999999992539e-01
-5.199999999999999289e+00,-7.099999999999995204e-01
-5.199999999999999289e+00,-7.599999999999993427e-01
-5.199999999999999289e+00,-8.099999999999996092e-01
-5.199999999999999289e+00,-8.599999999999994316e-01
-5.199999999999999289e+00,-9.099999999999992539e-01
-5.199999999999999289e+00,-9.599999999999995204e-01
-5.199999999999999289e+00,-1.009999999999999343e+00
-5.199999999999999289e+00,-1.059999999999999609e+00
-5.199999999999999289e+00,-1.109999999999999432e+00
-5.199999999999999289e+00,-1.159999999999999254e+00
-5.199999999999999289e+00,-1.209999999999999520e+00
-5.199999999999999289e+00,-1.259999999999999343e+00
-5.199999999999999289e+00,-1.309999999999999609e+00
-5.199999999999999289e+00,-1.359999999999999432e+00
-5.199999999999999289e+00,-1.409999999999999254e+00
-5.199999999999999289e+00,-1.459999999999999520e+00
-5.199999999999999289e+00,-1.509999999999999343e+00
-5.199999999999999289e+00,-1.559999999999999609e+00
-5.199999999999999289e+00,-1.609999999999999432e+00
-5.199999999999999289e+00,-1.659999999999999254e+00
-5.199999999999999289e+00,-1.709999999999999520e+00
-5.199999999999999289e+00,-1.759999999999999343e+00
-5.199999999999999289e+00,-1.809999999999999609e+00
-5.199999999999999289e+00,-1.859999999999999432e+00
-5.199999999999999289e+00,-1.909999999999999698e+00
-5.199999999999999289e+00,-2.209999999999999520e+00
-5.199999999999999289e+00,-2.259999999999999787e+00
-5.199999999999999289e+00,-2.309999999999999609e+00
-5.199999999999999289e+00,-2.359999999999999432e+00
-5.199999999999999289e+00,-2.409999999999999254e+00
-5.199999999999999289e+00,-3.959999999999999520e+00
-5.150000000000000355e+00,5.040000000000000036e+00
-5.150000000000000355e+00,4.990000000000001101e+00
-5.150000000000000355e+00,4.940000000000000391e+00
-5.150000000000000355e+00,4.890000000000001457e+00
-5.150000000000000355e+00,4.840000000000000746e+00
-5.150000000000000355e+00,4.790000000000000036e+00
-5.150000000000000355e+00,4.740000000000001101e+00
-5.150000000000000355e+00,4.690000000000000391e+00
-5.150000000000000355e+00,4.640000000000001457e+00
-5.150000000000000355e+00,4.590000000000000746e+00
-5.150000000000000355e+00,4.540000000000000036e+00
-5.150000000000000355e+00,4.490000000000001101e+00
-5.150000000000000355e+00,2.090000000000000746e+00
-5.150000000000000355e+00,2.040000000000000924e+00
-5.150000000000000355e+00,-4.599999999999995204e-01
-5.150000000000000355e+00,-5.599999999999996092e-01
-5.150000000000000355e+00,-6.099999999999994316e-01
-5.150000000000000355e+00,-6.599999999999992539e-01
-5.150000000000000355e+00,-7.099999999999995204e-01
-5.150000000000000355e+00,-7.599999999999993427e-01
-5.150000000000000355e+00,-8.099999999999996092e-01
-5.150000000000000355e+00,-8.599999999999994316e-01
-5.150000000000000355e+00,-9.099999999999992539e-01
-5.150000000000000355e+00,-9.599999999999995204e-01
-5.150000000000000355e+00,-1.009999999999999343e+00
-5.150000000000000355e+00,-1.059999999999999609e+00
-5.150000000000000355e+00,-1.109999999999999432e+00
-5.150000000000000355e+00,-1.159999999999999254e+00
-5.150000000000000355e+00,-1.209999999999999520e+00
-5.150000000000000355e+00,-1.259999999999999343e+00
-5.150000000000000355e+00,-1.309999999999999609e+00
-5.150000000000000355e+00,-1.359999999999999432e+00
-5.150000000000000355e+00,-1.409999999999999254e+00
-5.150000000000000355e+00,-1.459999999999999520e+00
-5.150000000000000355e+00,-1.709999999999999520e+00
-5.150000000000000355e+00,-1.809999999999999609e+00
-5.150000000000000355e+00,-2.259999999999999787e+00
-5.150000000000000355e+00,-2.309999999999999609e+00
-5.150000000000000355e+00,-2.359999999999999432e+00
-5.150000000000000355e+00,-2.409999999999999254e+00
-5.150000000000000355e+00,-3.059999999999999609e+00
-5.150000000000000355e+00,-3.109999999999999432e+00
-5.150000000000000355e+00,-3.159999999999999698e+00
-5.150000000000000355e+00,-3.209999999999999520e+00
-5.150000000000000355e+00,-3.259999999999999787e+00
-5.150000000000000355e+00,-3.309999999999999609e+00
-5.150000000000000355e+00,-3.359999999999999432e+00
-5.150000000000000355e+00,-3.409999999999999698e+00
-5.150000000000000355e+00,-3.459999999999999520e+00
-5.150000000000000355e+00,-3.509999999999999787e+00
-5.150000000000000355e+00,-3.559999999999999609e+00
-5.150000000000000355e+00,-3.609999999999999432e+00
-5.150000000000000355e+00,-3.659999999999999698e+00
-5.150000000000000355e+00,-3.709999999999999520e+00
-5.150000000000000355e+00,-3.759999999999999787e+00
-5.150000000000000355e+00,-3.809999999999999609e+00
-5.150000000000000355e+00,-3.859999999999999432e+00
-5.150000000000000355e+00,-3.909999999999999698e+00
-5.150000000000000355e+00,-3.959999999999999520e+00
-5.099999999999999645e+00,5.190000000000000391e+00
-5.099999999999999645e+00,5.140000000000001457e+00
-5.099999999999999645e+00,5.090000000000000746e+00
-5.099999999999999645e+00,5.040000000000000036e+00
-5.099999999999999645e+00,4.990000000000001101e+00
-5.099999999999999645e+00,4.940000000000000391e+00
-5.099999999999999645e+00,4.890000000000001457e+00
-5.099999999999999645e+00,4.840000000000000746e+00
-5.099999999999999645e+00,4.790000000000000036e+00
-5.099999999999999645e+00,4.740000000000001101e+00
-5.099999999999999645e+00,4.690000000000000391e+00
-5.099999999999999645e+00,4.640000000000001457e+00
-5.099999999999999645e+00,4.590000000000000746e+00
-5.099999999999999645e+00,4.540000000000000036e+00
-5.099999999999999645e+00,4.490000000000001101e+00
-5.099999999999999645e+00,2.090000000000000746e+00
-5.099999999999999645e+00,2.040000000000000924e+00
-5.099999999999999645e+00,1.990000000000001101e+00
-5.099999999999999645e+00,1.940000000000000391e+00
-5.099999999999999645e+00,1.890000000000000568e+00
-5.099999999999999645e+00,1.840000000000000746e+00
-5.099999999999999645e+00,1.790000000000000924e+00
-5.099999999999999645e+00,1.740000000000001101e+00
-5.099999999999999645e+00,1.690000000000000391e+00
-5.099999999999999645e+00,1.640000000000000568e+00
-5.099999999999999645e+00,1.590000000000000746e+00
-5.099999999999999645e+00,1.540000000000000924e+00
-5.099999999999999645e+00,1.490000000000001101e+00
-5.099999999999999645e+00,1.440000000000000391e+00
-5.099999999999999645e+00,1.390000000000000568e+00
-5.099999999999999645e+00,1.340000000000000746e+00
-5.099999999999999645e+00,1.290000000000000924e+00
-5.099999999999999645e+00,1.240000000000001101e+00
-5.099999999999999645e+00,1.190000000000000391e+00
-5.099999999999999645e+00,1.140000000000000568e+00
-5.099999999999999645e+00,1.090000000000000746e+00
-5.099999999999999645e+00,1.040000000000000924e+00
-5.099999999999999645e+00,9.900000000000011013e-01
-5.099999999999999645e+00,9.400000000000003908e-01
-5.099999999999999645e+00,8.900000000000005684e-01
-5.099999999999999645e+00,8.400000000000007461e-01
-5.099999999999999645e+00,7.900000000000009237e-01
-5.099999999999999645e+00,7.400000000000011013e-01
-5.099999999999999645e+00,6.900000000000003908e-01
-5.099999999999999645e+00,6.400000000000005684e-01
-5.099999999999999645e+00,5.900000000000007461e-01
-5.099999999999999645e+00,5.400000000000009237e-01
-5.099999999999999645e+00,4.900000000000002132e-01
-5.099999999999999645e+00,4.400000000000003908e-01
-5.099999999999999645e+00,3.900000000000005684e-01
-5.099999999999999645e+00,3.400000000000007461e-01
-5.099999999999999645e+00,4.000000000000092371e-02
-5.099999999999999645e+00,-7.599999999999993427e-01
-5.099999999999999645e+00,-1.459999999999999520e+00
-5.099999999999999645e+00,-1.709999999999999520e+00
-5.099999999999999645e+00,-1.959999999999999520e+00
-5.099999999999999645e+00,-3.659999999999999698e+00
-5.099999999999999645e+00,-3.759999999999999787e+00
-5.099999999999999645e+00,-3.859999999999999432e+00
-5.099999999999999645e+00,-3.909999999999999698e+00
-5.049999999999999822e+00,5.190000000000000391e+00
-5.049999999999999822e+00,5.140000000000001457e+00
-5.049999999999999822e+00,2.040000000000000924e+00
-5.049999999999999822e+00,1.990000000000001101e+00
-5.049999999999999822e+00,1.940000000000000391e+00
-5.049999999999999822e+00,1.840000000000000746e+00
-5.049999999999999822e+00,1.790000000000000924e+00
-5.049999999999999822e+00,1.740000000000001101e+00
-5.049999999999999822e+00,1.690000000000000391e+00
-5.049999999999999822e+00,1.640000000000000568e+00
-5.049999999999999822e+00,1.590000000000000746e+00
-5.049999999999999822e+00,1.540000000000000924e+00
-5.049999999999999822e+00,1.490000000000001101e+00
-5.049999999999999822e+00,1.440000000000000391e+00
-5.049999999999999822e+00,1.390000000000000568e+00
-5.049999999999999822e+00,1.340000000000000746e+00
-5.049999999999999822e+00,1.290000000000000924e+00
-5.049999999999999822e+00,1.240000000000001101e+00
-5.049999999999999822e+00,1.190000000000000391e+00
-5.049999999999999822e+00,1.140000000000000568e+00
-5.049999999999999822e+00,1.090000000000000746e+00
-5.049999999999999822e+00,1.040000000000000924e+00
-5.049999999999999822e+00,9.900000000000011013e-01
-5.049999999999999822e+00,9.400000000000003908e-01
-5.049999999999999822e+00,8.900000000000005684e-01
-5.049999999999999822e+00,8.400000000000007461e-01
-5.049999999999999822e+00,7.900000000000009237e-01
-5.049999999999999822e+00,7.400000000000011013e-01
-5.049999999999999822e+00,6.900000000000003908e-01
-5.049999999999999822e+00,6.400000000000005684e-01
-5.049999999999999822e+00,5.900000000000007461e-01
-5.049999999999999822e+00,5.400000000000009237e-01
-5.049999999999999822e+00,4.900000000000002132e-01
-5.049999999999999822e+00,4.400000000000003908e-01
-5.049999999999999822e+00,3.900000000000005684e-01
-5.049999999999999822e+00,3.400000000000007461e-01
-5.049999999999999822e+00,2.900000000000009237e-01
-5.049999999999999822e+00,2.400000000000002132e-01
-5.049999999999999822e+00,1.900000000000003908e-01
-5.049999999999999822e+00,1.400000000000005684e-01
-5.049999999999999822e+00,9.000000000000074607e-02
-5.049999999999999822e+00,4.000000000000092371e-02
-5.049999999999999822e+00,-9.999999999999786837e-03
-5.049999999999999822e+00,-5.999999999999960920e-02
-5.049999999999999822e+00,-1.099999999999994316e-01
-5.049999999999999822e+00,-1.599999999999992539e-01
-5.049999999999999822e+00,-2.099999999999995204e-01
-5.049999999999999822e+00,-2.599999999999993427e-01
-5.049999999999999822e+00,-3.099999999999996092e-01
-5.049999999999999822e+00,-3.599999999999994316e-01
-5.049999999999999822e+00,-4.099999999999992539e-01
-5.049999999999999822e+00,-4.599999999999995204e-01
-5.049999999999999822e+00,-5.099999999999993427e-01
-5.049999999999999822e+00,-5.599999999999996092e-01
-5.049999999999999822e+00,-6.099999999999994316e-01
-5.049999999999999822e+00,-6.599999999999992539e-01
-5.049999999999999822e+00,-7.099999999999995204e-01
-5.049999999999999822e+00,-7.599999999999993427e-01
-5.049999999999999822e+00,-8.099999999999996092e-01
-5.049999999999999822e+00,-8.599999999999994316e-01
-5.049999999999999822e+00,-9.099999999999992539e-01
-5.049999999999999822e+00,-9.599999999999995204e-01
-5.049999999999999822e+00,-1.009999999999999343e+00
-5.049999999999999822e+00,-1.059999999999999609e+00
-5.049999999999999822e+00,-1.109999999999999432e+00
-5.049999999999999822e+00,-1.159999999999999254e+00
-5.049999999999999822e+00,-1.209999999999999520e+00
-5.049999999999999822e+00,-1.259999999999999343e+00
-5.049999999999999822e+00,-1.309999999999999609e+00
-5.049999999999999822e+00,-1.359999999999999432e+00
-5.049999999999999822e+00,-1.409999999999999254e+00
-5.049999999999999822e+00,-1.459999999999999520e+00
-5.049999999999999822e+00,-1.509999999999999343e+00
-5.049999999999999822e+00,-1.609999999999999432e+00
-5.049999999999999822e+00,-1.659999999999999254e+00
-5.049999999999999822e+00,-1.709999999999999520e+00
-5.049999999999999822e+00,-1.759999999999999343e+00
-5.049999999999999822e+00,-1.859999999999999432e+00
-5.049999999999999822e+00,-1.909999999999999698e+00
-5.049999999999999822e+00,-1.959999999999999520e+00
-5.049999999999999822e+00,-2.059999999999999609e+00
-5.049999999999999822e+00,-2.109999999999999432e+00
-5.000000000000000000e+00,5.190000000000000391e+00
-5.000000000000000000e+00,5.140000000000001457e+00
-5.000000000000000000e+00,-1.099999999999994316e-01
-5.000000000000000000e+00,-1.599999999999992539e-01
-4.949999999999999289e+00,4.840000000000000746e+00
-4.949999999999999289e+00,4.790000000000000036e+00
-4.949999999999999289e+00,4.740000000000001101e+00
-4.949999999999999289e+00,-1.099999999999994316e-01
-4.949999999999999289e+00,-1.599999999999992539e-01
-4.949999999999999289e+00,-2.099999999999995204e-01
-4.900000000000000355e+00,4.740000000000001101e+00
-4.900000000000000355e+00,4.690000000000000391e+00
-4.900000000000000355e+00,-1.099999999999994316e-01
-4.900000000000000355e+00,-1.599999999999992539e-01
-4.849999999999999645e+00,4.690000000000000391e+00
-4.849999999999999645e+00,4.640000000000001457e+00
-4.849999999999999645e+00,-1.099999999999994316e-01
-4.849999999999999645e+00,-1.599999999999992539e-01
-4.799999999999999822e+00,5.140000000000001457e+00
-4.799999999999999822e+00,4.640000000000001457e+00
-4.799999999999999822e+00,-1.099999999999994316e-01
-4.799999999999999822e+00,-1.599999999999992539e-01
-4.799999999999999822e+00,-2.099999999999995204e-01
-4.750000000000000000e+00,5.190000000000000391e+00
-4.750000000000000000e+00,5.140000000000001457e+00
-4.750000000000000000e+00,4.640000000000001457e+00
-4.750000000000000000e+00,-1.099999999999994316e-01
-4.750000000000000000e+00,-1.599999999999992539e-01
-4.699999999999999289e+00,5.190000000000000391e+00
-4.699999999999999289e+00,5.140000000000001457e+00
-4.699999999999999289e+00,4.640000000000001457e+00
-4.699999999999999289e+00,-1.099999999999994316e-01
-4.699999999999999289e+00,-1.599999999999992539e-01
-4.650000000000000355e+00,5.190000000000000391e+00
-4.650000000000000355e+00,5.140000000000001457e+00
-4.650000000000000355e+00,5.090000000000000746e+00
-4.650000000000000355e+00,4.690000000000000391e+00
-4.650000000000000355e+00,4.640000000000001457e+00
-4.650000000000000355e+00,-1.099999999999994316e-01
-4.650000000000000355e+00,-1.599999999999992539e-01
-4.599999999999999645e+00,5.190000000000000391e+00
-4.599999999999999645e+00,5.140000000000001457e+00
-4.599999999999999645e+00,5.040000000000000036e+00
-4.599999999999999645e+00,4.690000000000000391e+00
-4.599999999999999645e+00,4.640000000000001457e+00
-4.599999999999999645e+00,-1.099999999999994316e-01
-4.599999999999999645e+00,-1.599999999999992539e-01
-4.549999999999999822e+00,5.190000000000000391e+00
-4.549999999999999822e+00,5.140000000000001457e+00
-4.549999999999999822e+00,5.040000000000000036e+00
-4.549999999999999822e+00,4.990000000000001101e+00
-4.549999999999999822e+00,4.940000000000000391e+00
-4.549999999999999822e+00,4.790000000000000036e+00
-4.549999999999999822e+00,4.740000000000001101e+00
-4.549999999999999822e+00,4.690000000000000391e+00
-4.549999999999999822e+00,-1.099999999999994316e-01
-4.549999999999999822e+00,-1.599999999999992539e-01
-4.549999999999999822e+00,-2.099999999999995204e-01
-4.500000000000000000e+00,5.190000000000000391e+00
-4.500000000000000000e+00,4.940000000000000391e+00
-4.500000000000000000e+00,4.890000000000001457e+00
-4.500000000000000000e+00,4.840000000000000746e+00
-4.500000000000000000e+00,4.790000000000000036e+00
-4.500000000000000000e+00,-1.099999999999994316e-01
-4.500000000000000000e+00,-1.599999999999992539e-01
-4.449999999999999289e+00,5.190000000000000391e+00
-4.449999999999999289e+00,5.140000000000001457e+00
-4.449999999999999289e+00,-1.099999999999994316e-01
-4.449999999999999289e+00,-1.599999999999992539e-01
-4.449999999999999289e+00,-2.099999999999995204e-01
-4.400000000000000355e+00,5.190000000000000391e+00
-4.400000000000000355e+00,5.140000000000001457e+00
-4.400000000000000355e+00,-1.099999999999994316e-01
-4.400000000000000355e+00,-1.599999999999992539e-01
-4.400000000000000355e+00,-2.099999999999995204e-01
-4.349999999999999645e+00,5.190000000000000391e+00
-4.349999999999999645e+00,5.140000000000001457e+00
-4.349999999999999645e+00,-1.099999999999994316e-01
-4.349999999999999645e+00,-1.599999999999992539e-01
-4.349999999999999645e+00,-2.099999999999995204e-01
-4.299999999999999822e+00,5.190000000000000391e+00
-4.299999999999999822e+00,5.140000000000001457e+00
-4.299999999999999822e+00,-1.099999999999994316e-01
-4.299999999999999822e+00,-1.599999999999992539e-01
-4.250000000000000000e+00,5.190000000000000391e+00
-4.250000000000000000e+00,-1.099999999999994316e-01
-4.250000000000000000e+00,-1.599999999999992539e-01
-4.199999999999999289e+00,5.190000000000000391e+00
-4.199999999999999289e+00,-1.099999999999994316e-01
-4.199999999999999289e+00,-1.599999999999992539e-01
-4.199999999999999289e+00,-2.099999999999995204e-01
-4.150000000000000355e+00,5.190000000000000391e+00
-4.150000000000000355e+00,5.140000000000001457e+00
-4.150000000000000355e+00,-1.099999999999994316e-01
-4.150000000000000355e+00,-1.599999999999992539e-01
-4.150000000000000355e+00,-2.099999999999995204e-01
-4.099999999999999645e+00,5.190000000000000391e+00
-4.099999999999999645e+00,5.140000000000001457e+00
-4.099999999999999645e+00,-1.099999999999994316e-01
-4.099999999999999645e+00,-1.599999999999992539e-01
-4.099999999999999645e+00,-2.099999999999995204e-01
-4.049999999999999822e+00,5.190000000000000391e+00
-4.049999999999999822e+00,-1.099999999999994316e-01
-4.049999999999999822e+00,-1.599999999999992539e-01
-4.049999999999999822e+00,-2.099999999999995204e-01
-4.000000000000000000e+00,5.190000000000000391e+00
-4.000000000000000000e+00,5.140000000000001457e+00
-4.000000000000000000e+00,-1.099999999999994316e-01
-4.000000000000000000e+00,-1.599999999999992539e-01
-4.000000000000000000e+00,-2.099999999999995204e-01
-3.949999999999999734e+00,5.190000000000000391e+00
-3.949999999999999734e+00,5.140000000000001457e+00
-3.949999999999999734e+00,-1.099999999999994316e-01
-3.949999999999999734e+00,-1.599999999999992539e-01
-3.949999999999999734e+00,-2.099999999999995204e-01
-3.899999999999999911e+00,5.190000000000000391e+00
-3.899999999999999911e+00,-1.099999999999994316e-01
-3.899999999999999911e+00,-1.599999999999992539e-01
-3.899999999999999911e+00,-2.099999999999995204e-01
-3.849999999999999645e+00,5.190000000000000391e+00
-3.849999999999999645e+00,5.140000000000001457e+00
-3.849999999999999645e+00,-1.099999999999994316e-01
-3.849999999999999645e+00,-1.599999999999992539e-01
-3.849999999999999645e+00,-2.099999999999995204e-01
-3.799999999999999822e+00,5.190000000000000391e+00
-3.799999999999999822e+00,-1.099999999999994316e-01
-3.799999999999999822e+00,-1.599999999999992539e-01
-3.799999999999999822e+00,-2.099999999999995204e-01
-3.750000000000000000e+00,5.190000000000000391e+00
-3.750000000000000000e+00,-1.099999999999994316e-01
-3.750000000000000000e+00,-1.599999999999992539e-01
-3.750000000000000000e+00,-2.099999999999995204e-01
-3.699999999999999734e+00,5.190000000000000391e+00
-3.699999999999999734e+00,-1.099999999999994316e-01
-3.699999999999999734e+00,-1.599999999999992539e-01
-3.699999999999999734e+00,-2.099999999999995204e-01
-3.649999999999999911e+00,5.190000000000000391e+00
-3.649999999999999911e+00,-1.099999999999994316e-01
-3.649999999999999911e+00,-1.599999999999992539e-01
-3.649999999999999911e+00,-2.099999999999995204e-01
-3.599999999999999645e+00,5.190000000000000391e+00
-3.599999999999999645e+00,-1.099999999999994316e-01
-3.599999999999999645e+00,-1.599999999999992539e-01
-3.599999999999999645e+00,-2.099999999999995204e-01
-3.549999999999999822e+00,5.190000000000000391e+00
-3.549999999999999822e+00,-1.099999999999994316e-01
-3.549999999999999822e+00,-1.599999999999992539e-01
-3.549999999999999822e+00,-2.099999999999995204e-01
-3.500000000000000000e+00,5.190000000000000391e+00
-3.500000000000000000e+00,-1.099999999999994316e-01
-3.500000000000000000e+00,-1.599999999999992539e-01
-3.500000000000000000e+00,-2.099999999999995204e-01
-3.450000000000000178e+00,5.190000000000000391e+00
-3.450000000000000178e+00,-1.099999999999994316e-01
-3.450000000000000178e+00,-1.599999999999992539e-01
-3.450000000000000178e+00,-2.099999999999995204e-01
-3.399999999999999467e+00,5.190000000000000391e+00
-3.399999999999999467e+00,2.790000000000000924e+00
-3.399999999999999467e+00,2.040000000000000924e+00
-3.399999999999999467e+00,-1.099999999999994316e-01
-3.399999999999999467e+00,-2.099999999999995204e-01
-3.349999999999999645e+00,5.190000000000000391e+00
-3.349999999999999645e+00,2.840000000000000746e+00
-3.349999999999999645e+00,2.790000000000000924e+00
-3.349999999999999645e+00,2.740000000000001101e+00
-3.349999999999999645e+00,2.040000000000000924e+00
-3.349999999999999645e+00,1.990000000000001101e+00
-3.349999999999999645e+00,-1.099999999999994316e-01
-3.349999999999999645e+00,-1.599999999999992539e-01
-3.349999999999999645e+00,-2.099999999999995204e-01
-3.299999999999999822e+00,5.190000000000000391e+00
-3.299999999999999822e+00,2.040000000000000924e+00
-3.299999999999999822e+00,-1.099999999999994316e-01
-3.299999999999999822e+00,-2.099999999999995204e-01
-3.250000000000000000e+00,5.190000000000000391e+00
-3.250000000000000000e+00,-1.099999999999994316e-01
-3.250000000000000000e+00,-2.099999999999995204e-01
-3.200000000000000178e+00,5.190000000000000391e+00
-3.200000000000000178e+00,-1.099999999999994316e-01
-3.200000000000000178e+00,-2.099999999999995204e-01
-3.149999999999999467e+00,5.190000000000000391e+00
-3.149999999999999467e+00,-1.099999999999994316e-01
-3.149999999999999467e+00,-2.099999999999995204e-01
-3.099999999999999645e+00,5.190000000000000391e+00
-3.099999999999999645e+00,-1.099999999999994316e-01
-3.099999999999999645e+00,-2.099999999999995204e-01
-3.049999999999999822e+00,5.190000000000000391e+00
-3.049999999999999822e+00,-1.099999999999994316e-01
-3.049999999999999822e+00,-2.099999999999995204e-01
-3.000000000000000000e+00,5.190000000000000391e+00
-3.000000000000000000e+00,-1.099999999999994316e-01
-3.000000000000000000e+00,-2.099999999999995204e-01
-2.950000000000000178e+00,5.190000000000000391e+00
-2.950000000000000178e+00,-1.099999999999994316e-01
-2.950000000000000178e+00,-2.099999999999995204e-01
-2.899999999999999467e+00,5.190000000000000391e+00
-2.899999999999999467e+00,-1.099999999999994316e-01
-2.899999999999999467e+00,-2.099999999999995204e-01
-2.849999999999999645e+00,5.190000000000000391e+00
-2.849999999999999645e+00,-1.099999999999994316e-01
-2.849999999999999645e+00,-2.099999999999995204e-01
-2.799999999999999822e+00,5.190000000000000391e+00
-2.799999999999999822e+00,-1.099999999999994316e-01
-2.799999999999999822e+00,-2.099999999999995204e-01
-2.750000000000000000e+00,5.190000000000000391e+00
-2.750000000000000000e+00,-1.099999999999994316e-01
-2.750000000000000000e+00,-2.099999999999995204e-01
-2.699999999999999289e+00,5.190000000000000391e+00
-2.699999999999999289e+00,-1.099999999999994316e-01
-2.699999999999999289e+00,-2.099999999999995204e-01
-2.649999999999999467e+00,5.190000000000000391e+00
-2.649999999999999467e+00,-1.099999999999994316e-01
-2.649999999999999467e+00,-2.099999999999995204e-01
-2.599999999999999645e+00,5.190000000000000391e+00
-2.599999999999999645e+00,-1.099999999999994316e-01
-2.599999999999999645e+00,-2.099999999999995204e-01
-2.549999999999999822e+00,5.190000000000000391e+00
-2.549999999999999822e+00,-1.099999999999994316e-01
-2.549999999999999822e+00,-2.099999999999995204e-01
-2.500000000000000000e+00,5.190000000000000391e+00
-2.500000000000000000e+00,-1.099999999999994316e-01
-2.500000000000000000e+00,-2.099999999999995204e-01
-2.449999999999999289e+00,5.190000000000000391e+00
-2.449999999999999289e+00,-1.099999999999994316e-01
-2.449999999999999289e+00,-2.099999999999995204e-01
-2.399999999999999467e+00,5.190000000000000391e+00
-2.399999999999999467e+00,-1.099999999999994316e-01
-2.399999999999999467e+00,-2.099999999999995204e-01
-2.349999999999999645e+00,5.190000000000000391e+00
-2.349999999999999645e+00,-1.099999999999994316e-01
-2.349999999999999645e+00,-2.099999999999995204e-01
-2.299999999999999822e+00,5.190000000000000391e+00
-2.299999999999999822e+00,-1.099999999999994316e-01
-2.299999999999999822e+00,-2.099999999999995204e-01
-2.250000000000000000e+00,5.240000000000001101e+00
-2.250000000000000000e+00,5.190000000000000391e+00
-2.250000000000000000e+00,-1.099999999999994316e-01
-2.250000000000000000e+00,-2.099999999999995204e-01
-2.199999999999999289e+00,5.190000000000000391e+00
-2.199999999999999289e+00,-1.099999999999994316e-01
-2.199999999999999289e+00,-2.099999999999995204e-01
-2.149999999999999467e+00,5.190000000000000391e+00
-2.149999999999999467e+00,-1.099999999999994316e-01
-2.149999999999999467e+00,-2.099999999999995204e-01
-2.099999999999999645e+00,5.190000000000000391e+00
-2.099999999999999645e+00,-1.099999999999994316e-01
-2.099999999999999645e+00,-1.599999999999992539e-01
-2.099999999999999645e+00,-2.099999999999995204e-01
-2.049999999999999822e+00,5.190000000000000391e+00
-2.049999999999999822e+00,-1.099999999999994316e-01
-2.049999999999999822e+00,-2.099999999999995204e-01
-2.000000000000000000e+00,5.190000000000000391e+00
-2.000000000000000000e+00,2.840000000000000746e+00
-2.000000000000000000e+00,2.790000000000000924e+00
-2.000000000000000000e+00,2.740000000000001101e+00
-2.000000000000000000e+00,2.090000000000000746e+00
-2.000000000000000000e+00,2.040000000000000924e+00
-2.000000000000000000e+00,1.990000000000001101e+00
-2.000000000000000000e+00,-1.099999999999994316e-01
-2.000000000000000000e+00,-2.099999999999995204e-01
-1.949999999999999289e+00,5.240000000000001101e+00
-1.949999999999999289e+00,5.190000000000000391e+00
-1.949999999999999289e+00,2.790000000000000924e+00
-1.949999999999999289e+00,2.090000000000000746e+00
-1.949999999999999289e+00,2.040000000000000924e+00
-1.949999999999999289e+00,1.990000000000001101e+00
-1.949999999999999289e+00,-1.099999999999994316e-01
-1.949999999999999289e+00,-2.099999999999995204e-01
-1.899999999999999467e+00,5.190000000000000391e+00
-1.899999999999999467e+00,-1.099999999999994316e-01
-1.899999999999999467e+00,-2.099999999999995204e-01
-1.849999999999999645e+00,5.190000000000000391e+00
-1.849999999999999645e+00,-1.099999999999994316e-01
-1.849999999999999645e+00,-2.099999999999995204e-01
-1.799999999999999822e+00,5.240000000000001101e+00
-1.799999999999999822e+00,5.190000000000000391e+00
-1.799999999999999822e+00,-1.099999999999994316e-01
-1.799999999999999822e+00,-2.099999999999995204e-01
-1.750000000000000000e+00,5.190000000000000391e+00
-1.750000000000000000e+00,-1.099999999999994316e-01
-1.750000000000000000e+00,-2.099999999999995204e-01
-1.699999999999999289e+00,5.190000000000000391e+00
-1.699999999999999289e+00,-1.099999999999994316e-01
-1.699999999999999289e+00,-2.099999999999995204e-01
-1.649999999999999467e+00,5.190000000000000391e+00
-1.649999999999999467e+00,-1.099999999999994316e-01
-1.649999999999999467e+00,-2.099999999999995204e-01
-1.599999999999999645e+00,5.190000000000000391e+00
-1.599999999999999645e+00,-1.099999999999994316e-01
-1.599999999999999645e+00,-2.099999999999995204e-01
-1.549999999999999822e+00,5.190000000000000391e+00
-1.549999999999999822e+00,-1.099999999999994316e-01
-1.549999999999999822e+00,-2.099999999999995204e-01
-1.500000000000000000e+00,5.190000000000000391e+00
-1.500000000000000000e+00,-1.099999999999994316e-01
-1.500000000000000000e+00,-2.099999999999995204e-01
-1.449999999999999289e+00,5.190000000000000391e+00
-1.449999999999999289e+00,-1.099999999999994316e-01
-1.449999999999999289e+00,-2.099999999999995204e-01
-1.399999999999999467e+00,5.190000000000000391e+00
-1.399999999999999467e+00,-1.099999999999994316e-01
-1.399999999999999467e+00,-2.099999999999995204e-01
-1.349999999999999645e+00,5.190000000000000391e+00
-1.349999999999999645e+00,-1.099999999999994316e-01
-1.349999999999999645e+00,-2.099999999999995204e-01
-1.299999999999999822e+00,5.190000000000000391e+00
-1.299999999999999822e+00,-1.099999999999994316e-01
-1.299999999999999822e+00,-2.099999999999995204e-01
-1.250000000000000000e+00,5.190000000000000391e+00
-1.250000000000000000e+00,-1.099999999999994316e-01
-1.250000000000000000e+00,-2.099999999999995204e-01
-1.199999999999999289e+00,5.190000000000000391e+00
-1.199999999999999289e+00,-1.099999999999994316e-01
-1.199999999999999289e+00,-2.099999999999995204e-01
-1.149999999999999467e+00,5.190000000000000391e+00
-1.149999999999999467e+00,-5.999999999999960920e-02
-1.149999999999999467e+00,-1.099999999999994316e-01
-1.149999999999999467e+00,-2.099999999999995204e-01
-1.099999999999999645e+00,5.190000000000000391e+00
-1.099999999999999645e+00,-1.099999999999994316e-01
-1.099999999999999645e+00,-2.099999999999995204e-01
-1.049999999999999822e+00,5.240000000000001101e+00
-1.049999999999999822e+00,5.190000000000000391e+00
-1.049999999999999822e+00,-1.099999999999994316e-01
-1.049999999999999822e+00,-2.099999999999995204e-01
-1.000000000000000000e+00,5.240000000000001101e+00
-1.000000000000000000e+00,5.190000000000000391e+00
-1.000000000000000000e+00,-1.099999999999994316e-01
-1.000000000000000000e+00,-2.099999999999995204e-01
-9.499999999999992895e-01,5.190000000000000391e+00
-9.499999999999992895e-01,-5.999999999999960920e-02
-9.499999999999992895e-01,-1.099999999999994316e-01
-9.499999999999992895e-01,-2.099999999999995204e-01
-8.999999999999994671e-01,5.240000000000001101e+00
-8.999999999999994671e-01,5.190000000000000391e+00
-8.999999999999994671e-01,-5.999999999999960920e-02
-8.999999999999994671e-01,-1.099999999999994316e-01
-8.999999999999994671e-01,-2.099999999999995204e-01
-8.499999999999996447e-01,5.190000000000000391e+00
-8.499999999999996447e-01,-5.999999999999960920e-02
-8.499999999999996447e-01,-1.099999999999994316e-01
-8.499999999999996447e-01,-2.099999999999995204e-01
-7.999999999999998224e-01,5.190000000000000391e+00
-7.999999999999998224e-01,-5.999999999999960920e-02
-7.999999999999998224e-01,-1.099999999999994316e-01
-7.999999999999998224e-01,-2.099999999999995204e-01
-7.500000000000000000e-01,5.240000000000001101e+00
-7.500000000000000000e-01,5.190000000000000391e+00
-7.500000000000000000e-01,-5.999999999999960920e-02
-7.500000000000000000e-01,-1.099999999999994316e-01
-7.500000000000000000e-01,-2.099999999999995204e-01
-6.999999999999992895e-01,5.240000000000001101e+00
-6.999999999999992895e-01,5.190000000000000391e+00
-6.999999999999992895e-01,-5.999999999999960920e-02
-6.999999999999992895e-01,-1.099999999999994316e-01
-6.999999999999992895e-01,-2.099999999999995204e-01
-6.499999999999994671e-01,5.240000000000001101e+00
-6.499999999999994671e-01,5.190000000000000391e+00
-6.499999999999994671e-01,-5.999999999999960920e-02
-6.499999999999994671e-01,-1.099999999999994316e-01
-6.499999999999994671e-01,-2.099999999999995204e-01
-5.999999999999996447e-01,5.190000000000000391e+00
-5.999999999999996447e-01,-5.999999999999960920e-02
-5.999999999999996447e-01,-1.099999999999994316e-01
-5.999999999999996447e-01,-2.099999999999995204e-01
-5.499999999999998224e-01,5.240000000000001101e+00
-5.499999999999998224e-01,5.190000000000000391e+00
-5.499999999999998224e-01,-5.999999999999960920e-02
-5.499999999999998224e-01,-1.099999999999994316e-01
-5.499999999999998224e-01,-2.099999999999995204e-01
-5.000000000000000000e-01,5.240000000000001101e+00
-5.000000000000000000e-01,5.190000000000000391e+00
-5.000000000000000000e-01,-5.999999999999960920e-02
-5.000000000000000000e-01,-1.099999999999994316e-01
-5.000000000000000000e-01,-2.099999999999995204e-01
-4.499999999999992895e-01,5.240000000000001101e+00
-4.499999999999992895e-01,5.190000000000000391e+00
-4.499999999999992895e-01,-5.999999999999960920e-02
-4.499999999999992895e-01,-1.099999999999994316e-01
-4.499999999999992895e-01,-2.099999999999995204e-01
-3.999999999999994671e-01,5.240000000000001101e+00
-3.999999999999994671e-01,5.190000000000000391e+00
-3.999999999999994671e-01,-5.999999999999960920e-02
-3.999999999999994671e-01,-1.099999999999994316e-01
-3.999999999999994671e-01,-2.099999999999995204e-01
-3.499999999999996447e-01,5.240000000000001101e+00
-3.499999999999996447e-01,5.190000000000000391e+00
-3.499999999999996447e-01,-5.999999999999960920e-02
-3.499999999999996447e-01,-1.099999999999994316e-01
-3.499999999999996447e-01,-1.599999999999992539e-01
-3.499999999999996447e-01,-2.099999999999995204e-01
-2.999999999999998224e-01,5.240000000000001101e+00
-2.999999999999998224e-01,5.190000000000000391e+00
-2.999999999999998224e-01,-5.999999999999960920e-02
-2.999999999999998224e-01,-1.099999999999994316e-01
-2.999999999999998224e-01,-2.099999999999995204e-01
-2.500000000000000000e-01,5.240000000000001101e+00
-2.500000000000000000e-01,5.190000000000000391e+00
-2.500000000000000000e-01,-5.999999999999960920e-02
-2.500000000000000000e-01,-1.099999999999994316e-01
-2.500000000000000000e-01,-2.099999999999995204e-01
-1.999999999999992895e-01,5.240000000000001101e+00
-1.999999999999992895e-01,5.190000000000000391e+00
-1.999999999999992895e-01,5.140000000000001457e+00
-1.999999999999992895e-01,5.090000000000000746e+00
-1.999999999999992895e-01,5.040000000000000036e+00
-1.999999999999992895e-01,-5.999999999999960920e-02
-1.999999999999992895e-01,-1.099999999999994316e-01
-1.999999999999992895e-01,-2.099999999999995204e-01
-1.499999999999994671e-01,5.190000000000000391e+00
-1.499999999999994671e-01,5.140000000000001457e+00
-1.499999999999994671e-01,5.090000000000000746e+00
-1.499999999999994671e-01,5.040000000000000036e+00
-1.499999999999994671e-01,4.990000000000001101e+00
-1.499999999999994671e-01,4.940000000000000391e+00
-1.499999999999994671e-01,4.890000000000001457e+00
-1.499999999999994671e-01,4.840000000000000746e+00
-1.499999999999994671e-01,4.790000000000000036e+00
-1.499999999999994671e-01,4.740000000000001101e+00
-1.499999999999994671e-01,4.690000000000000391e+00
-1.499999999999994671e-01,4.640000000000001457e+00
-1.499999999999994671e-01,4.590000000000000746e+00
-1.499999999999994671e-01,4.540000000000000036e+00
-1.499999999999994671e-01,4.490000000000001101e+00
-1.499999999999994671e-01,4.440000000000000391e+00
-1.499999999999994671e-01,4.390000000000001457e+00
-1.499999999999994671e-01,4.340000000000000746e+00
-1.499999999999994671e-01,4.290000000000000036e+00
-1.499999999999994671e-01,4.240000000000001101e+00
-1.499999999999994671e-01,4.190000000000000391e+00
-1.499999999999994671e-01,4.140000000000001457e+00
-1.499999999999994671e-01,4.090000000000000746e+00
-1.499999999999994671e-01,4.040000000000000036e+00
-1.499999999999994671e-01,3.990000000000001101e+00
-1.499999999999994671e-01,3.940000000000000391e+00
-1.499999999999994671e-01,3.890000000000000568e+00
-1.499999999999994671e-01,3.840000000000000746e+00
-1.499999999999994671e-01,3.790000000000000924e+00
-1.499999999999994671e-01,3.740000000000001101e+00
-1.499999999999994671e-01,3.690000000000000391e+00
-1.499999999999994671e-01,3.640000000000000568e+00
-1.499999999999994671e-01,3.590000000000000746e+00
-1.499999999999994671e-01,3.540000000000000924e+00
-1.499999999999994671e-01,3.490000000000001101e+00
-1.499999999999994671e-01,3.440000000000000391e+00
-1.499999999999994671e-01,3.390000000000000568e+00
-1.499999999999994671e-01,3.340000000000000746e+00
-1.499999999999994671e-01,3.290000000000000924e+00
-1.499999999999994671e-01,3.240000000000001101e+00
-1.499999999999994671e-01,3.190000000000000391e+00
-1.499999999999994671e-01,3.140000000000000568e+00
-1.499999999999994671e-01,3.090000000000000746e+00
-1.499999999999994671e-01,3.040000000000000924e+00
-1.499999999999994671e-01,2.990000000000001101e+00
-1.499999999999994671e-01,2.940000000000000391e+00
-1.499999999999994671e-01,2.890000000000000568e+00
-1.499999999999994671e-01,2.840000000000000746e+00
-1.499999999999994671e-01,2.790000000000000924e+00
-1.499999999999994671e-01,2.740000000000001101e+00
-1.499999999999994671e-01,2.690000000000000391e+00
-1.499999999999994671e-01,2.640000000000000568e+00
-1.499999999999994671e-01,2.590000000000000746e+00
-1.499999999999994671e-01,2.540000000000000924e+00
-1.499999999999994671e-01,2.490000000000001101e+00
-1.499999999999994671e-01,2.440000000000000391e+00
-1.499999999999994671e-01,2.390000000000000568e+00
-1.499999999999994671e-01,2.340000000000000746e+00
-1.499999999999994671e-01,2.290000000000000924e+00
-1.499999999999994671e-01,2.240000000000001101e+00
-1.499999999999994671e-01,2.190000000000000391e+00
-1.499999999999994671e-01,2.140000000000000568e+00
-1.499999999999994671e-01,2.090000000000000746e+00
-1.499999999999994671e-01,2.040000000000000924e+00
-1.499999999999994671e-01,1.990000000000001101e+00
-1.499999999999994671e-01,1.940000000000000391e+00
-1.499999999999994671e-01,1.890000000000000568e+00
-1.499999999999994671e-01,1.840000000000000746e+00
-1.499999999999994671e-01,1.790000000000000924e+00
-1.499999999999994671e-01,1.740000000000001101e+00
-1.499999999999994671e-01,1.690000000000000391e+00
-1.499999999999994671e-01,1.640000000000000568e+00
-1.499999999999994671e-01,1.590000000000000746e+00
-1.499999999999994671e-01,1.540000000000000924e+00
-1.499999999999994671e-01,1.490000000000001101e+00
-1.499999999999994671e-01,1.440000000000000391e+00
-1.499999999999994671e-01,1.390000000000000568e+00
-1.499999999999994671e-01,1.340000000000000746e+00
-1.499999999999994671e-01,1.290000000000000924e+00
-1.499999999999994671e-01,1.240000000000001101e+00
-1.499999999999994671e-01,1.190000000000000391e+00
-1.499999999999994671e-01,1.140000000000000568e+00
-1.499999999999994671e-01,1.090000000000000746e+00
-1.499999999999994671e-01,1.040000000000000924e+00
-1.499999999999994671e-01,9.900000000000011013e-01
-1.499999999999994671e-01,9.400000000000003908e-01
-1.499999999999994671e-01,8.900000000000005684e-01
-1.499999999999994671e-01,-5.999999999999960920e-02
-1.499999999999994671e-01,-1.099999999999994316e-01
-1.499999999999994671e-01,-2.099999999999995204e-01
-9.999999999999964473e-02,5.240000000000001101e+00
-9.999999999999964473e-02,5.190000000000000391e+00
-9.999999999999964473e-02,5.040000000000000036e+00
-9.999999999999964473e-02,4.990000000000001101e+00
-9.999999999999964473e-02,4.890000000000001457e+00
-9.999999999999964473e-02,4.840000000000000746e+00
-9.999999999999964473e-02,4.790000000000000036e+00
-9.999999999999964473e-02,4.740000000000001101e+00
-9.999999999999964473e-02,4.690000000000000391e+00
-9.999999999999964473e-02,4.640000000000001457e+00
-9.999999999999964473e-02,4.590000000000000746e+00
-9.999999999999964473e-02,4.540000000000000036e+00
-9.999999999999964473e-02,4.490000000000001101e+00
-9.999999999999964473e-02,4.440000000000000391e+00
-9.999999999999964473e-02,4.390000000000001457e+00
-9.999999999999964473e-02,4.340000000000000746e+00
-9.999999999999964473e-02,4.290000000000000036e+00
-9.999999999999964473e-02,4.240000000000001101e+00
-9.999999999999964473e-02,4.190000000000000391e+00
-9.999999999999964473e-02,4.140000000000001457e+00
-9.999999999999964473e-02,4.090000000000000746e+00
-9.999999999999964473e-02,4.040000000000000036e+00
-9.999999999999964473e-02,3.990000000000001101e+00
-9.999999999999964473e-02,3.890000000000000568e+00
-9.999999999999964473e-02,3.840000000000000746e+00
-9.999999999999964473e-02,3.790000000000000924e+00
-9.999999999999964473e-02,3.740000000000001101e+00
-9.999999999999964473e-02,3.690000000000000391e+00
-9.999999999999964473e-02,3.640000000000000568e+00
-9.999999999999964473e-02,3.590000000000000746e+00
-9.999999999999964473e-02,3.540000000000000924e+00
-9.999999999999964473e-02,3.490000000000001101e+00
-9.999999999999964473e-02,3.390000000000000568e+00
-9.999999999999964473e-02,3.340000000000000746e+00
-9.999999999999964473e-02,3.290000000000000924e+00
-9.999999999999964473e-02,3.240000000000001101e+00
-9.999999999999964473e-02,3.190000000000000391e+00
-9.999999999999964473e-02,3.140000000000000568e+00
-9.999999999999964473e-02,3.090000000000000746e+00
-9.999999999999964473e-02,3.040000000000000924e+00
-9.999999999999964473e-02,2.990000000000001101e+00
-9.999999999999964473e-02,2.940000000000000391e+00
-9.999999999999964473e-02,2.890000000000000568e+00
-9.999999999999964473e-02,2.840000000000000746e+00
-9.999999999999964473e-02,2.790000000000000924e+00
-9.999999999999964473e-02,2.740000000000001101e+00
-9.999999999999964473e-02,2.690000000000000391e+00
-9.999999999999964473e-02,2.640000000000000568e+00
-9.999999999999964473e-02,2.590000000000000746e+00
-9.999999999999964473e-02,2.540000000000000924e+00
-9.999999999999964473e-02,2.490000000000001101e+00
-9.999999999999964473e-02,2.440000000000000391e+00
-9.999999999999964473e-02,2.390000000000000568e+00
-9.999999999999964473e-02,2.340000000000000746e+00
-9.999999999999964473e-02,2.290000000000000924e+00
-9.999999999999964473e-02,2.240000000000001101e+00
-9.999999999999964473e-02,2.190000000000000391e+00
-9.999999999999964473e-02,2.140000000000000568e+00
-9.999999999999964473e-02,2.090000000000000746e+00
-9.999999999999964473e-02,2.040000000000000924e+00
-9.999999999999964473e-02,1.990000000000001101e+00
-9.999999999999964473e-02,1.940000000000000391e+00
-9.999999999999964473e-02,1.890000000000000568e+00
-9.999999999999964473e-02,1.840000000000000746e+00
-9.999999999999964473e-02,1.790000000000000924e+00
-9.999999999999964473e-02,1.740000000000001101e+00
-9.999999999999964473e-02,1.690000000000000391e+00
-9.999999999999964473e-02,1.640000000000000568e+00
-9.999999999999964473e-02,1.590000000000000746e+00
-9.999999999999964473e-02,1.540000000000000924e+00
-9.999999999999964473e-02,1.490000000000001101e+00
-9.999999999999964473e-02,1.440000000000000391e+00
-9.999999999999964473e-02,1.390000000000000568e+00
-9.999999999999964473e-02,1.340000000000000746e+00
-9.999999999999964473e-02,1.290000000000000924e+00
-9.999999999999964473e-02,1.240000000000001101e+00
-9.999999999999964473e-02,1.190000000000000391e+00
-9.999999999999964473e-02,1.140000000000000568e+00
-9.999999999999964473e-02,1.090000000000000746e+00
-9.999999999999964473e-02,1.040000000000000924e+00
-9.999999999999964473e-02,9.900000000000011013e-01
-9.999999999999964473e-02,9.400000000000003908e-01
-9.999999999999964473e-02,8.900000000000005684e-01
-9.999999999999964473e-02,8.400000000000007461e-01
-9.999999999999964473e-02,-5.999999999999960920e-02
-9.999999999999964473e-02,-1.099999999999994316e-01
-9.999999999999964473e-02,-2.099999999999995204e-01
-4.999999999999982236e-02,5.290000000000000036e+00
-4.999999999999982236e-02,5.240000000000001101e+00
-4.999999999999982236e-02,5.190000000000000391e+00
-4.999999999999982236e-02,5.140000000000001457e+00
-4.999999999999982236e-02,5.090000000000000746e+00
-4.999999999999982236e-02,5.040000000000000036e+00
-4.999999999999982236e-02,4.990000000000001101e+00
-4.999999999999982236e-02,4.940000000000000391e+00
-4.999999999999982236e-02,4.890000000000001457e+00
-4.999999999999982236e-02,4.840000000000000746e+00
-4.999999999999982236e-02,4.790000000000000036e+00
-4.999999999999982236e-02,4.740000000000001101e+00
-4.999999999999982236e-02,4.690000000000000391e+00
-4.999999999999982236e-02,4.640000000000001457e+00
-4.999999999999982236e-02,4.590000000000000746e+00
-4.999999999999982236e-02,4.540000000000000036e+00
-4.999999999999982236e-02,4.490000000000001101e+00
-4.999999999999982236e-02,4.440000000000000391e+00
-4.999999999999982236e-02,4.390000000000001457e+00
-4.999999999999982236e-02,4.340000000000000746e+00
-4.999999999999982236e-02,4.290000000000000036e+00
-4.999999999999982236e-02,4.240000000000001101e+00
-4.999999999999982236e-02,4.190000000000000391e+00
-4.999999999999982236e-02,4.140000000000001457e+00
-4.999999999999982236e-02,4.090000000000000746e+00
-4.999999999999982236e-02,4.040000000000000036e+00
-4.999999999999982236e-02,3.990000000000001101e+00
-4.999999999999982236e-02,3.940000000000000391e+00
-4.999999999999982236e-02,3.890000000000000568e+00
-4.999999999999982236e-02,3.840000000000000746e+00
-4.999999999999982236e-02,3.790000000000000924e+00
-4.999999999999982236e-02,3.740000000000001101e+00
-4.999999999999982236e-02,3.690000000000000391e+00
-4.999999999999982236e-02,3.640000000000000568e+00
-4.999999999999982236e-02,3.590000000000000746e+00
-4.999999999999982236e-02,3.540000000000000924e+00
-4.999999999999982236e-02,3.490000000000001101e+00
-4.999999999999982236e-02,3.440000000000000391e+00
-4.999999999999982236e-02,3.390000000000000568e+00
-4.999999999999982236e-02,3.340000000000000746e+00
-4.999999999999982236e-02,3.290000000000000924e+00
-4.999999999999982236e-02,3.240000000000001101e+00
-4.999999999999982236e-02,3.190000000000000391e+00
-4.999999999999982236e-02,3.140000000000000568e+00
-4.999999999999982236e-02,3.090000000000000746e+00
-4.999999999999982236e-02,3.040000000000000924e+00
-4.999999999999982236e-02,2.990000000000001101e+00
-4.999999999999982236e-02,2.940000000000000391e+00
-4.999999999999982236e-02,2.890000000000000568e+00
-4.999999999999982236e-02,2.840000000000000746e+00
-4.999999999999982236e-02,2.790000000000000924e+00
-4.999999999999982236e-02,2.740000000000001101e+00
-4.999999999999982236e-02,2.690000000000000391e+00
-4.999999999999982236e-02,2.640000000000000568e+00
-4.999999999999982236e-02,2.590000000000000746e+00
-4.999999999999982236e-02,2.540000000000000924e+00
-4.999999999999982236e-02,2.490000000000001101e+00
-4.999999999999982236e-02,2.440000000000000391e+00
-4.999999999999982236e-02,2.390000000000000568e+00
-4.999999999999982236e-02,2.340000000000000746e+00
-4.999999999999982236e-02,2.290000000000000924e+00
-4.999999999999982236e-02,2.240000000000001101e+00
-4.999999999999982236e-02,2.190000000000000391e+00
-4.999999999999982236e-02,2.140000000000000568e+00
-4.999999999999982236e-02,2.090000000000000746e+00
-4.999999999999982236e-02,2.040000000000000924e+00
-4.999999999999982236e-02,1.990000000000001101e+00
-4.999999999999982236e-02,1.940000000000000391e+00
-4.999999999999982236e-02,1.890000000000000568e+00
-4.999999999999982236e-02,1.840000000000000746e+00
-4.999999999999982236e-02,1.790000000000000924e+00
-4.999999999999982236e-02,1.740000000000001101e+00
-4.999999999999982236e-02,1.690000000000000391e+00
-4.999999999999982236e-02,1.640000000000000568e+00
-4.999999999999982236e-02,1.590000000000000746e+00
-4.999999999999982236e-02,1.540000000000000924e+00
-4.999999999999982236e-02,1.490000000000001101e+00
-4.999999999999982236e-02,1.440000000000000391e+00
-4.999999999999982236e-02,1.290000000000000924e+00
-4.999999999999982236e-02,1.240000000000001101e+00
-4.999999999999982236e-02,1.190000000000000391e+00
-4.999999999999982236e-02,1.090000000000000746e+00
-4.999999999999982236e-02,8.900000000000005684e-01
-4.999999999999982236e-02,-5.999999999999960920e-02
-4.999999999999982236e-02,-1.099999999999994316e-01
-4.999999999999982236e-02,-2.099999999999995204e-01
0.000000000000000000e+00,5.290000000000000036e+00
0.000000000000000000e+00,1.140000000000000568e+00
0.000000000000000000e+00,1.090000000000000746e+00
0.000000000000000000e+00,8.900000000000005684e-01
0.000000000000000000e+00,-5.999999999999960920e-02
0.000000000000000000e+00,-1.099999999999994316e-01
0.000000000000000000e+00,-2.099999999999995204e-01
5.000000000000071054e-02,5.290000000000000036e+00
5.000000000000071054e-02,1.140000000000000568e+00
5.000000000000071054e-02,1.090000000000000746e+00
5.000000000000071054e-02,8.900000000000005684e-01
5.000000000000071054e-02,-5.999999999999960920e-02
5.000000000000071054e-02,-1.099999999999994316e-01
5.000000000000071054e-02,-2.099999999999995204e-01
1.000000000000005329e-01,5.290000000000000036e+00
1.000000000000005329e-01,1.090000000000000746e+00
1.000000000000005329e-01,8.900000000000005684e-01
1.000000000000005329e-01,-5.999999999999960920e-02
1.000000000000005329e-01,-1.099999999999994316e-01
1.000000000000005329e-01,-2.099999999999995204e-01
1.500000000000003553e-01,5.290000000000000036e+00
1.500000000000003553e-01,1.140000000000000568e+00
1.500000000000003553e-01,1.090000000000000746e+00
1.500000000000003553e-01,8.900000000000005684e-01
1.500000000000003553e-01,-5.999999999999960920e-02
1.500000000000003553e-01,-1.099999999999994316e-01
1.500000000000003553e-01,-2.099999999999995204e-01
2.000000000000001776e-01,5.290000000000000036e+00
2.000000000000001776e-01,1.090000000000000746e+00
2.000000000000001776e-01,8.900000000000005684e-01
2.000000000000001776e-01,-5.999999999999960920e-02
2.000000000000001776e-01,-1.099999999999994316e-01
2.000000000000001776e-01,-2.099999999999995204e-01
2.500000000000000000e-01,5.290000000000000036e+00
2.500000000000000000e-01,1.090000000000000746e+00
2.500000000000000000e-01,8.900000000000005684e-01
2.500000000000000000e-01,-5.999999999999960920e-02
2.500000000000000000e-01,-1.099999999999994316e-01
2.500000000000000000e-01,-2.099999999999995204e-01
3.000000000000007105e-01,5.290000000000000036e+00
3.000000000000007105e-01,1.140000000000000568e+00
3.000000000000007105e-01,1.090000000000000746e+00
3.000000000000007105e-01,8.900000000000005684e-01
3.000000000000007105e-01,-5.999999999999960920e-02
3.000000000000007105e-01,-1.099999999999994316e-01
3.000000000000007105e-01,-2.099999999999995204e-01
3.500000000000005329e-01,5.290000000000000036e+00
3.500000000000005329e-01,1.090000000000000746e+00
3.500000000000005329e-01,8.900000000000005684e-01
3.500000000000005329e-01,-5.999999999999960920e-02
3.500000000000005329e-01,-1.099999999999994316e-01
3.500000000000005329e-01,-2.099999999999995204e-01
4.000000000000003553e-01,5.290000000000000036e+00
4.000000000000003553e-01,1.090000000000000746e+00
4.000000000000003553e-01,8.900000000000005684e-01
4.000000000000003553e-01,-5.999999999999960920e-02
4.000000000000003553e-01,-1.099999999999994316e-01
4.000000000000003553e-01,-2.099999999999995204e-01
4.500000000000001776e-01,5.290000000000000036e+00
4.500000000000001776e-01,1.140000000000000568e+00
4.500000000000001776e-01,1.090000000000000746e+00
4.500000000000001776e-01,8.900000000000005684e-01
4.500000000000001776e-01,-5.999999999999960920e-02
4.500000000000001776e-01,-1.099999999999994316e-01
4.500000000000001776e-01,-2.099999999999995204e-01
5.000000000000000000e-01,5.290000000000000036e+00
5.000000000000000000e-01,1.090000000000000746e+00
5.000000000000000000e-01,8.900000000000005684e-01
5.000000000000000000e-01,-5.999999999999960920e-02
5.000000000000000000e-01,-1.099999999999994316e-01
5.000000000000000000e-01,-2.099999999999995204e-01
5.500000000000007105e-01,5.290000000000000036e+00
5.500000000000007105e-01,1.090000000000000746e+00
5.500000000000007105e-01,8.900000000000005684e-01
5.500000000000007105e-01,-5.999999999999960920e-02
5.500000000000007105e-01,-1.099999999999994316e-01
5.500000000000007105e-01,-2.099999999999995204e-01
5.999999999999996447e-01,5.290000000000000036e+00
5.999999999999996447e-01,1.090000000000000746e+00
5.999999999999996447e-01,8.900000000000005684e-01
5.999999999999996447e-01,-5.999999999999960920e-02
5.999999999999996447e-01,-2.099999999999995204e-01
6.500000000000003553e-01,5.290000000000000036e+00
6.500000000000003553e-01,1.140000000000000568e+00
6.500000000000003553e-01,1.090000000000000746e+00
6.500000000000003553e-01,8.900000000000005684e-01
6.500000000000003553e-01,-5.999999999999960920e-02
6.500000000000003553e-01,-1.099999999999994316e-01
6.500000000000003553e-01,-1.599999999999992539e-01
6.500000000000003553e-01,-2.099999999999995204e-01
7.000000000000010658e-01,5.290000000000000036e+00
7.000000000000010658e-01,1.090000000000000746e+00
7.000000000000010658e-01,8.900000000000005684e-01
7.000000000000010658e-01,-1.599999999999992539e-01
7.500000000000000000e-01,5.290000000000000036e+00
7.500000000000000000e-01,1.090000000000000746e+00
7.500000000000000000e-01,8.900000000000005684e-01
8.000000000000007105e-01,5.290000000000000036e+00
8.000000000000007105e-01,1.140000000000000568e+00
8.000000000000007105e-01,1.090000000000000746e+00
8.000000000000007105e-01,8.900000000000005684e-01
8.000000000000007105e-01,-5.599999999999996092e-01
8.499999999999996447e-01,5.290000000000000036e+00
8.499999999999996447e-01,1.090000000000000746e+00
8.499999999999996447e-01,8.900000000000005684e-01
8.499999999999996447e-01,-5.099999999999993427e-01
8.499999999999996447e-01,-5.599999999999996092e-01
9.000000000000003553e-01,5.290000000000000036e+00
9.000000000000003553e-01,1.090000000000000746e+00
9.000000000000003553e-01,8.900000000000005684e-01
9.000000000000003553e-01,-5.099999999999993427e-01
9.000000000000003553e-01,-5.599999999999996092e-01
9.500000000000010658e-01,5.290000000000000036e+00
9.500000000000010658e-01,1.090000000000000746e+00
9.500000000000010658e-01,8.900000000000005684e-01
1.000000000000000000e+00,5.290000000000000036e+00
1.000000000000000000e+00,1.090000000000000746e+00
1.000000000000000000e+00,8.900000000000005684e-01
1.050000000000000711e+00,5.290000000000000036e+00
1.050000000000000711e+00,1.090000000000000746e+00
1.050000000000000711e+00,8.900000000000005684e-01
1.099999999999999645e+00,5.290000000000000036e+00
1.099999999999999645e+00,1.090000000000000746e+00
1.099999999999999645e+00,8.900000000000005684e-01
1.150000000000000355e+00,5.290000000000000036e+00
1.150000000000000355e+00,1.090000000000000746e+00
1.150000000000000355e+00,8.900000000000005684e-01
1.200000000000001066e+00,5.290000000000000036e+00
1.200000000000001066e+00,1.090000000000000746e+00
1.200000000000001066e+00,8.900000000000005684e-01
1.250000000000000000e+00,5.290000000000000036e+00
1.250000000000000000e+00,1.090000000000000746e+00
1.250000000000000000e+00,8.900000000000005684e-01
1.300000000000000711e+00,5.290000000000000036e+00
1.300000000000000711e+00,1.090000000000000746e+00
1.300000000000000711e+00,8.900000000000005684e-01
1.349999999999999645e+00,5.290000000000000036e+00
1.349999999999999645e+00,1.090000000000000746e+00
1.349999999999999645e+00,8.900000000000005684e-01
1.400000000000000355e+00,5.290000000000000036e+00
1.400000000000000355e+00,1.090000000000000746e+00
1.400000000000000355e+00,8.900000000000005684e-01
1.450000000000001066e+00,5.290000000000000036e+00
1.450000000000001066e+00,1.140000000000000568e+00
1.450000000000001066e+00,1.090000000000000746e+00
1.450000000000001066e+00,8.900000000000005684e-01
1.500000000000000000e+00,5.290000000000000036e+00
1.500000000000000000e+00,1.090000000000000746e+00
1.500000000000000000e+00,8.900000000000005684e-01
1.550000000000000711e+00,5.290000000000000036e+00
1.550000000000000711e+00,2.140000000000000568e+00
1.550000000000000711e+00,2.090000000000000746e+00
1.550000000000000711e+00,2.040000000000000924e+00
1.550000000000000711e+00,1.990000000000001101e+00
1.550000000000000711e+00,1.940000000000000391e+00
1.550000000000000711e+00,1.090000000000000746e+00
1.550000000000000711e+00,8.900000000000005684e-01
1.550000000000000711e+00,-5.999999999999960920e-02
1.550000000000000711e+00,-1.099999999999994316e-01
1.550000000000000711e+00,-1.599999999999992539e-01
1.550000000000000711e+00,-2.099999999999995204e-01
1.599999999999999645e+00,5.290000000000000036e+00
1.599999999999999645e+00,2.190000000000000391e+00
1.599999999999999645e+00,2.140000000000000568e+00
1.599999999999999645e+00,1.090000000000000746e+00
1.599999999999999645e+00,8.900000000000005684e-01
1.599999999999999645e+00,-5.999999999999960920e-02
1.599999999999999645e+00,-1.099999999999994316e-01
1.599999999999999645e+00,-1.599999999999992539e-01
1.599999999999999645e+00,-2.099999999999995204e-01
1.650000000000000355e+00,5.290000000000000036e+00
1.650000000000000355e+00,2.240000000000001101e+00
1.650000000000000355e+00,2.190000000000000391e+00
1.650000000000000355e+00,1.090000000000000746e+00
1.650000000000000355e+00,9.400000000000003908e-01
1.650000000000000355e+00,8.900000000000005684e-01
1.650000000000000355e+00,-5.999999999999960920e-02
1.650000000000000355e+00,-2.099999999999995204e-01
1.700000000000001066e+00,5.290000000000000036e+00
1.700000000000001066e+00,2.240000000000001101e+00
1.700000000000001066e+00,1.090000000000000746e+00
1.700000000000001066e+00,8.900000000000005684e-01
1.700000000000001066e+00,-5.999999999999960920e-02
1.700000000000001066e+00,-2.099999999999995204e-01
1.750000000000000000e+00,5.290000000000000036e+00
1.750000000000000000e+00,2.240000000000001101e+00
1.750000000000000000e+00,1.090000000000000746e+00
1.750000000000000000e+00,8.900000000000005684e-01
1.750000000000000000e+00,-5.999999999999960920e-02
1.750000000000000000e+00,-2.099999999999995204e-01
1.800000000000000711e+00,5.290000000000000036e+00
1.800000000000000711e+00,2.240000000000001101e+00
1.800000000000000711e+00,1.090000000000000746e+00
1.800000000000000711e+00,8.900000000000005684e-01
1.800000000000000711e+00,-5.999999999999960920e-02
1.800000000000000711e+00,-2.099999999999995204e-01
1.849999999999999645e+00,5.290000000000000036e+00
1.849999999999999645e+00,2.240000000000001101e+00
1.849999999999999645e+00,8.900000000000005684e-01
1.849999999999999645e+00,-5.999999999999960920e-02
1.849999999999999645e+00,-2.099999999999995204e-01
1.900000000000000355e+00,5.290000000000000036e+00
1.900000000000000355e+00,2.240000000000001101e+00
1.900000000000000355e+00,2.190000000000000391e+00
1.900000000000000355e+00,1.090000000000000746e+00
1.900000000000000355e+00,9.400000000000003908e-01
1.900000000000000355e+00,8.900000000000005684e-01
1.900000000000000355e+00,-5.999999999999960920e-02
1.900000000000000355e+00,-2.099999999999995204e-01
1.950000000000001066e+00,5.290000000000000036e+00
1.950000000000001066e+00,2.190000000000000391e+00
1.950000000000001066e+00,1.090000000000000746e+00
1.950000000000001066e+00,9.400000000000003908e-01
1.950000000000001066e+00,8.900000000000005684e-01
1.950000000000001066e+00,-5.999999999999960920e-02
1.950000000000001066e+00,-2.099999999999995204e-01
2.000000000000000000e+00,5.290000000000000036e+00
2.000000000000000000e+00,2.140000000000000568e+00
2.000000000000000000e+00,2.090000000000000746e+00
2.000000000000000000e+00,1.090000000000000746e+00
2.000000000000000000e+00,9.400000000000003908e-01
2.000000000000000000e+00,8.900000000000005684e-01
2.000000000000000000e+00,-5.999999999999960920e-02
2.000000000000000000e+00,-2.099999999999995204e-01
2.050000000000000711e+00,5.290000000000000036e+00
2.050000000000000711e+00,1.090000000000000746e+00
2.050000000000000711e+00,9.400000000000003908e-01
2.050000000000000711e+00,8.900000000000005684e-01
2.050000000000000711e+00,-5.999999999999960920e-02
2.050000000000000711e+00,-2.099999999999995204e-01
2.100000000000001421e+00,5.290000000000000036e+00
2.100000000000001421e+00,3.690000000000000391e+00
2.100000000000001421e+00,3.640000000000000568e+00
2.100000000000001421e+00,3.490000000000001101e+00
2.100000000000001421e+00,3.440000000000000391e+00
2.100000000000001421e+00,3.390000000000000568e+00
2.100000000000001421e+00,3.240000000000001101e+00
2.100000000000001421e+00,3.190000000000000391e+00
2.100000000000001421e+00,3.090000000000000746e+00
2.100000000000001421e+00,2.990000000000001101e+00
2.100000000000001421e+00,2.890000000000000568e+00
2.100000000000001421e+00,2.840000000000000746e+00
2.100000000000001421e+00,2.790000000000000924e+00
2.100000000000001421e+00,2.640000000000000568e+00
2.100000000000001421e+00,2.540000000000000924e+00
2.100000000000001421e+00,2.440000000000000391e+00
2.100000000000001421e+00,2.390000000000000568e+00
2.100000000000001421e+00,2.290000000000000924e+00
2.100000000000001421e+00,2.240000000000001101e+00
2.100000000000001421e+00,2.190000000000000391e+00
2.100000000000001421e+00,2.140000000000000568e+00
2.100000000000001421e+00,2.090000000000000746e+00
2.100000000000001421e+00,2.040000000000000924e+00
2.100000000000001421e+00,1.940000000000000391e+00
2.100000000000001421e+00,1.090000000000000746e+00
2.100000000000001421e+00,9.400000000000003908e-01
2.100000000000001421e+00,8.900000000000005684e-01
2.100000000000001421e+00,-5.999999999999960920e-02
2.100000000000001421e+00,-2.099999999999995204e-01
2.150000000000000355e+00,5.290000000000000036e+00
2.150000000000000355e+00,5.240000000000001101e+00
2.150000000000000355e+00,5.190000000000000391e+00
2.150000000000000355e+00,4.290000000000000036e+00
2.150000000000000355e+00,4.240000000000001101e+00
2.150000000000000355e+00,4.190000000000000391e+00
2.150000000000000355e+00,4.140000000000001457e+00
2.150000000000000355e+00,4.090000000000000746e+00
2.150000000000000355e+00,4.040000000000000036e+00
2.150000000000000355e+00,3.990000000000001101e+00
2.150000000000000355e+00,3.940000000000000391e+00
2.150000000000000355e+00,3.890000000000000568e+00
2.150000000000000355e+00,3.840000000000000746e+00
2.150000000000000355e+00,3.790000000000000924e+00
2.150000000000000355e+00,3.740000000000001101e+00
2.150000000000000355e+00,3.690000000000000391e+00
2.150000000000000355e+00,3.640000000000000568e+00
2.150000000000000355e+00,3.590000000000000746e+00
2.150000000000000355e+00,3.540000000000000924e+00
2.150000000000000355e+00,3.490000000000001101e+00
2.150000000000000355e+00,3.440000000000000391e+00
2.150000000000000355e+00,3.390000000000000568e+00
2.150000000000000355e+00,3.340000000000000746e+00
2.150000000000000355e+00,3.290000000000000924e+00
2.150000000000000355e+00,3.240000000000001101e+00
2.150000000000000355e+00,3.190000000000000391e+00
2.150000000000000355e+00,3.140000000000000568e+00
2.150000000000000355e+00,3.090000000000000746e+00
2.150000000000000355e+00,3.040000000000000924e+00
2.150000000000000355e+00,2.990000000000001101e+00
2.150000000000000355e+00,2.940000000000000391e+00
2.150000000000000355e+00,2.890000000000000568e+00
2.150000000000000355e+00,2.840000000000000746e+00
2.150000000000000355e+00,2.790000000000000924e+00
2.150000000000000355e+00,2.740000000000001101e+00
2.150000000000000355e+00,2.690000000000000391e+00
2.150000000000000355e+00,2.640000000000000568e+00
2.150000000000000355e+00,2.590000000000000746e+00
2.150000000000000355e+00,2.540000000000000924e+00
2.150000000000000355e+00,2.490000000000001101e+00
2.150000000000000355e+00,2.440000000000000391e+00
2.150000000000000355e+00,2.390000000000000568e+00
2.150000000000000355e+00,2.340000000000000746e+00
2.150000000000000355e+00,2.290000000000000924e+00
2.150000000000000355e+00,2.240000000000001101e+00
2.150000000000000355e+00,2.190000000000000391e+00
2.150000000000000355e+00,2.140000000000000568e+00
2.150000000000000355e+00,2.090000000000000746e+00
2.150000000000000355e+00,1.990000000000001101e+00
2.150000000000000355e+00,1.940000000000000391e+00
2.150000000000000355e+00,1.890000000000000568e+00
2.150000000000000355e+00,1.840000000000000746e+00
2.150000000000000355e+00,1.790000000000000924e+00
2.150000000000000355e+00,1.740000000000001101e+00
2.150000000000000355e+00,1.690000000000000391e+00
2.150000000000000355e+00,1.640000000000000568e+00
2.150000000000000355e+00,1.540000000000000924e+00
2.150000000000000355e+00,9.400000000000003908e-01
2.150000000000000355e+00,8.900000000000005684e-01
2.150000000000000355e+00,-5.999999999999960920e-02
2.150000000000000355e+00,-2.099999999999995204e-01
2.200000000000001066e+00,5.190000000000000391e+00
2.200000000000001066e+00,4.290000000000000036e+00
2.200000000000001066e+00,9.400000000000003908e-01
2.200000000000001066e+00,8.900000000000005684e-01
2.200000000000001066e+00,-9.999999999999786837e-03
2.200000000000001066e+00,-5.999999999999960920e-02
2.200000000000001066e+00,-2.099999999999995204e-01
2.250000000000000000e+00,5.190000000000000391e+00
2.250000000000000000e+00,4.290000000000000036e+00
2.250000000000000000e+00,4.240000000000001101e+00
2.250000000000000000e+00,9.400000000000003908e-01
2.250000000000000000e+00,8.900000000000005684e-01
2.250000000000000000e+00,-9.999999999999786837e-03
2.250000000000000000e+00,-5.999999999999960920e-02
2.250000000000000000e+00,-2.099999999999995204e-01
2.300000000000000711e+00,5.290000000000000036e+00
2.300000000000000711e+00,5.240000000000001101e+00
2.300000000000000711e+00,5.190000000000000391e+00
2.300000000000000711e+00,4.290000000000000036e+00
2.300000000000000711e+00,4.240000000000001101e+00
2.300000000000000711e+00,4.190000000000000391e+00
2.300000000000000711e+00,4.140000000000001457e+00
2.300000000000000711e+00,4.090000000000000746e+00
2.300000000000000711e+00,4.040000000000000036e+00
2.300000000000000711e+00,3.990000000000001101e+00
2.300000000000000711e+00,3.940000000000000391e+00
2.300000000000000711e+00,3.890000000000000568e+00
2.300000000000000711e+00,3.840000000000000746e+00
2.300000000000000711e+00,3.790000000000000924e+00
2.300000000000000711e+00,3.740000000000001101e+00
2.300000000000000711e+00,3.690000000000000391e+00
2.300000000000000711e+00,3.640000000000000568e+00
2.300000000000000711e+00,3.590000000000000746e+00
2.300000000000000711e+00,3.540000000000000924e+00
2.300000000000000711e+00,3.490000000000001101e+00
2.300000000000000711e+00,3.440000000000000391e+00
2.300000000000000711e+00,3.390000000000000568e+00
2.300000000000000711e+00,3.340000000000000746e+00
2.300000000000000711e+00,3.290000000000000924e+00
2.300000000000000711e+00,3.240000000000001101e+00
2.300000000000000711e+00,3.190000000000000391e+00
2.300000000000000711e+00,3.140000000000000568e+00
2.300000000000000711e+00,3.090000000000000746e+00
2.300000000000000711e+00,3.040000000000000924e+00
2.300000000000000711e+00,2.990000000000001101e+00
2.300000000000000711e+00,2.940000000000000391e+00
2.300000000000000711e+00,2.890000000000000568e+00
2.300000000000000711e+00,2.840000000000000746e+00
2.300000000000000711e+00,2.790000000000000924e+00
2.300000000000000711e+00,2.740000000000001101e+00
2.300000000000000711e+00,2.690000000000000391e+00
2.300000000000000711e+00,2.640000000000000568e+00
2.300000000000000711e+00,2.590000000000000746e+00
2.300000000000000711e+00,2.540000000000000924e+00
2.300000000000000711e+00,2.490000000000001101e+00
2.300000000000000711e+00,2.440000000000000391e+00
2.300000000000000711e+00,2.390000000000000568e+00
2.300000000000000711e+00,2.340000000000000746e+00
2.300000000000000711e+00,2.290000000000000924e+00
2.300000000000000711e+00,2.240000000000001101e+00
2.300000000000000711e+00,2.190000000000000391e+00
2.300000000000000711e+00,2.140000000000000568e+00
2.300000000000000711e+00,2.090000000000000746e+00
2.300000000000000711e+00,2.040000000000000924e+00
2.300000000000000711e+00,1.990000000000001101e+00
2.300000000000000711e+00,1.940000000000000391e+00
2.300000000000000711e+00,1.890000000000000568e+00
2.300000000000000711e+00,1.840000000000000746e+00
2.300000000000000711e+00,1.790000000000000924e+00
2.300000000000000711e+00,1.690000000000000391e+00
2.300000000000000711e+00,1.640000000000000568e+00
2.300000000000000711e+00,1.590000000000000746e+00
2.300000000000000711e+00,1.540000000000000924e+00
2.300000000000000711e+00,1.490000000000001101e+00
2.300000000000000711e+00,1.390000000000000568e+00
2.300000000000000711e+00,1.340000000000000746e+00
2.300000000000000711e+00,9.400000000000003908e-01
2.300000000000000711e+00,8.900000000000005684e-01
2.300000000000000711e+00,-9.999999999999786837e-03
2.300000000000000711e+00,-2.099999999999995204e-01
2.350000000000001421e+00,5.290000000000000036e+00
2.350000000000001421e+00,2.890000000000000568e+00
2.350000000000001421e+00,2.240000000000001101e+00
2.350000000000001421e+00,2.190000000000000391e+00
2.350000000000001421e+00,2.140000000000000568e+00
2.350000000000001421e+00,2.090000000000000746e+00
2.350000000000001421e+00,2.040000000000000924e+00
2.350000000000001421e+00,1.990000000000001101e+00
2.350000000000001421e+00,1.940000000000000391e+00
2.350000000000001421e+00,1.890000000000000568e+00
2.350000000000001421e+00,1.840000000000000746e+00
2.350000000000001421e+00,1.790000000000000924e+00
2.350000000000001421e+00,1.740000000000001101e+00
2.350000000000001421e+00,1.690000000000000391e+00
2.350000000000001421e+00,1.640000000000000568e+00
2.350000000000001421e+00,1.590000000000000746e+00
2.350000000000001421e+00,1.540000000000000924e+00
2.350000000000001421e+00,1.490000000000001101e+00
2.350000000000001421e+00,1.440000000000000391e+00
2.350000000000001421e+00,1.390000000000000568e+00
2.350000000000001421e+00,1.340000000000000746e+00
2.350000000000001421e+00,1.290000000000000924e+00
2.350000000000001421e+00,1.240000000000001101e+00
2.350000000000001421e+00,1.190000000000000391e+00
2.350000000000001421e+00,1.140000000000000568e+00
2.350000000000001421e+00,1.090000000000000746e+00
2.350000000000001421e+00,1.040000000000000924e+00
2.350000000000001421e+00,9.900000000000011013e-01
2.350000000000001421e+00,9.400000000000003908e-01
2.350000000000001421e+00,8.900000000000005684e-01
2.350000000000001421e+00,4.000000000000092371e-02
2.350000000000001421e+00,-9.999999999999786837e-03
2.350000000000001421e+00,-5.999999999999960920e-02
2.350000000000001421e+00,-2.099999999999995204e-01
2.400000000000000355e+00,5.290000000000000036e+00
2.400000000000000355e+00,-9.999999999999786837e-03
2.400000000000000355e+00,-5.999999999999960920e-02
2.400000000000000355e+00,-2.099999999999995204e-01
2.450000000000001066e+00,5.290000000000000036e+00
2.450000000000001066e+00,-5.999999999999960920e-02
2.450000000000001066e+00,-2.099999999999995204e-01
2.500000000000000000e+00,5.290000000000000036e+00
2.500000000000000000e+00,-9.999999999999786837e-03
2.500000000000000000e+00,-5.999999999999960920e-02
2.500000000000000000e+00,-2.099999999999995204e-01
2.550000000000000711e+00,5.290000000000000036e+00
2.550000000000000711e+00,-9.999999999999786837e-03
2.550000000000000711e+00,-5.999999999999960920e-02
2.550000000000000711e+00,-2.099999999999995204e-01
2.600000000000001421e+00,5.290000000000000036e+00
2.600000000000001421e+00,-9.999999999999786837e-03
2.600000000000001421e+00,-5.999999999999960920e-02
2.600000000000001421e+00,-2.099999999999995204e-01
2.650000000000000355e+00,5.290000000000000036e+00
2.650000000000000355e+00,-9.999999999999786837e-03
2.650000000000000355e+00,-5.999999999999960920e-02
2.650000000000000355e+00,-2.099999999999995204e-01
2.700000000000001066e+00,5.290000000000000036e+00
2.700000000000001066e+00,-9.999999999999786837e-03
2.700000000000001066e+00,-5.999999999999960920e-02
2.700000000000001066e+00,-2.099999999999995204e-01
2.750000000000000000e+00,5.290000000000000036e+00
2.750000000000000000e+00,-9.999999999999786837e-03
2.750000000000000000e+00,-5.999999999999960920e-02
2.750000000000000000e+00,-2.099999999999995204e-01
2.800000000000000711e+00,5.290000000000000036e+00
2.800000000000000711e+00,-9.999999999999786837e-03
2.800000000000000711e+00,-5.999999999999960920e-02
2.800000000000000711e+00,-2.099999999999995204e-01
2.850000000000001421e+00,5.290000000000000036e+00
2.850000000000001421e+00,-9.999999999999786837e-03
2.850000000000001421e+00,-5.999999999999960920e-02
2.850000000000001421e+00,-2.099999999999995204e-01
2.900000000000000355e+00,5.290000000000000036e+00
2.900000000000000355e+00,-9.999999999999786837e-03
2.900000000000000355e+00,-5.999999999999960920e-02
2.900000000000000355e+00,-2.099999999999995204e-01
2.950000000000001066e+00,5.290000000000000036e+00
2.950000000000001066e+00,-9.999999999999786837e-03
2.950000000000001066e+00,-5.999999999999960920e-02
2.950000000000001066e+00,-2.099999999999995204e-01
3.000000000000000000e+00,5.290000000000000036e+00
3.000000000000000000e+00,-9.999999999999786837e-03
3.000000000000000000e+00,-5.999999999999960920e-02
3.000000000000000000e+00,-2.099999999999995204e-01
3.050000000000000711e+00,5.290000000000000036e+00
3.050000000000000711e+00,-9.999999999999786837e-03
3.050000000000000711e+00,-5.999999999999960920e-02
3.050000000000000711e+00,-2.099999999999995204e-01
3.100000000000001421e+00,5.290000000000000036e+00
3.100000000000001421e+00,-9.999999999999786837e-03
3.100000000000001421e+00,-5.999999999999960920e-02
3.100000000000001421e+00,-2.099999999999995204e-01
3.150000000000000355e+00,5.290000000000000036e+00
3.150000000000000355e+00,-9.999999999999786837e-03
3.150000000000000355e+00,-2.099999999999995204e-01
3.200000000000001066e+00,5.290000000000000036e+00
3.200000000000001066e+00,-9.999999999999786837e-03
3.200000000000001066e+00,-2.099999999999995204e-01
3.250000000000000000e+00,5.290000000000000036e+00
3.250000000000000000e+00,-9.999999999999786837e-03
3.250000000000000000e+00,-5.999999999999960920e-02
3.250000000000000000e+00,-2.099999999999995204e-01
3.300000000000000711e+00,5.290000000000000036e+00
3.300000000000000711e+00,-9.999999999999786837e-03
3.300000000000000711e+00,-5.999999999999960920e-02
3.300000000000000711e+00,-2.099999999999995204e-01
3.350000000000001421e+00,5.290000000000000036e+00
3.350000000000001421e+00,-9.999999999999786837e-03
3.350000000000001421e+00,-2.099999999999995204e-01
3.400000000000000355e+00,5.290000000000000036e+00
3.400000000000000355e+00,-9.999999999999786837e-03
3.400000000000000355e+00,-2.099999999999995204e-01
3.450000000000001066e+00,5.290000000000000036e+00
3.450000000000001066e+00,-9.999999999999786837e-03
3.450000000000001066e+00,-2.099999999999995204e-01
3.500000000000000000e+00,5.290000000000000036e+00
3.500000000000000000e+00,-9.999999999999786837e-03
3.550000000000000711e+00,5.290000000000000036e+00
3.550000000000000711e+00,-9.999999999999786837e-03
3.600000000000001421e+00,5.290000000000000036e+00
3.600000000000001421e+00,-9.999999999999786837e-03
3.600000000000001421e+00,-2.099999999999995204e-01
3.650000000000000355e+00,5.290000000000000036e+00
3.650000000000000355e+00,-9.999999999999786837e-03
3.700000000000001066e+00,5.290000000000000036e+00
3.700000000000001066e+00,-9.999999999999786837e-03
3.700000000000001066e+00,-2.099999999999995204e-01
3.750000000000000000e+00,5.290000000000000036e+00
3.750000000000000000e+00,-9.999999999999786837e-03
3.750000000000000000e+00,-2.099999999999995204e-01
3.800000000000000711e+00,5.290000000000000036e+00
3.800000000000000711e+00,3.640000000000000568e+00
3.800000000000000711e+00,3.590000000000000746e+00
3.800000000000000711e+00,3.540000000000000924e+00
3.800000000000000711e+00,3.490000000000001101e+00
3.800000000000000711e+00,-9.999999999999786837e-03
3.850000000000001421e+00,5.290000000000000036e+00
3.850000000000001421e+00,3.640000000000000568e+00
3.850000000000001421e+00,3.590000000000000746e+00
3.850000000000001421e+00,3.490000000000001101e+00
3.850000000000001421e+00,2.290000000000000924e+00
3.850000000000001421e+00,2.240000000000001101e+00
3.850000000000001421e+00,2.190000000000000391e+00
3.850000000000001421e+00,-9.999999999999786837e-03
3.850000000000001421e+00,-2.099999999999995204e-01
3.900000000000000355e+00,5.290000000000000036e+00
3.900000000000000355e+00,3.640000000000000568e+00
3.900000000000000355e+00,3.590000000000000746e+00
3.900000000000000355e+00,3.490000000000001101e+00
3.900000000000000355e+00,2.290000000000000924e+00
3.900000000000000355e+00,2.190000000000000391e+00
3.900000000000000355e+00,-9.999999999999786837e-03
3.900000000000000355e+00,-2.099999999999995204e-01
3.950000000000001066e+00,5.290000000000000036e+00
3.950000000000001066e+00,3.640000000000000568e+00
3.950000000000001066e+00,3.590000000000000746e+00
3.950000000000001066e+00,3.540000000000000924e+00
3.950000000000001066e+00,3.490000000000001101e+00
3.950000000000001066e+00,2.290000000000000924e+00
3.950000000000001066e+00,2.240000000000001101e+00
3.950000000000001066e+00,2.190000000000000391e+00
3.950000000000001066e+00,-9.999999999999786837e-03
4.000000000000000000e+00,5.290000000000000036e+00
4.000000000000000000e+00,3.540000000000000924e+00
4.000000000000000000e+00,2.290000000000000924e+00
4.000000000000000000e+00,2.240000000000001101e+00
4.000000000000000000e+00,2.190000000000000391e+00
4.000000000000000000e+00,-9.999999999999786837e-03
4.000000000000000000e+00,-2.099999999999995204e-01
4.050000000000000711e+00,5.290000000000000036e+00
4.050000000000000711e+00,-9.999999999999786837e-03
4.050000000000000711e+00,-2.099999999999995204e-01
4.100000000000001421e+00,5.290000000000000036e+00
4.100000000000001421e+00,-9.999999999999786837e-03
4.100000000000001421e+00,-2.099999999999995204e-01
4.150000000000000355e+00,5.290000000000000036e+00
4.150000000000000355e+00,5.240000000000001101e+00
4.150000000000000355e+00,5.190000000000000391e+00
4.150000000000000355e+00,5.140000000000001457e+00
4.150000000000000355e+00,5.090000000000000746e+00
4.150000000000000355e+00,5.040000000000000036e+00
4.150000000000000355e+00,4.990000000000001101e+00
4.150000000000000355e+00,4.940000000000000391e+00
4.150000000000000355e+00,4.890000000000001457e+00
4.150000000000000355e+00,-9.999999999999786837e-03
4.150000000000000355e+00,-2.099999999999995204e-01
4.200000000000001066e+00,5.290000000000000036e+00
4.200000000000001066e+00,5.240000000000001101e+00
4.200000000000001066e+00,5.190000000000000391e+00
4.200000000000001066e+00,5.140000000000001457e+00
4.200000000000001066e+00,5.090000000000000746e+00
4.200000000000001066e+00,5.040000000000000036e+00
4.200000000000001066e+00,4.990000000000001101e+00
4.200000000000001066e+00,4.940000000000000391e+00
4.200000000000001066e+00,4.890000000000001457e+00
4.200000000000001066e+00,-9.999999999999786837e-03
4.250000000000000000e+00,5.290000000000000036e+00
4.250000000000000000e+00,5.240000000000001101e+00
4.250000000000000000e+00,-9.999999999999786837e-03
4.300000000000000711e+00,5.290000000000000036e+00
4.300000000000000711e+00,5.240000000000001101e+00
4.300000000000000711e+00,-9.999999999999786837e-03
4.350000000000001421e+00,5.290000000000000036e+00
4.350000000000001421e+00,5.240000000000001101e+00
4.350000000000001421e+00,-9.999999999999786837e-03
4.350000000000001421e+00,-2.099999999999995204e-01
4.400000000000000355e+00,5.290000000000000036e+00
4.400000000000000355e+00,5.240000000000001101e+00
4.400000000000000355e+00,-9.999999999999786837e-03
4.450000000000001066e+00,5.290000000000000036e+00
4.450000000000001066e+00,5.240000000000001101e+00
4.450000000000001066e+00,-9.999999999999786837e-03
4.500000000000000000e+00,5.290000000000000036e+00
4.500000000000000000e+00,5.240000000000001101e+00
4.500000000000000000e+00,-9.999999999999786837e-03
4.550000000000000711e+00,5.290000000000000036e+00
4.550000000000000711e+00,-9.999999999999786837e-03
4.600000000000001421e+00,5.290000000000000036e+00
4.600000000000001421e+00,5.240000000000001101e+00
4.600000000000001421e+00,-9.999999999999786837e-03
4.650000000000000355e+00,5.290000000000000036e+00
4.650000000000000355e+00,-9.999999999999786837e-03
4.700000000000001066e+00,5.290000000000000036e+00
4.700000000000001066e+00,-9.999999999999786837e-03
4.750000000000000000e+00,5.290000000000000036e+00
4.750000000000000000e+00,5.240000000000001101e+00
4.750000000000000000e+00,-9.999999999999786837e-03
4.800000000000000711e+00,5.290000000000000036e+00
4.800000000000000711e+00,5.240000000000001101e+00
4.800000000000000711e+00,4.000000000000092371e-02
4.800000000000000711e+00,-9.999999999999786837e-03
4.800000000000000711e+00,-2.599999999999993427e-01
4.800000000000000711e+00,-4.099999999999992539e-01
4.800000000000000711e+00,-4.599999999999995204e-01
4.800000000000000711e+00,-5.099999999999993427e-01
4.800000000000000711e+00,-5.599999999999996092e-01
4.800000000000000711e+00,-7.099999999999995204e-01
4.800000000000000711e+00,-7.599999999999993427e-01
4.800000000000000711e+00,-8.099999999999996092e-01
4.800000000000000711e+00,-8.599999999999994316e-01
4.850000000000001421e+00,5.290000000000000036e+00
4.850000000000001421e+00,5.240000000000001101e+00
4.850000000000001421e+00,4.000000000000092371e-02
4.850000000000001421e+00,-9.999999999999786837e-03
4.900000000000000355e+00,5.290000000000000036e+00
4.900000000000000355e+00,5.240000000000001101e+00
4.900000000000000355e+00,-9.999999999999786837e-03
4.950000000000001066e+00,5.290000000000000036e+00
4.950000000000001066e+00,5.240000000000001101e+00
4.950000000000001066e+00,4.000000000000092371e-02
4.950000000000001066e+00,-9.999999999999786837e-03
5.000000000000000000e+00,5.290000000000000036e+00
5.000000000000000000e+00,4.000000000000092371e-02
5.000000000000000000e+00,-9.999999999999786837e-03
5.000000000000000000e+00,-1.459999999999999520e+00
5.000000000000000000e+00,-1.809999999999999609e+00
5.000000000000000000e+00,-1.859999999999999432e+00
5.000000000000000000e+00,-1.909999999999999698e+00
5.000000000000000000e+00,-1.959999999999999520e+00
5.000000000000000000e+00,-2.009999999999999343e+00
5.050000000000000711e+00,5.290000000000000036e+00
5.050000000000000711e+00,5.240000000000001101e+00
5.050000000000000711e+00,5.190000000000000391e+00
5.050000000000000711e+00,5.140000000000001457e+00
5.050000000000000711e+00,5.090000000000000746e+00
5.050000000000000711e+00,5.040000000000000036e+00
5.050000000000000711e+00,4.990000000000001101e+00
5.050000000000000711e+00,4.940000000000000391e+00
5.050000000000000711e+00,4.890000000000001457e+00
5.050000000000000711e+00,4.000000000000092371e-02
5.050000000000000711e+00,-9.999999999999786837e-03
5.100000000000001421e+00,5.290000000000000036e+00
5.100000000000001421e+00,5.240000000000001101e+00
5.100000000000001421e+00,5.190000000000000391e+00
5.100000000000001421e+00,5.140000000000001457e+00
5.100000000000001421e+00,5.090000000000000746e+00
5.100000000000001421e+00,5.040000000000000036e+00
5.100000000000001421e+00,4.990000000000001101e+00
5.100000000000001421e+00,4.940000000000000391e+00
5.100000000000001421e+00,4.890000000000001457e+00
5.100000000000001421e+00,4.000000000000092371e-02
5.100000000000001421e+00,-9.999999999999786837e-03
5.150000000000000355e+00,5.290000000000000036e+00
5.150000000000000355e+00,4.000000000000092371e-02
5.150000000000000355e+00,-9.999999999999786837e-03
5.200000000000001066e+00,5.290000000000000036e+00
5.200000000000001066e+00,4.000000000000092371e-02
5.200000000000001066e+00,-9.999999999999786837e-03
5.250000000000000000e+00,5.290000000000000036e+00
5.250000000000000000e+00,4.000000000000092371e-02
5.250000000000000000e+00,-9.999999999999786837e-03
5.300000000000000711e+00,5.290000000000000036e+00
5.300000000000000711e+00,4.000000000000092371e-02
5.300000000000000711e+00,-9.999999999999786837e-03
5.350000000000001421e+00,5.290000000000000036e+00
5.350000000000001421e+00,4.000000000000092371e-02
5.350000000000001421e+00,-9.999999999999786837e-03
5.400000000000000355e+00,5.290000000000000036e+00
5.400000000000000355e+00,4.000000000000092371e-02
5.400000000000000355e+00,-9.999999999999786837e-03
5.450000000000001066e+00,5.290000000000000036e+00
5.450000000000001066e+00,4.000000000000092371e-02
5.450000000000001066e+00,-9.999999999999786837e-03
5.500000000000000000e+00,5.290000000000000036e+00
5.500000000000000000e+00,4.000000000000092371e-02
5.500000000000000000e+00,-9.999999999999786837e-03
5.550000000000000711e+00,5.290000000000000036e+00
5.550000000000000711e+00,4.000000000000092371e-02
5.550000000000000711e+00,-9.999999999999786837e-03
5.600000000000001421e+00,5.290000000000000036e+00
5.600000000000001421e+00,4.000000000000092371e-02
5.600000000000001421e+00,-9.999999999999786837e-03
5.650000000000000355e+00,5.290000000000000036e+00
5.650000000000000355e+00,3.640000000000000568e+00
5.650000000000000355e+00,3.590000000000000746e+00
5.650000000000000355e+00,3.540000000000000924e+00
5.650000000000000355e+00,3.490000000000001101e+00
5.650000000000000355e+00,2.290000000000000924e+00
5.650000000000000355e+00,2.240000000000001101e+00
5.650000000000000355e+00,2.190000000000000391e+00
5.650000000000000355e+00,4.000000000000092371e-02
5.650000000000000355e+00,-9.999999999999786837e-03
5.700000000000001066e+00,5.290000000000000036e+00
5.700000000000001066e+00,3.640000000000000568e+00
5.700000000000001066e+00,3.590000000000000746e+00
5.700000000000001066e+00,3.540000000000000924e+00
5.700000000000001066e+00,2.290000000000000924e+00
5.700000000000001066e+00,2.240000000000001101e+00
5.700000000000001066e+00,2.190000000000000391e+00
5.700000000000001066e+00,4.000000000000092371e-02
5.700000000000001066e+00,-9.999999999999786837e-03
5.750000000000000000e+00,5.290000000000000036e+00
5.750000000000000000e+00,3.640000000000000568e+00
5.750000000000000000e+00,3.590000000000000746e+00
5.750000000000000000e+00,3.540000000000000924e+00
5.750000000000000000e+00,2.290000000000000924e+00
5.750000000000000000e+00,2.240000000000001101e+00
5.750000000000000000e+00,2.190000000000000391e+00
5.750000000000000000e+00,4.000000000000092371e-02
5.750000000000000000e+00,-9.999999999999786837e-03
5.750000000000000000e+00,-5.999999999999960920e-02
5.750000000000000000e+00,-1.099999999999994316e-01
5.800000000000000711e+00,5.290000000000000036e+00
5.800000000000000711e+00,3.640000000000000568e+00
5.800000000000000711e+00,3.590000000000000746e+00
5.800000000000000711e+00,3.540000000000000924e+00
5.800000000000000711e+00,2.290000000000000924e+00
5.800000000000000711e+00,2.240000000000001101e+00
5.800000000000000711e+00,2.190000000000000391e+00
5.850000000000001421e+00,5.290000000000000036e+00
5.900000000000000355e+00,5.290000000000000036e+00
5.950000000000001066e+00,5.290000000000000036e+00
5.950000000000001066e+00,5.240000000000001101e+00
5.950000000000001066e+00,4.990000000000001101e+00
6.000000000000000000e+00,5.290000000000000036e+00
6.000000000000000000e+00,5.240000000000001101e+00
6.000000000000000000e+00,5.190000000000000391e+00
6.000000000000000000e+00,5.140000000000001457e+00
6.000000000000000000e+00,5.090000000000000746e+00
6.000000000000000000e+00,5.040000000000000036e+00
6.000000000000000000e+00,4.990000000000001101e+00
6.000000000000000000e+00,4.940000000000000391e+00
6.000000000000000000e+00,4.890000000000001457e+00
6.050000000000000711e+00,5.290000000000000036e+00
6.100000000000001421e+00,5.290000000000000036e+00
6.150000000000000355e+00,5.290000000000000036e+00
6.200000000000001066e+00,5.290000000000000036e+00
6.250000000000000000e+00,5.290000000000000036e+00
6.300000000000000711e+00,5.290000000000000036e+00
6.350000000000001421e+00,5.290000000000000036e+00
6.400000000000000355e+00,5.290000000000000036e+00
6.400000000000000355e+00,-2.159999999999999254e+00
6.450000000000001066e+00,5.290000000000000036e+00
6.500000000000000000e+00,5.290000000000000036e+00
6.550000000000000711e+00,5.290000000000000036e+00
6.600000000000001421e+00,5.290000000000000036e+00
6.650000000000000355e+00,5.290000000000000036e+00
6.650000000000000355e+00,4.000000000000092371e-02
6.650000000000000355e+00,-9.999999999999786837e-03
6.650000000000000355e+00,-5.999999999999960920e-02
6.650000000000000355e+00,-1.099999999999994316e-01
6.700000000000001066e+00,4.000000000000092371e-02
6.750000000000000000e+00,5.290000000000000036e+00
6.750000000000000000e+00,4.000000000000092371e-02
6.800000000000000711e+00,5.290000000000000036e+00
6.800000000000000711e+00,4.000000000000092371e-02
6.850000000000001421e+00,4.000000000000092371e-02
6.900000000000000355e+00,5.290000000000000036e+00
6.900000000000000355e+00,4.000000000000092371e-02
6.950000000000001066e+00,4.000000000000092371e-02
7.000000000000000000e+00,4.000000000000092371e-02
7.050000000000000711e+00,5.290000000000000036e+00
7.050000000000000711e+00,4.000000000000092371e-02
7.100000000000001421e+00,9.000000000000074607e-02
7.100000000000001421e+00,4.000000000000092371e-02
7.150000000000000355e+00,4.000000000000092371e-02
7.200000000000001066e+00,4.000000000000092371e-02
7.250000000000000000e+00,4.000000000000092371e-02
7.300000000000000711e+00,5.290000000000000036e+00
7.300000000000000711e+00,5.240000000000001101e+00
7.300000000000000711e+00,5.190000000000000391e+00
7.300000000000000711e+00,5.140000000000001457e+00
7.300000000000000711e+00,5.090000000000000746e+00
7.300000000000000711e+00,5.040000000000000036e+00
7.300000000000000711e+00,4.990000000000001101e+00
7.300000000000000711e+00,4.940000000000000391e+00
7.300000000000000711e+00,4.890000000000001457e+00
7.300000000000000711e+00,4.840000000000000746e+00
7.300000000000000711e+00,4.790000000000000036e+00
7.300000000000000711e+00,4.740000000000001101e+00
7.300000000000000711e+00,4.690000000000000391e+00
7.300000000000000711e+00,4.640000000000001457e+00
7.300000000000000711e+00,4.590000000000000746e+00
7.300000000000000711e+00,4.540000000000000036e+00
7.300000000000000711e+00,4.490000000000001101e+00
7.300000000000000711e+00,4.440000000000000391e+00
7.300000000000000711e+00,4.390000000000001457e+00
7.300000000000000711e+00,4.340000000000000746e+00
7.300000000000000711e+00,4.290000000000000036e+00
7.300000000000000711e+00,4.240000000000001101e+00
7.300000000000000711e+00,4.190000000000000391e+00
7.300000000000000711e+00,4.140000000000001457e+00
7.300000000000000711e+00,4.090000000000000746e+00
7.300000000000000711e+00,4.040000000000000036e+00
7.300000000000000711e+00,3.890000000000000568e+00
7.300000000000000711e+00,4.000000000000092371e-02
7.350000000000001421e+00,5.290000000000000036e+00
7.350000000000001421e+00,5.140000000000001457e+00
7.350000000000001421e+00,5.090000000000000746e+00
7.350000000000001421e+00,5.040000000000000036e+00
7.350000000000001421e+00,4.990000000000001101e+00
7.350000000000001421e+00,4.940000000000000391e+00
7.350000000000001421e+00,4.890000000000001457e+00
7.350000000000001421e+00,4.840000000000000746e+00
7.350000000000001421e+00,4.790000000000000036e+00
7.350000000000001421e+00,4.740000000000001101e+00
7.350000000000001421e+00,4.690000000000000391e+00
7.350000000000001421e+00,4.640000000000001457e+00
7.350000000000001421e+00,4.590000000000000746e+00
7.350000000000001421e+00,4.540000000000000036e+00
7.350000000000001421e+00,4.490000000000001101e+00
7.350000000000001421e+00,4.440000000000000391e+00
7.350000000000001421e+00,4.390000000000001457e+00
7.350000000000001421e+00,4.340000000000000746e+00
7.350000000000001421e+00,4.290000000000000036e+00
7.350000000000001421e+00,4.240000000000001101e+00
7.350000000000001421e+00,4.190000000000000391e+00
7.350000000000001421e+00,4.140000000000001457e+00
7.350000000000001421e+00,4.090000000000000746e+00
7.350000000000001421e+00,4.040000000000000036e+00
7.350000000000001421e+00,3.990000000000001101e+00
7.350000000000001421e+00,3.940000000000000391e+00
7.350000000000001421e+00,3.890000000000000568e+00
7.350000000000001421e+00,3.840000000000000746e+00
7.350000000000001421e+00,3.790000000000000924e+00
7.350000000000001421e+00,3.740000000000001101e+00
7.350000000000001421e+00,3.690000000000000391e+00
7.350000000000001421e+00,3.640000000000000568e+00
7.350000000000001421e+00,3.590000000000000746e+00
7.350000000000001421e+00,3.540000000000000924e+00
7.350000000000001421e+00,3.490000000000001101e+00
7.350000000000001421e+00,3.440000000000000391e+00
7.350000000000001421e+00,3.390000000000000568e+00
7.350000000000001421e+00,3.340000000000000746e+00
7.350000000000001421e+00,3.290000000000000924e+00
7.350000000000001421e+00,3.240000000000001101e+00
7.350000000000001421e+00,3.190000000000000391e+00
7.350000000000001421e+00,3.140000000000000568e+00
7.350000000000001421e+00,3.090000000000000746e+00
7.350000000000001421e+00,3.040000000000000924e+00
7.350000000000001421e+00,2.990000000000001101e+00
7.350000000000001421e+00,2.940000000000000391e+00
7.350000000000001421e+00,2.890000000000000568e+00
7.350000000000001421e+00,2.840000000000000746e+00
7.350000000000001421e+00,2.790000000000000924e+00
7.350000000000001421e+00,2.740000000000001101e+00
7.350000000000001421e+00,2.690000000000000391e+00
7.350000000000001421e+00,2.640000000000000568e+00
7.350000000000001421e+00,2.590000000000000746e+00
7.350000000000001421e+00,2.540000000000000924e+00
7.350000000000001421e+00,2.490000000000001101e+00
7.350000000000001421e+00,2.440000000000000391e+00
7.350000000000001421e+00,2.390000000000000568e+00
7.350000000000001421e+00,2.340000000000000746e+00
7.350000000000001421e+00,2.290000000000000924e+00
7.350000000000001421e+00,2.240000000000001101e+00
7.350000000000001421e+00,2.190000000000000391e+00
7.350000000000001421e+00,2.140000000000000568e+00
7.350000000000001421e+00,2.090000000000000746e+00
7.350000000000001421e+00,2.040000000000000924e+00
7.350000000000001421e+00,1.990000000000001101e+00
7.350000000000001421e+00,1.940000000000000391e+00
7.350000000000001421e+00,1.890000000000000568e+00
7.350000000000001421e+00,1.840000000000000746e+00
7.350000000000001421e+00,1.790000000000000924e+00
7.350000000000001421e+00,1.740000000000001101e+00
7.350000000000001421e+00,1.690000000000000391e+00
7.350000000000001421e+00,1.640000000000000568e+00
7.350000000000001421e+00,1.590000000000000746e+00
7.350000000000001421e+00,1.540000000000000924e+00
7.350000000000001421e+00,1.490000000000001101e+00
7.350000000000001421e+00,1.440000000000000391e+00
7.350000000000001421e+00,1.390000000000000568e+00
7.350000000000001421e+00,1.290000000000000924e+00
7.350000000000001421e+00,1.140000000000000568e+00
7.350000000000001421e+00,4.000000000000092371e-02
7.400000000000000355e+00,2.790000000000000924e+00
7.400000000000000355e+00,2.590000000000000746e+00
7.400000000000000355e+00,2.390000000000000568e+00
7.400000000000000355e+00,2.340000000000000746e+00
7.400000000000000355e+00,2.290000000000000924e+00
7.400000000000000355e+00,2.240000000000001101e+00
7.400000000000000355e+00,2.190000000000000391e+00
7.400000000000000355e+00,2.140000000000000568e+00
7.400000000000000355e+00,2.090000000000000746e+00
7.400000000000000355e+00,2.040000000000000924e+00
7.400000000000000355e+00,1.990000000000001101e+00
7.400000000000000355e+00,1.940000000000000391e+00
7.400000000000000355e+00,1.890000000000000568e+00
7.400000000000000355e+00,1.840000000000000746e+00
7.400000000000000355e+00,1.790000000000000924e+00
7.400000000000000355e+00,1.740000000000001101e+00
7.400000000000000355e+00,1.690000000000000391e+00
7.400000000000000355e+00,1.640000000000000568e+00
7.400000000000000355e+00,1.590000000000000746e+00
7.400000000000000355e+00,1.540000000000000924e+00
7.400000000000000355e+00,1.490000000000001101e+00
7.400000000000000355e+00,1.440000000000000391e+00
7.400000000000000355e+00,1.390000000000000568e+00
7.400000000000000355e+00,1.340000000000000746e+00
7.400000000000000355e+00,1.290000000000000924e+00
7.400000000000000355e+00,1.240000000000001101e+00
7.400000000000000355e+00,1.190000000000000391e+00
7.400000000000000355e+00,1.140000000000000568e+00
7.400000000000000355e+00,1.090000000000000746e+00
7.400000000000000355e+00,1.040000000000000924e+00
7.400000000000000355e+00,9.900000000000011013e-01
7.400000000000000355e+00,9.400000000000003908e-01
7.400000000000000355e+00,8.900000000000005684e-01
7.400000000000000355e+00,8.400000000000007461e-01
7.400000000000000355e+00,7.900000000000009237e-01
7.400000000000000355e+00,7.400000000000011013e-01
7.400000000000000355e+00,6.900000000000003908e-01
7.400000000000000355e+00,6.400000000000005684e-01
7.400000000000000355e+00,5.900000000000007461e-01
7.400000000000000355e+00,5.400000000000009237e-01
7.400000000000000355e+00,4.900000000000002132e-01
7.400000000000000355e+00,4.400000000000003908e-01
7.400000000000000355e+00,3.900000000000005684e-01
7.400000000000000355e+00,3.400000000000007461e-01
7.400000000000000355e+00,2.900000000000009237e-01
7.400000000000000355e+00,2.400000000000002132e-01
7.400000000000000355e+00,1.900000000000003908e-01
7.400000000000000355e+00,1.400000000000005684e-01
7.400000000000000355e+00,9.000000000000074607e-02
7.400000000000000355e+00,4.000000000000092371e-02
7.400000000000000355e+00,-4.599999999999995204e-01
7.400000000000000355e+00,-6.099999999999994316e-01
7.400000000000000355e+00,-6.599999999999992539e-01
7.400000000000000355e+00,-8.099999999999996092e-01
