imu_ax, imu_ay, kf_ax, kf_ay, kf_vx, kf_w, kf_x, kf_y, stamp, 
-0.022926695796894804, 0.030056775619467516, -0.00838159410467761, 7.631304500079833e-10, -0.003430360459036496, -2.2246363293912498e-07, -1.9966874176775675, -0.5000009861289353, 16984000000, 
-0.08566662264794983, 0.024704738998562563, -0.04127284785667515, 2.290927131957747e-07, -0.005855090866305091, -3.91270978413262e-05, -1.989494847780754, -0.5000009723127011, 16989000000, 
-0.04747091846976054, 0.01232501979971407, -0.04381423337635687, 2.8979535070171744e-07, -0.005313174681792865, -5.454278619801177e-05, -1.9886887650143632, -0.5000009580455909, 17044000000, 
-0.044919629117917984, -0.00319895362990877, -0.04412541846010954, 1.1096893387491686e-07, -0.005152531944089474, -2.153677746767015e-05, -1.9884033517946995, -0.5000009609634504, 17144000000, 
-0.0388117890366548, 0.007758716302198902, -0.04123352817561555, 2.169983292094696e-07, -0.007218521636111779, -3.0061325593858673e-05, -1.9882647246924818, -0.5000009568659054, 17244000000, 
-0.093794945105498, -0.01296051928136029, -0.06523737093476356, -1.9630507722495318e-07, -0.007183212325092737, 2.7328313342376222e-05, -1.9875456836641807, -0.5000009719713525, 17344000000, 
-0.04567308312826372, -0.03274886403437179, -0.05592682499100214, -8.575509583940046e-07, -0.006931833647275227, 0.00012371199339601747, -1.9875363424163925, -0.5000009962733093, 17444000000, 
-0.05244939671160044, -0.029748722566215163, -0.05408117312040689, -1.075596446227507e-06, -0.006646078409956996, 0.0001618392651847252, -1.98751286101796, -0.5000010107574648, 17539000000, 
-0.05136350503969078, -0.010689553522349796, -0.05259964015518141, -7.653285559053446e-07, -0.006397930806413238, 0.00011962126178954374, -1.9875109443635763, -0.5000010149783436, 17644000000, 
-0.06556874924762637, -0.003077068117506467, -0.05838136215274244, -4.726575838340302e-07, -0.006453368727075631, 7.324199248850559e-05, -1.9874743235638979, -0.5000010191474813, 17744000000, 
-0.020437047771827435, -0.01309050349847018, -0.04060778577082302, -4.584754472999645e-07, -0.005841683629962456, 7.848344353131481e-05, -1.9875455583573558, -0.5000010255632209, 17844000000, 
-0.060623267330932276, -0.016038156945475456, -0.04967775033503478, -4.848660520339837e-07, -0.005665576165263778, 8.558106676011994e-05, -1.9875541909215106, -0.5000010333302156, 17939000000, 
-0.03463743481187014, -0.0037660051028458085, -0.04252596404441648, -3.0051927891158736e-07, -0.0053856474069212045, 5.580002852124778e-05, -1.9875805337239596, -0.5000010364544206, 18039000000, 
-0.0598213123307502, 0.009939511059495473, -0.050343959696698304, -2.772988005935208e-08, -0.005481875460030883, 5.058465895756752e-06, -1.9875706746814445, -0.5000010370813789, 18139000000, 
-0.06715910866944481, -0.03129368437199152, -0.05792291383216345, -4.884873445897595e-07, -0.005950305197327023, 8.209450244824354e-05, -1.9875249505461452, -0.5000010440380052, 18239000000, 
-0.012917337795466617, 0.01765754443996779, -0.03689278755831661, 2.5294708994527468e-08, -0.005436111376562775, -4.6530888060136065e-06, -1.9875766014223422, -0.5000010424700235, 18344000000, 
-0.07256883923944231, 0.003078869202859865, -0.05322113330300163, 5.645399069140284e-08, -0.005517610056693871, -1.0231602108763343e-05, -1.9875638244421354, -0.5000010437417284, 18444000000, 
-0.04351993819468492, -0.012632828503723213, -0.04853320557624872, -1.504279248933174e-07, -0.005606152221748891, 2.6832650799194683e-05, -1.9875542929442163, -0.5000010464400242, 18544000000, 
-0.0475329823109444, 0.008148698349720035, -0.047876475939920685, 3.773725263905602e-08, -0.005561096386187205, -6.785937523541002e-06, -1.9875576765844973, -0.5000010453169316, 18644000000, 
-0.059533920238851935, -0.009360740221701233, -0.05307438857919982, -1.1738775567499668e-07, -0.005752498679606609, 2.0406394197212467e-05, -1.9875399338397115, -0.5000010468338061, 18744000000, 
-0.050923945466548784, 0.015463562692169702, -0.05187482939920799, 1.780497027744012e-07, -0.00586734340417359, -3.0345880666836363e-05, -1.9875286832741106, -0.5000010433001066, 18844000000, 
-0.07358089854879567, 0.005508251164980471, -0.06170693995060857, 1.9725788045980037e-07, -0.006303817937046734, -3.129181115789226e-05, -1.9874846478578165, -0.5000010403145483, 18939000000, 
-0.0411706323154221, -0.0012900467711104463, -0.051977797463708786, 8.190434403339255e-08, -0.006286806242701784, -1.3027973325641062e-05, -1.9874867655952793, -0.5000010405043838, 19044000000, 
-0.057319372240608596, -0.0063628261266224055, -0.05423097403295733, -7.225668136125645e-08, -0.006263300467335082, 1.153651844392519e-05, -1.987491944447537, -0.500001041634262, 19139000000, 
-0.06551914568486059, 0.012727261058989515, -0.05923642289216981, 1.973452428599341e-07, -0.006411188951675801, -3.0781379919921195e-05, -1.9874703303363093, -0.5000010369934658, 19239000000, 
-0.04368952205194447, 0.014655616000258187, -0.05181772757100573, 3.7940263805531306e-07, -0.006311179324703744, -6.0115965421902e-05, -1.9874828960405304, -0.5000010338540976, 19339000000, 
-0.04799169948433545, 0.02117264854656793, -0.049835396599308565, 5.713113839273267e-07, -0.006063262429370267, -9.422507941597762e-05, -1.9875072682973642, -0.5000010291634018, 19439000000, 
-0.07512812152350845, -0.007896485427013955, -0.06132541651328719, 1.810557338306998e-07, -0.006373474899689863, -2.8407695437776038e-05, -1.9874767391580719, -0.5000010283691062, 19539000000, 
-0.06828652614538626, -0.05082269748611573, -0.06431098769569332, -9.184354180928719e-07, -0.006812297827040902, 0.0001348202091880381, -1.987432570549389, -0.5000010374136798, 19639000000, 
-0.04689911427716586, 0.004642792697709083, -0.05601306353646229, -3.891898624750893e-07, -0.006747594039353872, 5.76783161828089e-05, -1.98743812506746, -0.5000010348661793, 19739000000, 
-0.042881153060574384, 0.00013846113785880715, -0.049710523904279595, -1.937518428867967e-07, -0.006356834659082162, 3.0479295636544333e-05, -1.9874775724992917, -0.5000010376466049, 19834000000, 
-0.050831714664424904, 0.0430617316512347, -0.05001906974191475, 6.70060736745796e-07, -0.006063041543814089, -0.00011051561034237605, -1.9875053749967293, -0.5000010293549534, 19934000000, 
-0.05826686693573245, -0.012839174399083102, -0.05362467897015265, 1.4183252554163235e-07, -0.006092276778422558, -2.328070944576427e-05, -1.9875060445005839, -0.5000010338686209, 20039000000, 
-0.06106148522973504, 0.011799376009739088, -0.05685240058351569, 2.8551980995621764e-07, -0.006229738713877292, -4.583174721601038e-05, -1.9874876371310708, -0.5000010293979055, 20134000000, 
-0.07340273367507097, 0.01027994365349813, -0.064284634218775, 3.6163314202541253e-07, -0.006663032294601695, -5.4274559395187557e-05, -1.9874435810980158, -0.500001024386704, 20239000000, 
-0.06798525817407011, 0.005489898949960808, -0.06575238299022966, 3.2566489174928897e-07, -0.007063136441198013, -4.610768805905317e-05, -1.9874042344170735, -0.5000010204213874, 20339000000, 
-0.0635731943850103, -0.0032406590501576236, -0.06449106633760693, 1.0273859688186541e-07, -0.00724531322558032, -1.418000763847397e-05, -1.9873863186623526, -0.5000010192582931, 20439000000, 
-0.06405392527298967, 0.001294848526248567, -0.06403391609075444, 8.778309023062773e-08, -0.007311496640971748, -1.2006172544580525e-05, -1.9873803066176832, -0.5000010170022565, 20534000000, 
-0.06813699870548781, 0.008283060425117386, -0.06567532393752458, 2.5598936875397e-07, -0.007410868778815053, -3.454242362052738e-05, -1.9873710663577169, -0.5000010129084351, 20634000000, 
-0.04202424100422224, 0.026374014347249848, -0.0544762557169597, 7.694777894758332e-07, -0.007051586719314162, -0.00010912122620122477, -1.987409343122129, -0.5000010041172066, 20734000000, 
-0.04563601566863952, 0.0004431389835370356, -0.05015776746385338, 3.893066912584668e-07, -0.006485020569969867, -6.003168179006652e-05, -1.9874603408783962, -0.5000010037365277, 20834000000, 
-0.06029900781990698, 0.021660241993642623, -0.05463357830202906, 6.161567083792343e-07, -0.006330995624739519, -9.732382470325674e-05, -1.9874760189621772, -0.5000009954836484, 20934000000, 
-0.06534079837482293, 0.018525392023185774, -0.059366608453865745, 6.918821164862948e-07, -0.006489239373433086, -0.0001066199097723004, -1.9874594634746712, -0.5000009885553907, 21039000000, 
-0.05910361107913481, -0.005680199670596288, -0.05901061691306329, 2.679832322730853e-07, -0.006670260788810207, -4.017582531745152e-05, -1.9874459711480241, -0.5000009876598887, 21134000000, 
-0.05654344663922638, -0.004948728193353827, -0.05763792574020285, 4.182757873618335e-08, -0.006639554680939091, -6.299756647273715e-06, -1.9874438281495628, -0.5000009859608503, 21234000000, 
-0.05395036823134701, 0.002392293772617142, -0.05570258388015663, 7.058285300978447e-08, -0.006553342721457457, -1.0770511479382374e-05, -1.9874525152104208, -0.5000009828552834, 21334000000, 
-0.05516183158736825, 0.0005140245556889475, -0.05522556204486169, 4.770680757425629e-08, -0.006480567557146117, -7.361516897027025e-06, -1.9874617240847885, -0.5000009811623204, 21434000000, 
-0.09586345324070648, 0.02801928489463704, -0.07379498209521469, 6.301214607613537e-07, -0.007151312215631787, -8.81127046004221e-05, -1.9873920903965763, -0.5000009743691392, 21529000000, 
-0.023097423596864904, 0.03417521994097675, -0.05008036637124655, 1.0972963559194548e-06, -0.006834229272049839, -0.00016055890316807222, -1.9874258178307638, -0.5000009630301523, 21634000000, 
-0.0732530191315602, 0.026576940568863113, -0.060577002377763936, 1.1482813611198826e-06, -0.0067406826679314415, -0.00017035090030017143, -1.9874325580169727, -0.5000009525063301, 21734000000, 
-0.043255870173108946, 0.022182946927670324, -0.052328699710593216, 1.049149863791539e-06, -0.006527230666325378, -0.00016073430179267386, -1.98745617097316, -0.500000942163447, 21834000000, 
-0.056627781954908946, -0.0020768040418592338, -0.0540988519911361, 5.078439686262795e-07, -0.0063475617378829985, -8.000614875400214e-05, -1.9874718275810663, -0.5000009369741142, 21934000000, 
-0.07090395833486494, 0.013995488242137952, -0.061650922332765416, 5.550761246199252e-07, -0.006597411900738413, -8.413543567861793e-05, -1.9874478648481886, -0.5000009297741135, 22034000000, 
-0.0450006581395658, -0.023860224414931287, -0.05371265965898302, -1.8095259053207173e-07, -0.006522732853908142, 2.7741836832034702e-05, -1.9874568030003907, -0.5000009322352431, 22129000000, 
-0.034863541684030074, 0.020265557045363616, -0.044775947594104026, 2.779474740119941e-07, -0.00599168245756348, -4.638888592320721e-05, -1.9875074396844963, -0.5000009191411794, 22234000000, 
-0.05534007690670303, -0.004695347865495166, -0.049467199599301986, 6.871473003005931e-08, -0.005778424381426956, -1.189160322854143e-05, -1.9875273243589073, -0.5000009167720634, 22334000000, 
-0.04723630654298058, -0.01636617558375208, -0.04823600417777971, -2.1282753609659012e-07, -0.005690471113360846, 3.740068824826916e-05, -1.9875369517437955, -0.5000009180955738, 22434000000, 
-0.04676937880185541, -0.021955470411647887, -0.047362189889812424, -4.3561869375757304e-07, -0.005590603220211686, 7.791980160256812e-05, -1.9875472385755715, -0.5000009207159947, 22529000000, 
-0.07479918195785984, -0.0013739913553248468, -0.059857612040651105, -2.7313303351561156e-07, -0.006023795134155865, 4.5342351031645206e-05, -1.987503563005737, -0.500000925442147, 22629000000, 
-0.030981115743907217, 0.001704908616460943, -0.046280563563857305, -1.150277823936032e-07, -0.005884987936693349, 1.9545967405709736e-05, -1.9875180580752698, -0.5000009245798274, 22729000000, 
-0.05995888483293147, -0.007103348263258608, -0.052408876551884254, -1.7539731039126843e-07, -0.00588089895644952, 2.9824914811520784e-05, -1.9875192691834676, -0.5000009274356346, 22829000000, 
-0.06614394030187765, 0.006735358353959628, -0.058554407163135126, 1.4757477004792449e-08, -0.006181369490393484, -2.387412211440711e-06, -1.987486646877754, -0.5000009300268364, 22924000000, 
-0.043873998860343655, -0.019157069139255908, -0.0515417015747461, -3.2998987217614375e-07, -0.006162830881767568, 5.354517729058614e-05, -1.9874893838319487, -0.5000009350525317, 23029000000, 
-0.05093048145767421, -0.0037329662712497235, -0.05104923954100265, -2.3713904673629781e-07, -0.006023711372169179, 3.9367597828795444e-05, -1.987501666586738, -0.500000935364178, 23124000000, 
-0.028528827275769192, 0.016441141362384545, -0.04042679659649559, 1.3740502821704028e-07, -0.005542801730360888, -2.478981477262654e-05, -1.987552149632671, -0.5000009282264548, 23229000000, 
-0.05939680603448605, 0.01791282043452469, -0.049021172757611746, 3.240931896408736e-07, -0.005462214078536101, -5.933366671116122e-05, -1.9875577232348358, -0.5000009254252986, 23329000000, 
-0.059683789304141255, 0.02341491262623479, -0.053760177850419824, 5.212421396556246e-07, -0.00572015430673821, -9.112378997217145e-05, -1.9875303365497061, -0.5000009235054939, 23429000000, 
-0.07424839751097558, 0.014845307394902498, -0.063027369325216, 5.577449984999942e-07, -0.00631755850897647, -8.828489640539259e-05, -1.9874722961077353, -0.5000009247152905, 23529000000, 
-0.029247108485018422, 0.02125022840465744, -0.04717205479746498, 6.69885602279063e-07, -0.00611194154241222, -0.00010960275022765958, -1.9874924993142613, -0.5000009165636625, 23629000000, 
-0.0877115178914876, 0.022376551408674835, -0.06571676646160782, 7.990641704463386e-07, -0.006537943972610187, -0.00012221948884755016, -1.9874497626160874, -0.5000009123934748, 23724000000, 
-0.06750952788675281, -0.001974632153842989, -0.06630106305386518, 4.201547328866723e-07, -0.007044574375159946, -5.964231627224927e-05, -1.9873996651310828, -0.5000009154718109, 23824000000, 
-0.05666961464965645, 0.003777221646520664, -0.061593785955288555, 3.156980265750768e-07, -0.007114563583291, -4.4373491483934934e-05, -1.9873908964340001, -0.5000009118806104, 23924000000, 
-0.05182562443050342, -0.015625503274842495, -0.05682998921280042, -1.9108152474210927e-07, -0.006906581808892964, 2.7666583851373677e-05, -1.9874113788754548, -0.5000009111218408, 24024000000, 
-0.040509264511926796, 0.0259650707170475, -0.049048186355752074, 4.387294623468787e-07, -0.00642659815048168, -6.826776034129278e-05, -1.98745995045595, -0.5000008950291571, 24124000000, 
-0.05278917886209168, -0.007996858951648055, -0.05056705291260384, 7.879904477408879e-08, -0.006123934154688256, -1.2867389293165924e-05, -1.9874899886939768, -0.5000008923676716, 24224000000, 
-0.046738916284153637, 0.003106370526821528, -0.04858964154617458, 9.275873140382218e-08, -0.005890215646326787, -1.5747934706205146e-05, -1.987511480039554, -0.500000887321291, 24324000000, 
-0.06282108460777006, -0.005923271902944057, -0.05497023819476136, -4.616616346504664e-08, -0.006010073298807972, 7.681464296650619e-06, -1.9875001025495975, -0.5000008892208755, 24424000000, 
-0.05214930170287297, 0.008930916185973421, -0.05345187181488256, 1.2663664969702224e-07, -0.006092565042654911, -2.0785440747931473e-05, -1.987491507962355, -0.5000008877221203, 24524000000, 
-0.07502079330593171, 0.018113968743337854, -0.06321272964551909, 4.0593746277859004e-07, -0.006513190890842949, -6.232543611600686e-05, -1.987449641346858, -0.5000008891432896, 24624000000, 
-0.046390553178892215, 0.014643482918601309, -0.05519506352801659, 5.081547114327168e-07, -0.006542733366545455, -7.766703653721123e-05, -1.987446367983952, -0.5000008855645672, 24724000000, 
-0.033497213432416864, 0.03617912937389407, -0.044937231006932574, 9.146201334908287e-07, -0.006041576028045228, -0.00015138767256178302, -1.987496614269152, -0.5000008675193169, 24819000000, 
-0.05911098826006303, -0.03726285013578912, -0.05129544123020319, -1.3551182231966448e-07, -0.005886282978508639, 2.302162889797018e-05, -1.9875110109393277, -0.5000008718648709, 24919000000, 
-0.05068754089862809, 0.01247937369296606, -0.05080917464031037, 1.275941074663334e-07, -0.005875980207114091, -2.171452301896019e-05, -1.9875123015842802, -0.5000008657711921, 25019000000, 
-0.05638796228791928, 0.0019411800546738373, -0.05318545636746982, 1.0096637268303446e-07, -0.005950166055404295, -1.6968664696564358e-05, -1.987503762347724, -0.5000008654192099, 25124000000, 
-0.034553962220402766, 0.010305134303505895, -0.044360031287231594, 2.1313272182661977e-07, -0.005676112919964165, -3.75490630351951e-05, -1.9875315458346046, -0.5000008576080728, 25224000000, 
-0.04546747718677559, 0.02084438221729485, -0.0446833501681177, 4.071955587481923e-07, -0.0054288762227501465, -7.500549690961939e-05, -1.9875569270902682, -0.500000848101109, 25319000000, 
-0.07080444454386708, 0.009140957271576364, -0.056577793374463003, 3.6529861092302415e-07, -0.005773258666526464, -6.327424978219615e-05, -1.987521893261992, -0.5000008514680033, 25419000000, 
-0.07925961817866493, 0.011766980639572948, -0.06685463689663389, 4.2655912306035673e-07, -0.006515327252001002, -6.547009943811355e-05, -1.9874461103025485, -0.500000861243553, 25519000000, 
-0.08884661154450209, -0.006043048316982358, -0.07677777160034517, 1.2651019321682323e-07, -0.0074713622732388045, -1.693268089408032e-05, -1.987351775335836, -0.5000008784192923, 25619000000, 
-0.026470872262768584, 0.0009272007510220719, -0.05323467452857798, 8.804132967511861e-08, -0.0071390885074931725, -1.2332292782574501e-05, -1.9873826972491415, -0.5000008706569439, 25719000000, 
-0.06800800522638825, 0.00775491950562405, -0.059831882705510826, 2.2470707334653148e-07, -0.006958388869226393, -3.2292974360818315e-05, -1.9874048204785042, -0.5000008620666423, 25819000000, 
-0.06788512598718542, 0.009806501082507921, -0.06331591740909048, 3.4517262647826673e-07, -0.007047553313482952, -4.897765382177434e-05, -1.9873926689639132, -0.5000008604987799, 25919000000, 
-0.08770300603653682, 0.0030573799083468906, -0.0743448388100847, 2.7566885173439625e-07, -0.007592442119470571, -3.630832443588242e-05, -1.9873373637867386, -0.5000008695553841, 26019000000, 
-0.03801043144421455, -0.006458483367799219, -0.05726397099252989, -2.350691452723724e-08, -0.007350213987550964, 3.198126553465087e-06, -1.9873617650379514, -0.5000008656446768, 26119000000, 
-0.07147905515153076, -0.012954224844181184, -0.06359326794854143, -3.323632456464625e-07, -0.007256839538550772, 4.5799999280793956e-05, -1.9873721238013577, -0.5000008661535811, 26219000000, 
-0.036383773944163963, 0.028873662620824907, -0.05075800356720549, 4.904348718171822e-07, -0.006762139542434525, -7.252658256156223e-05, -1.9874203405319297, -0.5000008458533479, 26319000000, 
-0.08317110981000769, 0.04046600466275041, -0.06552635335648833, 1.1475878805625166e-06, -0.0069242969154725865, -0.00016573348811749984, -1.987403775404897, -0.5000008377091147, 26419000000, 
-0.07009318285496452, -0.0010734618817690262, -0.06738693773796194, 6.234472676585738e-07, -0.007289321374758758, -8.552884906644783e-05, -1.987367734623115, -0.5000008451317322, 26519000000, 
-0.05553066057479138, -0.005833981831275974, -0.06164375337524501, 1.907110632382297e-07, -0.007268812104037414, -2.6236895452600914e-05, -1.9873689487272999, -0.5000008435588544, 26619000000, 
-0.08139623565604878, 0.010396155912342893, -0.07052626398231344, 3.714394867899897e-07, -0.007560147271792876, -4.913125015114996e-05, -1.9873416733852862, -0.5000008427299584, 26719000000, 
-0.06846034904611728, 0.019749240728843757, -0.06930132331545104, 7.39470307025209e-07, -0.007737788959523827, -9.55660991651955e-05, -1.987319629998747, -0.5000008389823748, 26819000000, 
-0.04343089550900795, -0.025170110639343775, -0.057064183696109105, -2.868171966917497e-07, -0.007370933581159212, 3.891192255820632e-05, -1.9873589508327005, -0.5000008367046751, 26919000000, 
-0.05609707836378047, 0.009044028087299745, -0.05637369029016031, 6.99611325330097e-08, -0.006966018533203754, -1.0043202182069669e-05, -1.9873986334989902, -0.5000008207043206, 27019000000, 
-0.05002503930246227, 0.020398999663220053, -0.05320462025734378, 4.703003716146232e-07, -0.006600332231976481, -7.125404526398983e-05, -1.9874329624688838, -0.500000804919991, 27119000000, 
-0.029637382218310148, 0.012211807526133362, -0.04208497386291184, 4.4847246465702343e-07, -0.005931151194213995, -7.561305553878326e-05, -1.9875004842144552, -0.500000783941356, 27219000000, 
-0.03129270752123717, -0.004160224664071257, -0.036905662827697666, 1.5220086264137428e-07, -0.0052165033298881966, -2.9176797754413845e-05, -1.987572099680602, -0.5000007651203803, 27320000000, 
-0.07690378168251094, 0.01922852684499145, -0.05523532197642639, 3.423303363877376e-07, -0.005506340219007054, -6.217021156921344e-05, -1.9875435898385208, -0.5000007668782671, 27420000000, 
-0.06848877708809825, -0.010123740181144238, -0.06115948578857504, 4.642458927159877e-08, -0.006127888118039337, -7.575952494128215e-06, -1.987480041914907, -0.5000007848879006, 27520000000, 
-0.08593504878291905, -0.007624106550478923, -0.07238803962426922, -1.229473090481047e-07, -0.00700536948794101, 1.7550438882595027e-05, -1.9873928578560145, -0.5000008087276545, 27620000000, 
-0.061950373282097085, 0.01648744643111403, -0.06729679034374644, 3.270906595223444e-07, -0.007411542813862258, -4.413260069287691e-05, -1.987351759883448, -0.5000008146109185, 27720000000, 
-0.019293867877446552, 0.02521490375113003, -0.04483574687638909, 7.357323054169814e-07, -0.006669877178815249, -0.00011030672465061303, -1.9874270646096257, -0.5000007855203612, 27820000000, 
-0.08223039385966976, 0.018081625540906084, -0.0619209174585105, 7.645573324326244e-07, -0.006642666065303961, -0.00011509796291372643, -1.9874277063796137, -0.500000778686175, 27920000000, 
-0.0649585524096259, 0.008919456343662337, -0.06308608388723612, 6.178504744035684e-07, -0.006922286418295172, -8.925526004971826e-05, -1.98740099497117, -0.5000007819106279, 28020000000, 
-0.0711359839752605, -0.01708939837630338, -0.06656250203530166, -4.9543626129208884e-08, -0.007213729004511578, 6.867963309714509e-06, -1.987370948732284, -0.5000007926286488, 28120000000, 
-0.04921578509232167, -0.0002358627428851425, -0.05828389256615259, -3.1453749287980867e-08, -0.007075779184192133, 4.445270050011044e-06, -1.9873832482466225, -0.500000786034975, 28215000000, 
-0.039023255263033844, -0.04408755537685036, -0.04913751423200732, -9.599335028474398e-07, -0.006535355979042039, 0.00014688312402963367, -1.987437633228219, -0.5000007814145236, 28320000000, 
-0.05969553984628875, 0.0032436787298510987, -0.053806024576599054, -4.3586989469674673e-07, -0.006319062257534227, 6.897699008694818e-05, -1.9874602137980169, -0.5000007726769496, 28420000000, 
-0.05358211426661302, 0.012257795184891954, -0.05348504268040065, -6.860603155845125e-09, -0.006241102930698882, 1.09926133762336e-06, -1.9874669632060864, -0.500000769260564, 28516000000, 
-0.07029536824190837, 0.010144707570041763, -0.061043115031639006, 1.870342055087908e-07, -0.006499191382254453, -2.877807322607447e-05, -1.987440488903537, -0.5000007768679172, 28616000000, 
-0.05736424300744724, 0.008689410695796733, -0.05910724407825399, 2.775130552264516e-07, -0.006665803244518439, -4.163235022795818e-05, -1.9874239273633743, -0.5000007806216247, 28716000000, 
-0.049479328069006095, 0.008171289752250897, -0.054420737105030766, 3.115384312186209e-07, -0.00654310098709405, -4.761326958472984e-05, -1.9874364320441837, -0.5000007748094896, 28817000000, 
-0.054496729948206354, -0.002057407889915688, -0.05423241820033368, 1.2404138222023095e-07, -0.006408594641952565, -1.9355473259023e-05, -1.987450100074001, -0.5000007706626827, 28917000000, 
-0.07579805632384545, -0.012232540191351365, -0.06398539644430158, -1.7379164320902102e-07, -0.006708897212061677, 2.590465134814817e-05, -1.9874179315819105, -0.5000007823601993, 29017000000, 
-0.07922247366618397, -0.00856561950724861, -0.07078763411727541, -2.9496886490609656e-07, -0.00728293039665451, 4.050139831647898e-05, -1.9873604271704908, -0.5000008012122047, 29122000000, 
-0.0353315996914359, -0.019446254936903922, -0.0541235749217424, -6.139179307523662e-07, -0.007031075270198414, 8.731494219020666e-05, -1.9873878746043727, -0.5000007989760183, 29217000000, 
-0.04188555616859027, 0.01404112241904991, -0.048234446233765986, -6.929869893690266e-09, -0.006401138794034339, 1.0825995368431455e-06, -1.9874473212014547, -0.5000007776255576, 29312000000, 
-0.037677755456128434, -0.006009295603668387, -0.04314233418311225, -1.0691543943483022e-07, -0.005817601967068531, 1.837792273174449e-05, -1.98750865543227, -0.5000007627858042, 29417000000, 
-0.048605430896917726, -0.007077972301985502, -0.04547999751087504, -1.5932006327430483e-07, -0.005511003343822749, 2.890944776015891e-05, -1.9875379286524808, -0.5000007566976703, 29517000000, 
-0.07691804931827963, 0.009368180870522809, -0.05983084996542599, 5.019761101997507e-08, -0.005949403204628511, -8.437419568558133e-06, -1.987492523707128, -0.50000076884412, 29617000000, 
-0.0705562682191225, 0.02224117490175551, -0.06456940374230201, 4.323617613825094e-07, -0.006563784235180421, -6.587080651815865e-05, -1.9874302799646442, -0.5000007827685243, 29717000000, 
-0.03460665976684579, 0.004313834438659668, -0.05047175433120227, 3.103863211297766e-07, -0.0064003870163542925, -4.849493012479969e-05, -1.9874471409242274, -0.5000007770508647, 29817000000, 
-0.053654825982451984, 0.006933304861198251, -0.05173008846075423, 2.8818497281434056e-07, -0.006181375031557616, -4.662149947917367e-05, -1.9874700126740446, -0.5000007676578616, 29912000000, 
-0.03364938596419901, 0.0062656194628289506, -0.04315847393774649, 2.4602823909085556e-07, -0.0057221782386141454, -4.2995556732332955e-05, -1.9875145394815537, -0.5000007519484192, 30017000000, 
-0.0228928850002571, -0.027268039822546008, -0.033600282493272404, -2.452795240506723e-07, -0.004986482248744884, 4.918888944453981e-05, -1.9875882192793903, -0.5000007346195088, 30117000000, 
-0.07802565961511881, 0.023933744292132863, -0.05398769447428793, 1.5288028360367974e-07, -0.005285302675828538, -2.8925549392441152e-05, -1.9875580169690084, -0.5000007380574975, 30212000000, 
-0.05480120079383448, -0.004617115954298626, -0.054165631745791254, 2.4286800038831144e-08, -0.005714468651546717, -4.250053945480568e-06, -1.9875139559874175, -0.5000007523242176, 30312000000, 
-0.049976912670535244, -0.009867044312606512, -0.0520217621258825, -1.3967095472570085e-07, -0.005866113852117687, 2.380979269184814e-05, -1.9874985869320048, -0.5000007585869911, 30413000000, 
-0.08249534950483375, -0.005989211044363113, -0.0659079245165316, -1.878264430317847e-07, -0.006470821734997751, 2.902667554816359e-05, -1.987437205019274, -0.5000007782040884, 30513000000, 
-0.04380022148819585, -0.021748060777762885, -0.05544164796082466, -5.305793107277819e-07, -0.006570970127027323, 8.074596299645841e-05, -1.987427925872824, -0.500000786509615, 30614000000, 
-0.04779809315712985, 0.011220588388390493, -0.05174209571009966, -5.12478676172967e-08, -0.005610638789166453, 9.134052207433293e-06, -1.9874254837970093, -0.5000007851170816, 30714000000, 
-0.04936989405737943, 0.008582950410758806, -0.015618490315325397, 2.397057429277154e-07, -0.013744477820292977, -1.7440149132024708e-05, -1.962272916187452, -0.5000080580907147, 40788000000, 
0.03005362775860938, 0.01973926385759476, 0.004193572971197906, -1.7625849377562354e-06, 0.014135354432936963, -0.00012469336698407892, -1.9672783999066559, -0.5000060088965668, 40874000000, 
-0.03739903137945061, -0.03788445525859496, -0.012973670674119097, -0.016402062407220967, 0.05252567208945733, -0.3122675399428749, -1.9557520691344106, -0.49975565043411796, 40974000000, 
-0.04274388425862506, -0.06509542194971371, -0.025547184267877054, -0.04103731609805252, 0.07875478123580053, -0.5210771391159383, -1.9465488771386543, -0.5039343043632626, 41074000000, 
-0.029285060261929514, -0.0795617515057209, -0.02660716741355289, -0.06069971564805141, 0.09240930492569037, -0.6568571822595379, -1.939562247377218, -0.5109429071547229, 41174000000, 
-0.06281981942984638, -0.07432472803800792, -0.04305953080085599, -0.06832028637466621, 0.09577501659021939, -0.7133414204142579, -1.9329829702293642, -0.5185763571573845, 41274000000, 
-0.1623827834619492, 0.06039975969121048, -0.09910081858085176, -0.02641383114697706, 0.07145733853776026, -0.36964476549905617, -1.925602625900109, -0.5246645595406547, 41374000000, 
-0.24415738038013463, 0.05152920685368728, -0.1658761300897058, -0.007960644646055939, 0.06834478353597806, -0.11647772125674077, -1.9188890652777413, -0.5312556466295776, 41475000000, 
0.05039087988857872, -0.16861245756896814, -0.06462947031666065, -0.01868048601100249, 0.0847314285278031, -0.22046702546591462, -1.9144147909850506, -0.5387738142568015, 41570000000, 
-0.24224980847922822, 0.07981204434415574, -0.1467750378618118, -0.023528502101007313, 0.07406586514272107, -0.3176699827331945, -1.9095506110420781, -0.5459159241837115, 41675000000, 
-0.02086587519498964, -0.05148571938723438, -0.08767652438236953, -0.034336164390882336, 0.08299963952580873, -0.41369052428481345, -1.9047892143725278, -0.5538977940369504, 41776000000, 
-0.06885477469171822, -0.054671326215326554, -0.07838459917328557, -0.042963840549093704, 0.08877119491044257, -0.48398402874308577, -1.9000670663456871, -0.5623393868223961, 41876000000, 
-0.11667704611355675, 0.018827554117348336, -0.09621701051519707, -0.03610943702254573, 0.07724238699773615, -0.46748214841682767, -1.8961373416387866, -0.5700718451584572, 41971000000, 
-0.10785030944173682, 0.048314987255968056, -0.10165549559661327, -0.0300001543309649, 0.06609712844921534, -0.4538798437214263, -1.8930115710362416, -0.5770200722813532, 42071000000, 
-0.10976989693464778, 0.06655538659108287, -0.105348874880463, -0.025545084334506234, 0.05725759744198977, -0.4461431403996142, -1.8905055864634923, -0.5833247620324142, 42176000000, 
-0.05434708658306812, -0.04484750443856017, -0.08065638429942373, -0.03238801484924724, 0.07439998425391525, -0.43532287236395273, -1.8876680252111666, -0.5912059897260985, 42271000000, 
-0.043816078461300395, -0.06806626126568634, -0.06273257169851798, -0.03743668540336881, 0.08846525465935084, -0.4231795358248225, -1.884852204244084, -0.6003620714734971, 42371000000, 
-0.026207658545991077, -0.05409749705203183, -0.045376368735363826, -0.03869517419397164, 0.09417862560904941, -0.4108700243152998, -1.8823717309576617, -0.6100227460968978, 42476000000, 
-0.046300996431115085, -0.05507825057680398, -0.04547196673249246, -0.0389101764300191, 0.09764397238996002, -0.3984903059312644, -1.8802198693054302, -0.6201292141019517, 42571000000, 
-0.08148334565935175, -0.042796309086919386, -0.06194612233059585, -0.037576091413221, 0.09682935486884575, -0.38806508071976087, -1.8784978171998779, -0.6302242182221668, 42671000000, 
-0.06548264932812684, 0.04586077558916364, -0.0639484556907045, -0.030875696187324844, 0.08175816664094444, -0.37764663098331164, -1.8774139925986706, -0.6389190642351958, 42771000000, 
-0.07181697610187625, -0.08038744882505602, -0.06679830147960072, -0.035409290844082945, 0.0943444292770475, -0.37531936029950064, -1.8764253405709226, -0.6490612015243347, 42871000000, 
-0.08113545718981967, 0.027330633690081898, -0.07359359013034886, -0.030708300544669213, 0.08341233760922034, -0.3681505808952984, -1.8759612002375532, -0.65813149624001, 42971000000, 
-0.06325302966118021, -0.026781006230569532, -0.06838751351225701, -0.03160834691664985, 0.08661837806227919, -0.36491501715632724, -1.8757792956558759, -0.6675242707048177, 43071000000, 
-0.09622154323523138, -0.011646371895244464, -0.08099674484051039, -0.0307206015145937, 0.08564366052552957, -0.3587025744355728, -1.875943018218697, -0.676928161594365, 43171000000, 
-0.09063210180289655, 0.008902329378478985, -0.08527271089942477, -0.02884907280570982, 0.08177161082098343, -0.3528005932140309, -1.876435908377926, -0.6859707767260849, 43271000000, 
-0.03096065075125544, -0.07314982126641562, -0.059382262294572885, -0.03267363214499359, 0.09319715655626253, -0.3505861482508721, -1.8773030304696503, -0.696017739353636, 43371000000, 
-0.1120035836543245, 0.05359089390339955, -0.08399549666943973, -0.027153610411574262, 0.07946844186343684, -0.34169048461069107, -1.8784215033299254, -0.7047046119086876, 43471000000, 
-0.05744925846848246, -0.06549110281237328, -0.0709491752768026, -0.03074269734593045, 0.09043894878148956, -0.3399276280865248, -1.879944140537048, -0.7144638428213634, 43571000000, 
-0.044218933310640404, -0.06253286099532628, -0.05807397474133162, -0.03244581165504678, 0.09635045104326993, -0.33674789587103976, -1.881919340933223, -0.7246701905621509, 43671000000, 
-0.03718365025834521, -0.12494365606053387, -0.04767676106898102, -0.036889613745199105, 0.10905134179702797, -0.3382774859740834, -1.8844616809500632, -0.7358308594728561, 43771000000, 
-0.06722255301551787, 0.01796574594725753, -0.05709505176626583, -0.03126513606799198, 0.09466875963420678, -0.3302582202280689, -1.887069101052075, -0.7454373135573054, 43871000000, 
-0.039485331202514067, -0.12317839748693357, -0.048195551368258975, -0.035659381162448926, 0.10780533275619303, -0.33077566991137947, -1.8903307630076194, -0.756360824435097, 43971000000, 
-0.06469816872744184, -0.07052587102648113, -0.055652875109663706, -0.03516322887436766, 0.10688614549481601, -0.32897836021295274, -1.8939710485572259, -0.7670932552417697, 44071000000, 
-0.07045613305140626, -0.09485754526416204, -0.06215284805490031, -0.036032526716934216, 0.10954071114106248, -0.32894187322312396, -1.8980333544070702, -0.7779190651566822, 44171000000, 
-0.09073387018569888, -0.011158052590288597, -0.07554751344228701, -0.0317628416149747, 0.09847243390405239, -0.3225556671618694, -1.9020870815717557, -0.787648272400433, 44271000000, 
-0.05843863724445119, -0.014226029027826746, -0.0675483967962324, -0.029765118135841876, 0.09340227428546692, -0.31867658859001924, -1.9062491983301983, -0.7968252185316383, 44366000000, 
-0.021241939107576442, -0.12097684718721273, -0.045359808818697445, -0.034268999767273475, 0.10652848560560378, -0.32168860349846934, -1.9111894671543521, -0.8069574550670467, 44468000000, 
-0.047571295833163205, -0.04946659182850525, -0.046312178929261545, -0.0331834776051273, 0.10367490457591898, -0.32007242004093406, -1.916300737349864, -0.8165409460866109, 44568000000, 
-0.047137978035765096, -0.13973067574426054, -0.04604142592930313, -0.036901143739645995, 0.11475025125303494, -0.3215778905640525, -1.9223638231100353, -0.8271738035241251, 44668000000, 
-0.07974874519762687, 0.012630090771235966, -0.0620687973701647, -0.03093023932406516, 0.09878715649521995, -0.31309980387543385, -1.92782132685179, -0.8359279479686559, 44768000000, 
-0.042635693320234286, -0.14914442031106162, -0.05227806192838399, -0.03574815801663616, 0.11282034252960121, -0.3168591515954381, -1.934336736424791, -0.8458478176948309, 44868000000, 
-0.04905749550041026, 0.009655502436483564, -0.05115760383154447, -0.030789673202919497, 0.09862824977216478, -0.312179048842952, -1.9403377224983018, -0.8542458804603813, 44968000000, 
-0.06348911276654004, -0.009661992978821008, -0.05682539745132658, -0.025443974697551126, 0.09443980408379694, -0.2694200283915726, -1.9463863480259043, -0.862336947355726, 45068000000, 
-0.03809088335511197, -0.11203274252410025, -0.04751773695631184, -0.027291757835195322, 0.10494928150027433, -0.2600471146162538, -1.953314247869503, -0.8710875326967485, 45168000000, 
-0.04963369194341735, 0.024001216733928694, -0.048727843891687515, -0.02461457624026438, 0.09445294716994104, -0.260601463244736, -1.9597576883897758, -0.8786891990646933, 45268000000, 
-0.058166695132218824, -0.11661814794616565, -0.052459130970627516, -0.026838370943476117, 0.10518697154809327, -0.25514919336949593, -1.9670826681685363, -0.8870044116606137, 45368000000, 
-0.05486441953189524, 0.006058180859755003, -0.05370421083950564, -0.023734368957487054, 0.09666639875232046, -0.24552863522204313, -1.974049648552029, -0.894449691147652, 45463000000, 
-0.017706572594795304, -0.13238416439983836, -0.03640344135053285, -0.026643491562407452, 0.10813163059273902, -0.24639868479146515, -1.9819960875486915, -0.9025888669638852, 45568000000, 
-0.08417962339466975, 0.013233633559949205, -0.05873907713454711, -0.023050882588114267, 0.09764118593837813, -0.23607745406392136, -1.9893878733978887, -0.9097500629282109, 45668000000, 
-0.05296337725441625, -0.06447825818779676, -0.055725428369486456, -0.02322253670585053, 0.10037486386277128, -0.2313580891885393, -1.9972238583063429, -0.9170270536032376, 45768000000, 
-0.05245497181897332, -0.10876201298904482, -0.05374635662940381, -0.024387739218686293, 0.10644159309619805, -0.22911851006068218, -2.0056704761318227, -0.924520816464261, 45868000000, 
-0.010753286847757636, -0.1753194078200667, -0.0332463637268093, -0.026844387212406187, 0.11723882894774407, -0.2289718129509066, -2.0150072190154256, -0.9324289721692295, 45968000000, 
-0.05888937239982901, -0.07999426925494277, -0.04512242219745334, -0.025135484427757173, 0.11300068539935444, -0.22243656610511822, -2.024180082824568, -0.9398157895690371, 46068000000, 
-0.034305004240385344, -0.08480985549846552, -0.040020894881320684, -0.02413517212515225, 0.11119024994638388, -0.21706194685946179, -2.0333316377405946, -0.9468575620359109, 46163000000, 
-0.055963467280773935, 0.02398103152866831, -0.04770105697038805, -0.020563677880027713, 0.09931753965264856, -0.2070498116641508, -2.041685030187568, -0.952984075739507, 46263000000, 
-0.08152874945870246, 0.025992738233756744, -0.063407455245136, -0.018492820051195725, 0.09238084686159398, -0.20018023951330383, -2.049698703583444, -0.9586272727065017, 46368000000, 
-0.05064906178476858, -0.09362229835569814, -0.05696781848773523, -0.01990378514002415, 0.09970494926163444, -0.19962685190075058, -2.058545956250871, -0.9646243645061913, 46463000000, 
-0.08584586518617893, -0.04778558933347148, -0.07009757921142136, -0.019372381761582437, 0.09904567471603026, -0.19559038612361607, -2.0674818681765545, -0.9704138943357954, 46563000000, 
-0.0013307625883576882, -0.0778383006907508, -0.03793309756615934, -0.019745635015060218, 0.10240656941884915, -0.1928160969273305, -2.0766643966687575, -0.9761046760361172, 46668000000, 
-0.042285138364071786, -0.07626694710902984, -0.03970981427907684, -0.019926551586978623, 0.10436621085545111, -0.19092914673866257, -2.0860710174894965, -0.981686720423778, 46768000000, 
-0.0564939145307597, -0.026795136345463457, -0.04744280999729252, -0.01875222000706378, 0.10078449127883932, -0.186062555549169, -2.0952833507301123, -0.9869109193852763, 46868000000, 
-0.03754602046361849, -0.048151167299560794, -0.04268451420865957, -0.01842104032446281, 0.10080727552827502, -0.18273522647971938, -2.104512155487907, -0.9919240558568813, 46963000000, 
-0.07431224776724898, -0.001357288817279278, -0.057293093936628514, -0.01707186386306029, 0.09638179370885931, -0.1771274761147246, -2.1135642643070627, -0.9966299241127974, 47063000000, 
-0.08155880847592725, 0.023561202861895725, -0.06846397180628631, -0.015631619937109285, 0.091474334412193, -0.17088530938822202, -2.1223576754466085, -1.0010083209157186, 47163000000, 
-0.06122057521006746, 0.03468065499227578, -0.06497964176929653, -0.014532949316378505, 0.0881378922491707, -0.16488877763599172, -2.130953887745413, -1.0051086321790261, 47263000000, 
-0.06415514169059004, -0.026918200811243836, -0.06421367712996824, -0.014829621663380057, 0.09121305799197976, -0.16258222221520086, -2.139957511739617, -1.0092324956310412, 47353000000, 
-0.09431974738897995, 0.007779118626108012, -0.07791310139370031, -0.014224849796009981, 0.08975191194499772, -0.15849077181472562, -2.1489475076509748, -1.0131715440459197, 47456000000, 
-0.04838108147804587, -0.004162388064525744, -0.06394600043089944, -0.014033089437756597, 0.09030450425105872, -0.15539744727176302, -2.1579566432597175, -1.0169467403221277, 47561000000, 
-0.032228678105186336, -0.09055621968498634, -0.04875358661840303, -0.0152109432997841, 0.09750229158671413, -0.1560060081896247, -2.1677056293855954, -1.0208607639111928, 47661000000, 
-0.03458115897849072, -0.015036117411686612, -0.04205747320386553, -0.014663707661597905, 0.09647976888421358, -0.1519873837923055, -2.177132146806406, -1.0244634147521954, 47761000000, 
-0.08707575586879825, 0.035982387433467905, -0.06286590515819562, -0.013420273438951361, 0.09167610772840103, -0.1463879059821144, -2.1862936645979496, -1.027809464387781, 47861000000, 
-0.04306254659526076, -0.02222091652280688, -0.0534073881553955, -0.013494815337588121, 0.09325583079762914, -0.14470747000123452, -2.1957263059403265, -1.0311018443372348, 47961000000, 
-0.02859052908037909, -0.04579815590102762, -0.04161635566861863, -0.013820508846242169, 0.09625054865399603, -0.14358888379872506, -2.205364818699012, -1.0343095440364478, 48061000000, 
-0.0357954082556559, -0.03090334710952507, -0.03872684306464055, -0.01371817297622084, 0.09714405573303272, -0.1412147441519279, -2.2150545965560267, -1.0373787281916083, 48161000000, 
-0.033262284663663835, -0.08027268938573286, -0.03589524065682676, -0.014328004304365514, 0.10091869976263765, -0.14197571250982427, -2.2252171886740015, -1.0404412306394382, 48261000000, 
-0.06911080004827713, 0.003514929163006162, -0.051244783592831716, -0.013336983728612408, 0.09698379007160932, -0.13751765855680484, -2.2349761571241635, -1.0432284585876046, 48361000000, 
-0.03957531857264812, -0.06562156992174516, -0.04555895348756888, -0.013616875713718661, 0.09928091181243298, -0.1371550227041067, -2.2451258251901067, -1.0459806677934191, 48461000000, 
-0.04124115479859447, -0.03451935093920806, -0.04340576655905347, -0.013284185523132272, 0.0987253858498466, -0.13455693699021298, -2.2551548328844433, -1.048550674460998, 48561000000, 
-0.04627024587737351, -0.026228112716486895, -0.04458796421345031, -0.01289259723573212, 0.09789655417256751, -0.13169612908954534, -2.265142362117369, -1.050968338096453, 48661000000, 
-0.0672327004572143, -0.025548399190124946, -0.054900776879709706, -0.012493571061144201, 0.09697971316920337, -0.1288266447988591, -2.2751633577385095, -1.0532578437528701, 48761000000, 
-0.0878647268901869, -0.004616767056482677, -0.06999840497896548, -0.011811995268832426, 0.09450463758221339, -0.12498852512456539, -2.2851190826634307, -1.0554000209982646, 48861000000, 
-0.05523570893657274, -0.08726067604724955, -0.06276077263029635, -0.01230009307457962, 0.09803068005259291, -0.1254718733765867, -2.295496612558358, -1.0574984431157042, 48961000000, 
-0.08451660321325483, -0.020583131337689003, -0.07264308818623227, -0.011690806023466569, 0.09580611965328295, -0.12202567086293599, -2.3056584583012416, -1.059419856213223, 49061000000, 
-0.08556228781642514, -0.025374200168986328, -0.07836847032286015, -0.011308433552961392, 0.09452687503506094, -0.11963194116770479, -2.3158020843397247, -1.0612111862674267, 49161000000, 
-0.0613284124292308, -0.033982925710644846, -0.07018587166302963, -0.011160723885461675, 0.09455922830103881, -0.11802892309918592, -2.325959971168576, -1.0628789341617801, 49261000000, 
-0.08508146978264748, -0.006841764955253651, -0.07684655586742312, -0.010711961393562184, 0.09293818538983237, -0.11525899014092537, -2.335977654027124, -1.064403841010116, 49361000000, 
-0.04032356494658749, -0.03247153803619142, -0.059632948529838456, -0.01073578895733403, 0.0940442884892353, -0.11415673540411646, -2.3460289726649983, -1.0658131888856786, 49456000000, 
-0.07683154474184976, -0.05531767840644796, -0.0672643838066595, -0.01090273694214396, 0.09573320884700359, -0.11388667603911838, -2.35633159013101, -1.0671408950440346, 49556000000, 
-0.04675644715121364, -0.044017416245175155, -0.05750496818660558, -0.010851237685348214, 0.09637174507360383, -0.11259770876889892, -2.3665079027571547, -1.0683311594583516, 49661000000, 
-0.013477574976292366, -0.03967778109512092, -0.0369070207874811, -0.010819431875911499, 0.09740263943164165, -0.11107945266210888, -2.3767034659501225, -1.069405584881114, 49761000000, 
-0.04712577180344005, -0.03339142546227608, -0.04146429551679731, -0.010736451411132032, 0.09770177376556062, -0.10989003574177254, -2.3869211943581417, -1.0703688621689869, 49861000000, 
-0.04044762819876358, -0.014299920940404798, -0.04086300798190298, -0.010438794099635378, 0.09687376652143306, -0.1077566659630791, -2.3969985991491525, -1.0712063727915226, 49961000000, 
-0.03276699489121959, -0.04566625387839343, -0.036909015728220376, -0.010542159792719143, 0.09811763849554322, -0.10744408400328548, -2.4073375938637533, -1.071953831800096, 50061000000, 
-0.04253556664242812, -0.005816611944820615, -0.03941325725277382, -0.010156196496826928, 0.09680423247014111, -0.10491479801732395, -2.417342692823283, -1.072568416101584, 50156000000, 
-0.03645948761087677, -0.015390583741594074, -0.037901208205376735, -0.009989770346693173, 0.09660100766480753, -0.10341269297475994, -2.4273848610856983, -1.0730804445480353, 50256000000, 
-0.0699746801850658, -0.03992068794394298, -0.052536795605151385, -0.010006180675884744, 0.09706792442762972, -0.10308431683161191, -2.4376995956916203, -1.0735024823175054, 50356000000, 
-0.039237536282360805, -0.022522331622657345, -0.046207411334201504, -0.009795289990174323, 0.09656943615661175, -0.10143261035809285, -2.4478659841182213, -1.0738111920074158, 50456000000, 
-0.07936509973719336, 0.0007911698700107106, -0.06140614921614829, -0.009380592286123979, 0.09468210084153059, -0.09907461075271529, -2.4579656956051448, -1.0740184935507027, 50556000000, 
-0.056233637837221094, -0.03744942432084569, -0.058745363165001487, -0.009454887722790722, 0.09532867206239681, -0.09918199339441214, -2.468213459265955, -1.0741259796870815, 50656000000, 
-0.03001777013041249, -0.06305698843314826, -0.04516411360157929, -0.009745318242625004, 0.0974439530045132, -0.10000947151819305, -2.4785068540137924, -1.074129962778729, 50756000000, 
-0.034630979741614235, -0.024033481195628953, -0.040130615565625846, -0.00957029283383671, 0.09715562712080142, -0.09850477133905167, -2.4887532354834074, -1.0740315889460539, 50856000000, 
-0.06570018280662067, -0.02516336428095711, -0.05179496615216548, -0.00942898363291145, 0.09666353542414471, -0.09754436966885727, -2.4989460503283536, -1.0738346073412541, 50956000000, 
-0.07065333818310512, 0.001616293769735067, -0.0603734030490123, -0.009054443267717848, 0.09469738173496077, -0.09561450487680265, -2.509034837471395, -1.0735418493751159, 51056000000, 
-0.040752640031227, -0.04207751857825955, -0.05102880016694449, -0.00922229645103901, 0.09584791079196525, -0.09621802264480966, -2.5192028079234277, -1.0731480664963242, 51156000000, 
-0.05201165560159371, 0.027411869466883353, -0.05137212361853005, -0.008722015964886014, 0.09349570705171688, -0.09328787641620226, -2.5291202542910924, -1.0726696146498627, 51256000000, 
-0.0292533572747753, 0.00013001629492281896, -0.04094001438482609, -0.008733406113736495, 0.09388541084713456, -0.09302197258268742, -2.538975175213623, -1.072100153299979, 51351000000, 
-0.1035564586536307, 0.1097968224016698, -0.06988784872262487, 0.004400277068889424, 0.0890913149833762, 0.04939064003837505, -2.5486150443869744, -1.0716332377845543, 51451000000, 
-0.0093573821592716, 0.050138348856947304, -0.041551124521971516, 0.01771117789526548, 0.09215605728186374, 0.19218680158044293, -2.558535675487519, -1.0712082905792715, 51556000000, 
-0.014664998601565364, 0.12040344846331318, -0.028564604499956594, 0.023598566667479837, 0.10233994517101626, 0.23058998739978998, -2.5693136497536058, -1.0708185440852718, 51656000000, 
-0.08843684937247658, 0.08655375847628949, -0.05601809090533125, 0.030969808911673214, 0.10404322130191399, 0.2976629185846199, -2.5802647181078586, -1.0707211209054923, 51751000000, 
-0.041588083099312737, 0.04160441339888113, -0.049267538411212876, 0.030993938987727898, 0.10056791723587373, 0.3081891306850293, -2.590904020658408, -1.0708955281536967, 51851000000, 
-0.041496366684031144, 0.11698732466699678, -0.04511572672463897, 0.03167391833499692, 0.10972695417897589, 0.28866123708613584, -2.602458706528988, -1.0713611710413047, 51951000000, 
-0.07116543495528081, -0.08723031567574657, -0.057855389592065314, 0.02285959895362248, 0.08780996941307176, 0.2603303372773924, -2.6116212526067852, -1.0720609960883427, 52051000000, 
-0.07950380126154363, -0.03628798121065385, -0.06781528270608184, 0.020344246275342027, 0.08297628502964273, 0.24518145477438738, -2.620560341869984, -1.0729338774420203, 52151000000, 
-0.028919062273159418, 0.10988958851644891, -0.04899637667003971, 0.023217958462076305, 0.0974562013342616, 0.23823992874955022, -2.630988086667113, -1.0741757180809641, 52251000000, 
-0.039042248473445326, 0.017885576750760246, -0.044281381010581065, 0.022055753511142997, 0.09551442139058382, 0.230915428162949, -2.6409738396752713, -1.0756530148273595, 52351000000, 
-0.03921346447927616, 0.08522571689004307, -0.0415122738648649, 0.02329028518260151, 0.10166301752008838, 0.22909299517889486, -2.6515544607689834, -1.0774541812660623, 52451000000, 
-0.0806900736772773, -0.018610400232145656, -0.05975866882867459, 0.02070693662062203, 0.09361722075849936, 0.22118726077159348, -2.6612135841512634, -1.079349354386001, 52551000000, 
-0.03574988175801421, 0.05891250677152278, -0.048281037941514136, 0.02133372324870791, 0.0974316275133366, 0.21896096568629847, -2.6713088738481012, -1.0815430066902656, 52651000000, 
-0.05518132832560268, 0.049327015746976094, -0.05122550884438372, 0.021253868490800163, 0.09854718968006411, 0.21567198983351402, -2.6815040188684574, -1.083995916514807, 52751000000, 
-0.05669177775606647, -0.013653079740217459, -0.05377228178083998, 0.019550386334448885, 0.0928784175340714, 0.21049439529131778, -2.690989793617459, -1.086510742333428, 52851000000, 
-0.08244503614789966, 0.07470715493640123, -0.06659419886924359, 0.02051213637815865, 0.09782057117270636, 0.20969143946157917, -2.701111415289847, -1.0893946849596416, 52951000000, 
-0.03802968236881681, 0.06599046740421567, -0.053050553725850574, 0.020706231803238644, 0.09996910544435818, 0.2071263087851029, -2.711332736765518, -1.092553057978345, 53051000000, 
-0.05810690676599503, 0.0636132846706432, -0.05513183228196878, 0.020590177090949995, 0.10099085133165545, 0.20388160728867954, -2.721469339101999, -1.0959165620471476, 53151000000, 
-0.08420910134018329, -0.02083649858669496, -0.0686491304023979, 0.01829652024381035, 0.09318510299943386, 0.19634597864769768, -2.7308771896590094, -1.0992622209313778, 53251000000, 
-0.06132346677020164, 0.018248147332504416, -0.06501164101331476, 0.017780527429549508, 0.09268426594668265, 0.1918397610202566, -2.74023684632534, -1.102786906043167, 53351000000, 
-0.06788588664458109, 0.08738478181204283, -0.06584501473476213, 0.018701437046406255, 0.09844488963198555, 0.18996859173002725, -2.750133168549195, -1.1067192840627618, 53451000000, 
-0.04301040853169157, 0.10798363867449817, -0.05482868093702263, 0.01951778346288523, 0.10368846926862822, 0.18823485003255316, -2.7603191920384553, -1.1109999236288604, 53546000000, 
-0.07585989238581996, -0.0011084004162317234, -0.06459204544598536, 0.017517665026234534, 0.09687845276339355, 0.18082106522714567, -2.7697718589871627, -1.1151981703326246, 53646000000, 
-0.07365300966121187, 0.0055318982806600095, -0.06864709771826477, 0.016454482417607018, 0.09366146555783574, 0.1756803859474782, -2.7788802550650473, -1.119435508316395, 53751000000, 
-0.05836738923628901, 0.10075010952998051, -0.06338161474748641, 0.017533332414914535, 0.0997070440150146, 0.1758484828040258, -2.788580003168151, -1.1241436995240455, 53851000000, 
-0.04743532067081299, 0.013154611899627206, -0.05590172680446091, 0.016478529820662745, 0.09633040374157677, 0.17106260516533592, -2.797701525299948, -1.1287884475061487, 53951000000, 
-0.06209071045317884, 0.016074397428848544, -0.058596380622781385, 0.015847745794938323, 0.09478790853124243, 0.16719163910779666, -2.806651087132148, -1.1335338211827768, 54051000000, 
-0.04457016813177627, 0.04998225788434309, -0.05180418006436614, 0.01598953527768451, 0.09680538469965805, 0.1651719615318154, -2.8156889346655407, -1.1385183672292927, 54146000000, 
-0.05933053559390562, -0.016698762216843792, -0.055226463039477314, 0.014847109969505149, 0.0927459696088166, 0.16008361368291474, -2.824503686327467, -1.1435787548878835, 54246000000, 
-0.07227793605713884, 0.06534342369727147, -0.06273982483810525, 0.015401657846969907, 0.0965034742705102, 0.15959692605260314, -2.833145033301834, -1.148716385437128, 54346000000, 
-0.030289337947105432, 0.09459854412190165, -0.0473264414590568, 0.01620563492835995, 0.10101332474129542, 0.16043066565588351, -2.8422870143698997, -1.1543533966468347, 54446000000, 
-0.05144227323545912, 0.013203981415087336, -0.04917216616835781, 0.015250595662884631, 0.09764747919205492, 0.1561801266051064, -2.850950036813121, -1.159896599519192, 54551000000, 
-0.07230214982318722, 0.06256124214812717, -0.05959994872940158, 0.01531503567538898, 0.09896522340406272, 0.15475169103453232, -2.85976777815609, -1.1657241184713178, 54646000000, 
-0.048524548746875604, 0.013602243074010832, -0.054355711827778874, 0.014531579098232482, 0.09625289331452898, 0.15097290686885773, -2.8682391756091667, -1.171521604128275, 54751000000, 
-0.05033881205097708, 0.018032587754096295, -0.052321694486885124, 0.014116631350139767, 0.09531730354321313, 0.14810145509141306, -2.8764837424121823, -1.17734584092115, 54846000000, 
-0.0590633115936203, 0.027542922888570204, -0.05522168352426999, 0.01386021496291833, 0.09536928621086624, 0.14533206143823604, -2.8847103258816613, -1.183337662675284, 54946000000, 
-0.061497248911115555, 0.026599540659641388, -0.05790495996195363, 0.01356694886275741, 0.09520543844131739, 0.14250182641740355, -2.8928254946384535, -1.1894305888650705, 55046000000, 
-0.0802548971283333, 0.056193822273047464, -0.06793539179806789, 0.013647747200458032, 0.09661792572369082, 0.14125481475857837, -2.9010562429412072, -1.1957910187068237, 55146000000, 
-0.0439817433320082, -0.008486238997623729, -0.05672979253527202, 0.012792588102915115, 0.09347665127571603, 0.13685329896106854, -2.9088914947434077, -1.202033907714055, 55246000000, 
-0.06533871502843534, 0.026236803535699314, -0.060454742371623134, 0.01271665793448283, 0.09405199094487944, 0.13520881170857527, -2.9166791862930825, -1.2084082916241636, 55347000000, 
-0.06910571407493571, 0.05709052699405708, -0.0641253224200816, 0.01296483957691751, 0.09605976051659552, 0.1349663949524179, -2.924607993032961, -1.215077323047192, 55442000000, 
-0.07803147747734547, 0.034091361788503555, -0.07031370796519065, 0.012706975108994191, 0.0954166870449081, 0.13317350981818957, -2.9324195335499605, -1.2218316733837535, 55547000000, 
-0.0507711508177146, 0.03831158072796656, -0.06100189429259608, 0.01258792877823681, 0.09562293740097542, 0.13164131034222343, -2.940101391184765, -1.2286571401668929, 55647000000, 
-0.053139965655908276, 0.026136654526122814, -0.05714297994284796, 0.01234385362216328, 0.09528630966937068, 0.12954488073884501, -2.947596629982708, -1.2354953793646042, 55747000000, 
-0.05840465966687216, 0.0627159680862256, -0.05741568129724121, 0.012590031801378333, 0.09728717511669831, 0.12941101215320813, -2.955207699867666, -1.2426189328536303, 55847000000, 
-0.073024405529324, -0.002277177559588544, -0.06451410824108303, 0.01186318186034086, 0.09422233291251082, 0.12590626334158267, -2.9625039811503497, -1.2496301265481353, 55942000000, 
-0.0600079913814897, 0.04758238629258128, -0.0621234639275722, 0.01199147355023178, 0.09549969993720239, 0.12556556259461543, -2.9698354488070757, -1.2568522476983297, 56042000000, 
-0.0457250637451744, 0.05423554810685963, -0.054247361887573925, 0.012173295045624385, 0.09692149484153634, 0.12559953873521398, -2.9771070332771585, -1.2642006614419794, 56142000000, 
-0.06417286605229464, 0.014719430888958817, -0.05867696027978979, 0.011761012184476734, 0.09533978933968904, 0.1233589067684329, -2.984146470855481, -1.2714952476452686, 56247000000, 
-0.06471747802903313, 0.0593076268059919, -0.061168519173726094, 0.011970347815560198, 0.09684643208433538, 0.12360133004317839, -2.991301949335034, -1.279091937374352, 56347000000, 
-0.011071227660286245, 0.03745631597345904, -0.03777561513728403, 0.011903968573810576, 0.09732972098518297, 0.12230558613871688, -2.9982283643142225, -1.286638660241245, 56447000000, 
-0.06403266776906551, -0.013325187027403953, -0.04985781350922089, 0.011232350476776272, 0.09457375927734017, 0.11876815051664692, -3.004850026594117, -1.2940284585795205, 56547000000, 
-0.01571131739992296, 0.050519419019872946, -0.033791887446063956, 0.011562100549826744, 0.0971078600570098, 0.11906451798071649, -3.011555910767968, -1.3016948409910927, 56642000000, 
-0.0465033315146572, 0.045097854929695404, -0.0394834304789625, 0.011647225203915316, 0.09815505436158362, 0.11866149206142014, -3.0182132269215804, -1.309489490136262, 56742000000, 
-0.06575767798468131, 0.02303669568125904, -0.05150284682111218, 0.01135835029176136, 0.0969450323939444, 0.11716278814169388, -3.0247911994766015, -1.317378062458991, 56843000000, 
-0.041629490300205005, 0.04752343540197127, -0.046709837574469906, 0.011443537939445074, 0.0976602141559887, 0.11717707193603706, -3.031301508830315, -1.3253763650214316, 56943000000, 
-0.013275181109459168, 0.008526405899998247, -0.03116455879422873, 0.025260541592992836, 0.09534220106745529, 0.2649460712063992, -3.0372263699819984, -1.3331561319270753, 57043000000, 
-0.058793959904517176, 0.07607555974382643, -0.043587616675835446, 0.03226952323400907, 0.10028086174754275, 0.3217914432690821, -3.0435416689418813, -1.3416863464337037, 57143000000, 
-0.04691846898830454, 0.13622007580226497, -0.04441234198943219, 0.02691863565822194, 0.1140017962657509, 0.23612466241734997, -3.0506179215166798, -1.3515292583483034, 57243000000, 
-0.06250456584694851, -0.019311244656518248, -0.05312527539175278, 0.018813970067274078, 0.10095114154253623, 0.18636708589715872, -3.0564791253144854, -1.3602579926676863, 57343000000, 
-0.09411693816298469, 0.006933639555145921, -0.07203354556336299, 0.015415081706510281, 0.09617798936398197, 0.16027660599321208, -3.0621045402659215, -1.3689709545248345, 57443000000, 
-0.04777755537410114, 0.0007930725309046559, -0.06065616860983689, 0.013593267190781567, 0.0935211222223654, 0.14534970141248757, -3.06739167708274, -1.3774829132528401, 57543000000, 
-0.055229790944103706, 0.05587805596997206, -0.05780223797929058, 0.013526901527123485, 0.09609352009898037, 0.14076809251227562, -3.0727206356611574, -1.3863507724445097, 57643000000, 
-0.0770071988143624, 0.06063736198743484, -0.06638441741577389, 0.013607270269374548, 0.0974003543670371, 0.13970452528435168, -3.077978816891673, -1.3953972604297906, 57743000000, 
-0.06302182355103049, -0.010782819564253893, -0.06472315312226416, 0.012538731035968163, 0.09349262187301291, 0.13411465829890826, -3.082898945496034, -1.4041503091904715, 57843000000, 
-0.0575421165105202, 0.020897659953530618, -0.06114474339249697, 0.01241703302418758, 0.09360495900751878, 0.13265358113334771, -3.087705334981885, -1.4129728796849959, 57943000000, 
-0.07486809832630689, 0.0546901487710713, -0.06715500558430672, 0.012725373664518277, 0.09547705576599248, 0.13328200751924388, -3.092572600710269, -1.422191422830149, 58043000000, 
-0.08452700138435405, -0.04673535604934455, -0.07512933385228744, 0.011564694833306313, 0.08998155765068382, 0.12852294553736732, -3.096969272964086, -1.4308051025468795, 58143000000, 
-0.08128784664958821, -0.006965040136408041, -0.07770037919074953, 0.011322123663312316, 0.08929732532399226, 0.12679129662879507, -3.1013059415110376, -1.4395648195215076, 58238000000, 
-0.06897892206274193, 0.02727868693304789, -0.07329026643865841, 0.011517541427567501, 0.09108057421521067, 0.1264544226560667, -3.10562817592082, -1.4485785618988853, 58343000000, 
-0.024011801225761423, 0.006042985493602507, -0.050217361016865414, 0.01143580955581804, 0.09179335602570354, 0.12458210540440247, -3.109764816750833, -1.457505202707948, 58443000000, 
-0.025522144847417945, 0.05616076179335753, -0.038454292567983, 0.011976086123546706, 0.09582149438617603, 0.12498329524356147, -3.113894318519826, -1.466711832046409, 58538000000, 
-0.05076346844777237, 0.05214110166455117, -0.04390882867801512, 0.012162817871319858, 0.09768728433979097, 0.12450768750017933, -3.1179770029207794, -1.4761276783353872, 58639000000, 
-0.06829184018300387, 0.029220599150379167, -0.05502336694903208, 0.01187505358435244, 0.09685326301965753, 0.12260870944474277, -3.1219459805805885, -1.4856027168737154, 58744000000, 
-0.0828875309259283, -0.0032992164067624646, -0.06778412138513788, 0.011226614812523482, 0.09392553451832086, 0.11952675989651833, -3.125735565188111, -1.4949680474378764, 58844000000, 
-0.038896074105314475, 0.024793363167883067, -0.054160462015771085, 0.011178645221918589, 0.09430224497073998, 0.118540605532637, -3.1294103619137577, -1.5043758170508428, 58939000000, 
-0.09678377312392783, 0.013962472982040201, -0.0736599702149239, 0.010926049206156734, 0.09332134233154295, 0.11707985475969403, -3.132984757683723, -1.5138446362404474, 59039000000, 
-0.026110676995602936, 0.025258336202136435, -0.05138429355150928, 0.010980766194584426, 0.0940376200295807, 0.11676992879158671, -3.1364217849669176, -1.523299064055527, 59139000000, 
-0.07731147865198545, 0.05893990869958447, -0.0630671191308428, 0.011299128590534975, 0.09605951938438427, 0.11762632858198327, -3.1398386743661244, -1.5330364022513256, 59244000000, 
-0.09470458090196018, -0.01280157491716715, -0.07756124796714751, 0.010601896485974758, 0.09255614143412236, 0.11454557549291043, -3.1430537778666645, -1.542557875976143, 59344000000, 
-0.06216585999833689, -0.002819053373814813, -0.07019151642136853, 0.01032324429549932, 0.09134775100830694, 0.11301038264817871, -3.1461253201673123, -1.5520127002855264, 59439000000, 
-0.05240024430478427, 0.023664035453482144, -0.06164862097773379, 0.01044838109716707, 0.09253611360821004, 0.11291138875147294, -3.1491102218379403, -1.5615653004053753, 59539000000, 
-0.04148122021575493, 0.05764939658384684, -0.0519749928309947, 0.01086465323801765, 0.0954294639536885, 0.1138500918677508, -3.1520428568856835, -1.5713389572781349, 59639000000, 
-0.07352773002453152, 0.03271696194702908, -0.06171704921158206, 0.010784158544249394, 0.09542922744039219, 0.11300687256412598, -3.1548698173334535, -1.581162606668679, 59739000000, 
-0.012604794053734054, 0.04534800727262764, -0.03873868159656106, 0.010934141499749793, 0.09687984348027644, 0.1128629145852806, -3.15757573141524, -1.5909987633110951, 59839000000, 
-0.04625478499717191, 0.0051489893796058134, -0.04210020636670135, 0.010608776297226273, 0.09574135695810744, 0.11080662144644812, -3.1601189204108424, -1.6006631030991545, 59939000000, 
-0.03450615462386043, -0.01190221064216859, -0.03848052105730347, 0.010273089843728345, 0.0943645551707244, 0.1088659807185258, -3.1625291621000673, -1.6102558906427182, 60039000000, 
-0.04580641288964689, -0.045220991997455266, -0.04180700748448948, 0.009781969088014484, 0.09190768901242813, 0.10643254327384652, -3.1647749812868033, -1.6196237204287878, 60139000000, 
-0.054845822740483365, 0.02028788905526721, -0.047592406411316394, 0.010101614591638898, 0.09360351778653488, 0.10791917686978258, -3.166976464157308, -1.6292490062852962, 60239000000, 
-0.05103053645698798, 0.021638674185781685, -0.048955333360323317, 0.010275450344792858, 0.09442432959582404, 0.10882206300829585, -3.169108045930463, -1.6390568838301978, 60339000000, 
-0.03697494706618009, 0.04275777141262481, -0.04315869634110951, 0.010606959794735017, 0.09614502380573091, 0.11032250422203098, -3.1711568953569578, -1.6490108900206761, 60439000000, 
-0.007474965018070538, 0.01309485002390825, -0.026504673609143464, 0.010593113038444532, 0.09632715247839449, 0.1099701669352314, -3.173057765585496, -1.6588078598291345, 60539000000, 
-0.08648194455866985, 0.016009465393635257, -0.0541144958465369, 0.010542347819113968, 0.09568041557869093, 0.11018292254848717, -3.1748746286275296, -1.6687257766131136, 60639000000, 
-0.07308892514671783, -0.004222818208903327, -0.06274113707681594, 0.01025834110828253, 0.09360532994898017, 0.10959142085043518, -3.176570016149643, -1.678598251017964, 60739000000, 
-0.05823379988954714, 0.045880038140633884, -0.06035311977032083, 0.010617990111337653, 0.09498924206975058, 0.11178097519233668, -3.1781895008970413, -1.6886887703335376, 60839000000, 
-0.04032964577004065, 0.03198448512964258, -0.0508486270724136, 0.01076327476240939, 0.09547144740075748, 0.11273815423818528, -3.1796823534140657, -1.698717021022281, 60939000000, 
-0.05555774527976036, 0.012364987634476809, -0.05284780302305008, 0.010704705240087826, 0.09475653715000348, 0.11297062516269288, -3.1810520269260656, -1.7086842579244583, 61039000000, 
-0.04671853464273248, 0.03363796714003403, -0.04977406677885983, 0.010982495703913636, 0.09555521464592265, 0.11493350461938667, -3.1823192469410855, -1.7187541497288963, 61139000000, 
-0.09941294401855899, -0.01658560415655689, -0.07261403855867728, 0.010625091176340197, 0.09245998364388663, 0.11491556409163088, -3.1834564123937477, -1.7286959523839285, 61239000000, 
-0.030724898334976016, 0.03514856720930303, -0.05292174276383015, 0.01110860126055576, 0.09402655501207384, 0.11814323367616007, -3.1844818037996627, -1.7387117138136172, 61334000000, 
-0.06649381862800677, 0.05520109206813479, -0.058896509259678806, 0.011691908866376501, 0.0959919161473952, 0.12180097382808383, -3.1854105514695483, -1.7489494267981203, 61434000000, 
-0.05894418019830463, 0.017311286840637638, -0.05872652468876175, 0.011716867967830766, 0.09490287951601294, 0.12346166973630955, -3.1862000605976744, -1.7590496124989794, 61539000000, 
-0.057976681127800404, 0.022989880371645444, -0.058155046297150105, 0.011933488672327205, 0.09466220114071551, 0.12606392550061302, -3.186863577761913, -1.7691387735066557, 61634000000, 
-0.039511552458599025, 0.02519417092003834, -0.049300302661362025, 0.012276975861732303, 0.09500462663673692, 0.12922503141531186, -3.187397795967221, -1.7792316087232398, 61734000000, 
-0.06717397615424844, 0.06615505219927739, -0.057257224060950504, 0.01313794945051763, 0.0973897362057731, 0.13490076020699637, -3.1878162685483904, -1.789643754080011, 61834000000, 
-0.09736564886811577, 0.05855247591226777, -0.07554104329325095, 0.01365053115621958, 0.09747200116278253, 0.14004566432798063, -3.1880973120582006, -1.8001799504158564, 61934000000, 
-0.09122666975628704, 0.0002512686521671441, -0.08264646502185714, 0.01333052325032282, 0.09331832992016521, 0.1428499980842694, -3.1882222513047282, -1.8103593049080007, 62034000000, 
-0.05546458504491542, -0.012901292442889246, -0.06987354745229567, 0.013319197589326707, 0.09060616785386388, 0.14700100340640013, -3.188199385529235, -1.8202287777600312, 62134000000, 
-0.08153753426272183, -0.00391855792304447, -0.07496676737651424, -0.000734956141745245, 0.09140762371712224, -0.008040424987085348, -3.1882369500123735, -1.830320616944715, 62234000000, 
-0.1141673175027495, -0.07424219332967791, -0.09276316906366666, -0.03700218132458459, 0.09258332954652289, -0.39966354100487483, -3.1885827295291636, -1.8409928138827192, 62334000000, 
-0.121177082399467, -0.05540086888103704, -0.10544589592583609, -0.03631144015708648, 0.09410184021552684, -0.3858738582999048, -3.1888765401303583, -1.851610778949372, 62434000000, 
-0.08328731368994595, -0.1450836210480731, -0.09416578818975736, -0.04484763432415013, 0.10937351833994101, -0.41004106848570376, -3.189673642724941, -1.8637029971806827, 62534000000, 
-0.07034490782043877, 0.03250416195654443, -0.08362116642639149, -0.031329613126992506, 0.0892718189443381, -0.3509462840286344, -3.190733589256784, -1.873452448592986, 62634000000, 
-0.08159077294644962, 0.1285958469807453, -0.08326690592466249, -0.01735652321746518, 0.06749422839084404, -0.25715566547345975, -3.1917781471546, -1.8810715959868207, 62734000000, 
-0.05815903326510745, -0.012474312886646865, -0.07090533522383792, -0.01541181110025051, 0.07825030575994715, -0.19695528280145239, -3.1931481222094735, -1.8898141724707154, 62834000000, 
-0.06932180848200253, 0.048381034611936866, -0.06986124006670266, -0.013578002160296351, 0.0790851687997316, -0.17168835024782084, -3.1947200773409956, -1.8982991360092225, 62934000000, 
-0.056985016929784194, 0.027165075216878574, -0.06350987553362063, -0.0131507069853613, 0.0821462887532941, -0.16008887540685093, -3.1965276558652485, -1.907134095759232, 63034000000, 
-0.065068422243068, -0.04797940861475977, -0.06367404098580401, -0.014278026481749343, 0.089591583220998, -0.15936794471562518, -3.198635743973325, -1.9166327682100186, 63134000000, 
-0.053045630845263, -0.06116014856058869, -0.058305514885700724, -0.01543442716124721, 0.09471604352595298, -0.16295472854097892, -3.201013190865937, -1.926531611852895, 63234000000, 
-0.06326315608569431, 0.01562348471690634, -0.06047805939275709, -0.014870375989213463, 0.09177596029847734, -0.16202909717154088, -3.203471916812885, -1.936041841780012, 63334000000, 
-0.05078760270992713, -0.04701488283874644, -0.055630377681484114, -0.015456088943389854, 0.09501800839142008, -0.16266483801385911, -3.206175381111205, -1.9458738170880263, 63434000000, 
-0.04361806019277638, 0.005940408504833036, -0.04993735315613244, -0.014877383035592438, 0.09315316474902977, -0.15970883088808202, -3.208946696135269, -1.9553222824702985, 63534000000, 
-0.04129652849061523, -0.062126339144969046, -0.04557668379477463, -0.015580150457452438, 0.09737120907483346, -0.1600077744282553, -3.2120118604094103, -1.9652136257929336, 63634000000, 
-0.06193731034055727, -0.0016771713997738996, -0.05304238181494264, -0.014927163401514907, 0.09499423577724211, -0.1571375702891967, -3.215148045310577, -1.9747680553475384, 63734000000, 
-0.058757058977980905, -0.07858303468628768, -0.055305109422391974, -0.01564962157633264, 0.0990874322821133, -0.1579375024248925, -3.2185830275718366, -1.9847278160842847, 63829000000, 
-0.053351374387220075, -0.05150147609572368, -0.05417001263700302, -0.01552625032285084, 0.099351855990348, -0.1562753928256681, -3.222193965851039, -1.994671537699825, 63934000000, 
-0.05498062591785234, -0.054004626404908294, -0.05431445010287881, -0.015405861624927174, 0.09965695179007832, -0.1545889308091496, -3.2259641475081766, -2.004569449164283, 64034000000, 
-0.05464083005903504, -0.061692623930216205, -0.054219842596982426, -0.015370430700528504, 0.10034738502912377, -0.15317220968007839, -3.229907778801439, -2.0144615174116183, 64134000000, 
-0.04199821129874373, 0.020902012012404665, -0.048568687323449045, -0.014071139693585222, 0.09515481344846573, -0.14787627849437085, -3.2337737700184803, -2.0237250166099274, 64234000000, 
-0.08682514046673216, -0.026594859694602496, -0.06603930177808376, -0.013907946033431373, 0.09508687146408197, -0.14626568125847897, -3.237823346778728, -2.0330662599590594, 64334000000, 
-0.042610116346418106, -0.05495928308760935, -0.054874655806683506, -0.01414274494112807, 0.09714449397189578, -0.14558462721746857, -3.2421060668487827, -2.042557237975371, 64434000000, 
-0.04895811792767327, -0.05117318443685931, -0.051877434358309056, -0.014190981114305345, 0.0982458813443017, -0.14444352190778556, -3.246554633935398, -2.0520421003434763, 64529000000, 
-0.024515513403141717, 0.017858119270740797, -0.03917535066951259, -0.013282021635415371, 0.09483881645932993, -0.14004836976335686, -3.2508847744254212, -2.0609215149449063, 64629000000, 
-0.047289204257934585, -0.01057470365050916, -0.04275991156954234, -0.01314561258777581, 0.0949274093122593, -0.13848068416714004, -3.2553892203918178, -2.0698528016915794, 64729000000, 
-0.07005107754572887, -0.027378782668200385, -0.05516614776211733, -0.0131838818063123, 0.09552740459653458, -0.13801151472705842, -3.2600514725082546, -2.078791713703349, 64834000000, 
-0.06429345266969144, -0.02819524319910571, -0.059155167069632475, -0.013121678551536621, 0.09552753461015037, -0.13736017165193715, -3.264947762627524, -2.087871266840247, 64929000000, 
-0.0663179502257114, -0.06772459860011543, -0.0621330376655984, -0.013529111436390124, 0.0978932955323188, -0.1382026354595814, -3.2700251961477833, -2.0969872553165354, 65029000000, 
-0.009281265647204433, -0.01890922817227922, -0.037518395543658, -0.013198858350083387, 0.09699083361456702, -0.13608356437613972, -3.275145542380481, -2.105873576797743, 65129000000, 
-0.07671146882303242, -0.03826150609292979, -0.055449526845928875, -0.01320172600411413, 0.09736148676369095, -0.1355949507648383, -3.280374428900039, -2.1146821071155664, 65229000000, 
-0.0502931755165525, 0.025404534152993284, -0.05300320600839748, -0.012362217003949015, 0.09344162227634245, -0.13229882682675642, -3.2855712024599657, -2.1231632083800624, 65329000000, 
-0.04669716598061009, -0.016538510821499555, -0.04985269651166342, -0.012466441299097245, 0.09413247064813662, -0.13243508019348924, -3.290887962781023, -2.1315929665756808, 65429000000, 
-0.05934210983530636, 0.01770313165476498, -0.05410734225691283, -0.012070978537076999, 0.09229799909268285, -0.13078266761726534, -3.296234791159114, -2.1398264694343947, 65529000000, 
-0.0628617721454836, -0.021667428936733134, -0.05788416588314081, -0.012291290318865774, 0.09349174751812085, -0.13146925418720448, -3.301794140362288, -2.1481518299238327, 65629000000, 
-0.07761666694132963, -0.024890009232228515, -0.06674422917315712, -0.01238240284202284, 0.09392189029025678, -0.13183724053845366, -3.3075362499994863, -2.1565123621903592, 65729000000, 
-0.03862156124822694, 0.01670747029268648, -0.053569522977625586, -0.011983242456312486, 0.09206620111413709, -0.1301589759466291, -3.313183795370489, -2.1644982190453783, 65829000000, 
-0.04959826409790359, -0.028669892678003045, -0.05143945205713503, -0.012334297372889632, 0.09403499474276286, -0.13116709802165333, -3.319116785873736, -2.172667761198039, 65929000000, 
-0.04279225040676101, 0.004770326001583225, -0.04727144746046362, -0.012166618515064412, 0.09331003185659567, -0.13038917973753117, -3.3249986312962094, -2.1805407135757697, 66029000000, 
-0.06703993562080596, -0.002398756171294286, -0.05621928562154696, -0.012150732514819131, 0.09303312502578756, -0.1306065179628343, -3.3310386511436683, -2.188413889442521, 66129000000, 
-0.021098715888917242, 0.09010349549055334, -0.039999091016869, -0.023752378800705635, 0.08718230992454651, -0.27244493546067494, -3.336758616383332, -2.1953607152412253, 66229000000, 
-0.03941121421656462, -0.0270580738095095, -0.039412913390455426, -0.029591758855595007, 0.0908735280416903, -0.32563673374735835, -3.342935671846947, -2.202656513409907, 66329000000, 
-0.06383281044790633, -0.10592027371271942, -0.04998002863272625, -0.026214596950013335, 0.10475690807121228, -0.25024217908563146, -3.350333617301202, -2.211143299770763, 66424000000, 
-0.08661190672742561, -0.008996538578256144, -0.06696550719696147, -0.021607208843954624, 0.09810162592495576, -0.22025332037293008, -3.357472328825482, -2.218792423484619, 66529000000, 
-0.07906426511585239, -0.03232379621295931, -0.0723388746701794, -0.018711399957263317, 0.09675631049731687, -0.19338686914671266, -3.364803741341851, -2.226332598216508, 66624000000, 
-0.07215465983914224, 0.05482042356967479, -0.07230365030641511, -0.014161995070757917, 0.08847253769411087, -0.1600722149479002, -3.3716298677220395, -2.233081186861508, 66724000000, 
-0.04345318154780538, 0.013658099957639214, -0.05870637565450024, -0.012999988232718165, 0.08818646010482688, -0.14741478700091978, -3.378524318043381, -2.2396687115183145, 66824000000, 
-0.04630795787969487, -0.05262030508177705, -0.0525843735896777, -0.013683124731858577, 0.09219948282433196, -0.1484078252144764, -3.3857717198154043, -2.246379187259584, 66929000000, 
-0.0930662226334748, -0.08103739648694878, -0.0709419402403696, -0.014039944404743683, 0.09518674653075612, -0.14749894198986188, -3.3934348977857307, -2.2532733537993725, 67029000000, 
-0.08389345805110476, -0.06343941400044385, -0.07665538231207525, -0.013885441029727622, 0.09473685231290353, -0.14656852841031504, -3.4011980134177944, -2.2600431854200997, 67124000000, 
-0.05284887580074433, -0.029594651525594574, -0.06545655346973284, -0.013315330526620608, 0.09225103802084403, -0.14433800217632264, -3.4088207498672585, -2.2664893585847503, 67219000000, 
-0.09798928592610665, -0.05171204264930451, -0.08025262553934884, -0.01300196980498398, 0.09129845725071319, -0.14241171424484736, -3.416515502057791, -2.2728185022104093, 67320000000, 
-0.0197413646317876, 0.026893126864996224, -0.05221777715160719, -0.011707975141760843, 0.08576492498140575, -0.13651239296599615, -3.4236806013744574, -2.2785286106416693, 67425000000, 
-0.06962035113774177, -0.05310244374779775, -0.05998456720020843, -0.011798860445524603, 0.08719280240806629, -0.1353192020403863, -3.4311177036775, -2.2843070738729288, 67525000000, 
0.012067002762223333, 0.011205408527768773, -0.026579156935803705, -0.011082926110584607, 0.08471754187017064, -0.13082209263778163, -3.4382074631812745, -2.2896482207662983, 67620000000, 
-0.030640925088337982, 0.012679140393554781, -0.028409759149844258, -0.010574135676378856, 0.08318997546666816, -0.1271082917991196, -3.445137037513648, -2.2947334379142794, 67725000000, 
-0.0686675189698542, -0.020382761025563877, -0.046878157351069163, -0.010430435154796166, 0.08328549279938063, -0.12523711878515453, -3.452299132195549, -2.2998575443520184, 67825000000, 
-0.00507882285523556, 0.01815323834863298, -0.027475648358161596, -0.009875335482779695, 0.08122390070688433, -0.1215816452649471, -3.4592559397189317, -2.304695099413747, 67925000000, 
-0.008242634313723143, -0.014066736997682357, -0.01845039519514263, -0.009825382072008013, 0.08213380148147514, -0.11962653493183409, -3.4662439091977753, -2.309432502304807, 68025000000, 
-0.027170881265042905, 0.0040113395321809435, -0.02243700420656014, -0.009496002760329877, 0.08127815963753628, -0.11683338799349963, -3.473221326673809, -2.3140423356767794, 68125000000, 
-0.057381216832362664, -0.009606592312888578, -0.038516276351603436, -0.009226800763071459, 0.08035964654346076, -0.11481883208733809, -3.480314540045756, -2.318613819769791, 68225000000, 
-0.056932655419689365, 0.0028931113642731094, -0.04695168133472259, -0.008773370254282797, 0.07817929811132505, -0.11222114378399473, -3.4873453019262715, -2.3230309508335423, 68320000000, 
-0.10820185921256545, -0.022297755033683614, -0.07510319949159211, -0.00854745912493103, 0.07664323882064532, -0.11152267644812276, -3.49450723979593, -2.327424709225465, 68425000000, 
-0.05548474200434818, -0.04402143411392146, -0.06575123315473269, -0.008480975798818088, 0.07648645691223323, -0.1108820586179047, -3.5017423404128607, -2.331750477610602, 68525000000, 
-0.05568710156910874, -0.019309799357989363, -0.06090273779399274, -0.008144118584718562, 0.07492117974994654, -0.10870248722590856, -3.5088430943472333, -2.3358891044175083, 68625000000, 
-0.03137986835560197, -0.004335687077209804, -0.04708835371436871, -0.00779117131518278, 0.07347931353656692, -0.10603217341307238, -3.5156853493975504, -2.3397758580932346, 68720000000, 
-0.06400395665329071, -0.00842493488449628, -0.05476027567877162, -0.007472874652158336, 0.07223445031495673, -0.1034530562574381, -3.5224953631555636, -2.3435533570947267, 68820000000, 
-0.04758239933544782, -0.0014570542371174604, -0.05128684511365831, -0.00710264833544989, 0.07075213015821806, -0.10038776669432753, -3.5292252631261016, -2.347195211786943, 68920000000, 
-0.025640801923228207, -0.005233412991020864, -0.03926421664903082, -0.006857747132724741, 0.07015475689598431, -0.09775170546015079, -3.535884081850419, -2.3507113914895843, 69020000000, 
-0.050463082659676535, -0.0005419553698500414, -0.044311041766156335, -0.006604092596108467, 0.06930131847799442, -0.09529533840262355, -3.542479996020368, -2.354113716516952, 69120000000, 
-0.036949709224194896, -0.031521963705232664, -0.04071133634975891, -0.0065841300785425055, 0.06994172231841807, -0.09413737409221158, -3.549119866361917, -2.3574585592656616, 69220000000, 
-0.1175939427753034, -0.05175926451058421, -0.07606686273566782, -0.006469023170713231, 0.06929768137854622, -0.09335122102246797, -3.5560544770444458, -2.360876310017948, 69320000000, 
-0.05627018342380532, -0.006557216214842898, -0.0667337805917871, -0.006032901059585998, 0.06656036747989624, -0.0906380371383641, -3.5627096933562004, -2.3640742230357206, 69415000000, 
-0.07889296777648154, -0.01090509631080553, -0.07215118535065065, -0.005732458962504109, 0.06476760274323591, -0.08850812319285332, -3.569299166935935, -2.3671703331931155, 69520000000, 
-0.07175376512707253, 0.005364079899113007, -0.07176616539384557, -0.005393207859111865, 0.06263501611619914, -0.0861053160600534, -3.5756840623449873, -2.3701011712916094, 69620000000, 
-0.050370429535842934, 0.023167864924184055, -0.0616812890074152, -0.0050678981187716994, 0.06067474305098061, -0.08352566263879371, -3.5818422061215274, -2.372863107509028, 69720000000, 
-0.06705649114666633, 0.00968689890843136, -0.06395220877788323, -0.004886508936082755, 0.05975039231629192, -0.0817820393582649, -3.5879844677895125, -2.37555850350711, 69820000000, 
-0.05281762951639637, 0.0022361676340840837, -0.0585688745012725, -0.004807571973676044, 0.05941206323876132, -0.08091912166651558, -3.594079186877135, -2.378172527467749, 69920000000, 
-0.08835506466342564, -0.016142470063861318, -0.07209792949993293, -0.0047410557490107684, 0.05911000306954979, -0.08020733383201427, -3.600252912594414, -2.380764001219281, 70020000000, 
-0.06543566683255747, 0.005699406421208068, -0.06878569202439361, -0.004537587397379708, 0.057803750557238354, -0.07849987853100474, -3.6063278068238938, -2.3832553404200154, 70120000000, 
-0.053129197203345746, -0.04078254633947358, -0.061242649215043105, -0.004589993566417133, 0.058783354845019925, -0.07808321894043775, -3.612476666221766, -2.3857211267292575, 70216000000, 
-0.08191819213784232, -0.033088407351368, -0.07056087812031236, -0.004490485633489941, 0.05837936731874985, -0.07691905273608061, -3.618609386723939, -2.3881260674755307, 70317000000, 
-0.05511323330422441, -0.024438534097205776, -0.06317711010750081, -0.004325253566604177, 0.05760709822107088, -0.07508195517860912, -3.6246886388445994, -2.3904550340617345, 70417000000, 
-0.04187765357403783, -0.0136716023010865, -0.05311968562268987, -0.004144728748004258, 0.05691870749634135, -0.07281839188408618, -3.6305909841449746, -2.392664951953832, 70517000000, 
-0.03934276519779543, 0.02745597247485594, -0.04661898839153658, -0.003842813537463347, 0.05510575091980212, -0.06973525400381471, -3.6362724087565734, -2.394744648173034, 70617000000, 
-0.022098031420053448, 0.006299751063787175, -0.035115093140792565, -0.0037417186676940244, 0.05502899995715287, -0.06799539643837671, -3.6418624543176406, -2.396746205990798, 70717000000, 
-0.0781406892761469, -0.00211338189636926, -0.05487038590277117, -0.003615812453407758, 0.05424167760036575, -0.06666114717261946, -3.6475008733201464, -2.3987245109469777, 70817000000, 
-0.09177535499324017, 0.0015337606474276969, -0.07176231935407824, -0.0034199323410705066, 0.05240911324714835, -0.06525453550307092, -3.6531660170374596, -2.400670445384637, 70917000000, 
-0.028407968993139025, 0.023355036330725484, -0.05151197746863066, -0.0032420041267467925, 0.0511126302229268, -0.06342863031322886, -3.658607128602005, -2.4024972130566633, 71012000000, 
-0.09226933360535414, -0.04753572800401365, -0.07009476842848132, -0.003292012079610864, 0.05179617748952439, -0.06355704685498582, -3.6642559476112724, -2.404357727738955, 71117000000, 
-0.06500224981914846, 0.009543478290130681, -0.0675351256600187, -0.0030845328102408302, 0.049975151781744234, -0.0617213295061487, -3.6697495615024334, -2.406126633924632, 71217000000, 
-0.08866482747449628, -0.020947742098809577, -0.07705334058218655, -0.0029949953718452224, 0.04915453207745896, -0.06093019799528623, -3.675236931288841, -2.407857663810891, 71317000000, 
-0.047190574700023025, -0.0049886452989661, -0.06298741878980402, -0.0028792867868878483, 0.04832727673282046, -0.05957891653622686, -3.6806284485023846, -2.409520750426181, 71417000000, 
-0.08862185004137665, 0.0013841858472484173, -0.07462240539205345, -0.002760214132851301, 0.047134820405731775, -0.058559979842750146, -3.685850401634482, -2.4110988609002466, 71512000000, 
-0.046563047791500146, -0.020580933450527673, -0.06137185398300498, -0.0027261722964337497, 0.04703025030367995, -0.05796635737276602, -3.691102599625046, -2.4126514314900143, 71617000000, 
-0.08592388656868358, -0.010128547287426555, -0.07249773753516878, -0.0026280505621497662, 0.046182873430919806, -0.05690530638118037, -3.6962647378201723, -2.4141463876501583, 71717000000, 
-0.02327459238563999, -0.008788832421746835, -0.049485773954337405, -0.0025706949847601507, 0.0461220413692547, -0.055736799769530485, -3.7013091510587253, -2.415573992049428, 71817000000, 
-0.07450601964135341, -0.00366205362554378, -0.06086238656991275, -0.00247333124975731, 0.04552625232712022, -0.05432758295116538, -3.706339567987829, -2.4169694941117386, 71917000000, 
-0.0403225623138983, 0.0066574242392754834, -0.05116332643300835, -0.002360140959653238, 0.04487295646377244, -0.05259606555138985, -3.711244441882371, -2.418300205356436, 72012000000, 
-0.06807573249898038, -0.035986906723576684, -0.058759632732563, -0.002342015855528345, 0.04506381954865911, -0.05197109075495649, -3.7162289075342403, -2.4196255981416783, 72117000000, 
-0.04324908108713495, -0.02433837466258694, -0.0513732843495173, -0.0022826271996866983, 0.04482292057425322, -0.05092544551855607, -3.721161168590212, -2.420908617567885, 72212000000, 
-0.06828627954591551, -0.0099239114802358, -0.059014780169795195, -0.002174888632325577, 0.043841557288738925, -0.04960792377884386, -3.7260411513494285, -2.4221523269809375, 72312000000, 
-0.043909184895142894, -0.010944572586786232, -0.05182952504234679, -0.002098896776455153, 0.043256685066290435, -0.04852190530177278, -3.730812511157508, -2.423342332656997, 72417000000, 
-0.10746272445724311, 0.007049857730167003, -0.07738652312815203, -0.0019443608803759841, 0.041251173463217244, -0.047134680474234934, -3.7355892453041903, -2.424511291938489, 72512000000, 
-0.045221368728570334, -0.03003103733548313, -0.06223841795534381, -0.0019105632139323054, 0.04095458931970348, -0.046650772127584804, -3.7403165347772784, -2.425642760057636, 72612000000, 
-0.0697504986911763, -0.01489167565259051, -0.06548489208361051, -0.0018382652594508522, 0.04023862670506386, -0.045684095357546445, -3.744965151230577, -2.426733342911662, 72717000000, 
-0.03456381100687398, 0.036238527564400456, -0.05099743934965542, -0.0017120160843276436, 0.03908105172937581, -0.043806806842938244, -3.749323270061683, -2.4277336794134716, 72812000000, 
-0.08912604797579556, -0.03227115783258795, -0.06839720755110243, -0.0017052144936425219, 0.0390297436611533, -0.04369012793029792, -3.753869722587873, -2.428758242680012, 72912000000, 
-0.026971097529610157, 0.036835323426960005, -0.04904461183910827, -0.001602230916204717, 0.03790066235996263, -0.042274483252759086, -3.7581476820541404, -2.4297005495706645, 73012000000, 
-0.016675209389829374, -0.008669544698261717, -0.033869009105535704, -0.0016251632578741808, 0.0387771460784973, -0.04191033694393942, -3.7623831286143288, -2.4306147117563843, 73112000000, 
-0.07651158859979279, 0.01007990435411078, -0.053443993202849836, -0.001564286449299785, 0.03812137522865501, -0.041034365626031896, -3.7666902122311385, -2.4315269705071385, 73212000000, 
-0.05184039048120639, 0.01237555477695803, -0.05252574654617823, -0.0014965379691698232, 0.03729072608253661, -0.040131639321194595, -3.7708873556451667, -2.432397118523756, 73307000000, 
-0.05937032717226567, -0.01424179004601564, -0.055489104220451585, -0.0014631926552310154, 0.03695697419392469, -0.039591787129357243, -3.7751245548199677, -2.4332583450867906, 73412000000, 
-0.0764621545335911, 0.021781615397341178, -0.06501066155889275, -0.00135375737231746, 0.03551062044249461, -0.03812260544728345, -3.7792593379556836, -2.434082322940385, 73512000000, 
-0.0414488633813927, -0.02120445327460567, -0.05387030966134622, -0.0013372454277099449, 0.0355211082658335, -0.03764650071451161, -3.783413475229459, -2.434892955618606, 73612000000, 
-0.07461468849499926, 0.007860516696483702, -0.06327030306608299, -0.0012648970944863325, 0.03453079973247672, -0.0366309817405323, -3.787493393468564, -2.4356738990163604, 73712000000, 
-0.0748838258157195, -0.029314889611184704, -0.06840044049467693, -0.0012394025969999674, 0.03409268011611097, -0.03635392092316821, -3.791556445658617, -2.4364361795681244, 73812000000, 
-0.04830900390038783, 0.008218254560951184, -0.058885933031178936, -0.001173207099130274, 0.033223113850010026, -0.035312978320661534, -3.795509608222576, -2.4371624924727593, 73912000000, 
-0.07186055506117331, -0.005475641950847438, -0.06466220981839116, -0.001129824809871512, 0.03261832040738613, -0.034637737190651705, -3.7994541150293233, -2.4378734600097656, 74012000000, 
-0.05311402624759376, 0.004596957820320602, -0.05909312734632736, -0.0010821099225796311, 0.032028306776644706, -0.033786048389192844, -3.803312718400783, -2.4385546689059656, 74112000000, 
-0.06807651957842285, -0.008422530294321112, -0.06302314937407201, -0.001052952091803369, 0.0316801454495473, -0.033236971512023636, -3.807080747435148, -2.439207082931704, 74212000000, 
-0.02118566707525934, -0.009556826412454499, -0.04344376829676458, -0.0010436535767620763, 0.03197148576306264, -0.03264326170189539, -3.8107955606215627, -2.439836640648233, 74312000000, 
-0.07484049473352868, -0.010774025077092096, -0.05778041233131358, -0.001012879584727902, 0.03162428510992002, -0.03202853696794487, -3.814510012941979, -2.440454783022052, 74412000000, 
-0.060139889515325465, 0.03867404070430777, -0.058693721457633796, -0.0009347916802053113, 0.030231398529755173, -0.03092121852335892, -3.818147155405843, -2.4410476916445276, 74507000000, 
-0.04236379376306553, -0.007313156312106413, -0.050918238122974725, -0.0009306400736501111, 0.030287150219882812, -0.03072722480965434, -3.821735455848024, -2.4416209549221617, 74612000000, 
-0.024449377760331216, 0.022384083613975564, -0.03849482725661829, -0.0009055971433888052, 0.030293786842674815, -0.029893824370385146, -3.825198812294397, -2.4421630434507353, 74707000000, 
-0.05578715945628909, -0.006569612386369773, -0.046323257064943384, -0.0008966917368444334, 0.03032980983379895, -0.029564700265452295, -3.8286988642475186, -2.442700718746863, 74807000000, 
-0.06384846215923201, 0.018600266998558983, -0.05426743636574066, -0.0008452721843593513, 0.029360531787394076, -0.028789403083028228, -3.832187651374862, -2.4432262178999196, 74912000000, 
-0.06261102605874803, 0.004728788744247913, -0.05793430068235706, -0.0008086615863689206, 0.028597562957844228, -0.0282772901859145, -3.8356418203626994, -2.44373636324198, 75012000000, 
-0.04987960437642553, 0.04521087565581406, -0.05402461352337229, -0.0007473682772674916, 0.02757877265733343, -0.02709940310083959, -3.8389865064718447, -2.4442206383618075, 75112000000, 
-0.04780015704436465, 0.005604463611728044, -0.050936418509897934, -0.0007323422084523492, 0.02750305535244296, -0.026627667328870022, -3.8423149519779645, -2.4446933428139035, 75208000000, 
-0.06793099437751807, 0.004795212086219548, -0.05860006645361905, -0.0007050057718859141, 0.026991831198084043, -0.02611922721034049, -3.8456173422610473, -2.445153664194078, 75313000000, 
-0.07317145687611028, -0.007149464094801852, -0.06512081691554933, -0.0006779452653967869, 0.026299580401601685, -0.025777797784009474, -3.8489373455998988, -2.445607680005063, 75413000000, 
-0.06877511235114207, 0.007166354669900699, -0.06658241663103247, -0.0006413194943180328, 0.025435625953576055, -0.025213434711162205, -3.8521995094297456, -2.4460452178007466, 75508000000, 
-0.055754990127335466, 0.016713482763467485, -0.06134055182980342, -0.0006106619640508658, 0.024854085854112876, -0.024569882297634897, -3.8553731628334647, -2.4464626156052844, 75608000000, 
-0.055596431823427384, 0.0016629363553955618, -0.058449382948040376, -0.000597278286413358, 0.02470424952641155, -0.02417714757029158, -3.85849794471641, -2.4468657893619974, 75708000000, 
-0.07854878744099789, -0.00600258926852693, -0.06751690682958385, -0.0005769599275583196, 0.02420169207592361, -0.023839652440347026, -3.861623106858264, -2.4472616718985054, 75808000000, 
-0.03904511807887273, 0.01397308193816754, -0.05411345103446964, -0.0005550477252393238, 0.023906498461785223, -0.023217441321512357, -3.86465543986792, -2.4476378891827832, 75908000000, 
-0.04243473420695562, -0.003151689494439092, -0.048494656007389, -0.0005572150139588839, 0.024192522145966577, -0.023032530903429754, -3.867625835268111, -2.447999418337537, 76008000000, 
-0.08697524867108553, -0.0092829006221496, -0.06608980150399871, -0.0005337090248428071, 0.023603691725254065, -0.02261125213187652, -3.8706669748257077, -2.448363142888241, 76108000000, 
-0.05437024321528173, 0.026349990549226043, -0.06045050044673121, -0.0004989847285645476, 0.022725199017697997, -0.021957331514498368, -3.8736160983542973, -2.448708594540245, 76208000000, 
-0.07246979975564025, -0.023867402791630556, -0.06576832896703584, -0.0004928030432051569, 0.022461606975505522, -0.021939794590055853, -3.8765819640597963, -2.4490497045377095, 76303000000, 
-0.03782273813132731, 0.0012857047803878187, -0.05260743319772419, -0.00047929688278898784, 0.022353337387413172, -0.021441848905249947, -3.8794471759016598, -2.4493724414394067, 76408000000, 
-0.06812434137778996, -0.002443498622645907, -0.0595743065973148, -0.00046330245422343135, 0.022038872099156982, -0.021022058304025155, -3.882287990730639, -2.4496866769694963, 76508000000, 
-0.08787228356099563, -0.022177611502800003, -0.07243178483689795, -0.00044183301239503594, 0.021284064914274474, -0.020758864163147428, -3.885178518186518, -2.4500005053064404, 76608000000, 
-0.0462291760661686, 0.020009085867975073, -0.06007176836432269, -0.00041022503830298227, 0.020613707488263584, -0.019900594715266232, -3.8879444096465803, -2.4502945659158364, 76708000000, 
-0.09133791914039957, -0.002433939312503948, -0.07429499634847761, -0.0003866525152556733, 0.019902930013312926, -0.019426914278301947, -3.8907223099208523, -2.45058493301639, 76803000000, 
-0.02957119269738556, 0.007110874381602697, -0.05334852418501279, -0.00037709720095129327, 0.019937184018913767, -0.018914265956192874, -3.8933808242106074, -2.4508568277220175, 76903000000, 
-0.09490749381334021, 0.016425358832039934, -0.0723519591744067, -0.0003532516348355373, 0.019205531938670323, -0.01839322315901417, -3.8960498131360377, -2.4511255053671475, 77003000000, 
-0.03370931432544903, 0.023231786063790852, -0.05422814298125311, -0.00034138183107710566, 0.019071090563485268, -0.0179004881729594, -3.8986180450516064, -2.4513785200763714, 77103000000, 
-0.03631492534960689, -0.002679156118755939, -0.04571665817573007, -0.0003479535483836531, 0.019639041471166137, -0.017717440481732034, -3.9011462730743163, -2.451623047632642, 77208000000, 
-0.06163266937631371, -0.002471305602903874, -0.05288382876401946, -0.00034306461562312287, 0.01966390432811086, -0.01744641399280453, -3.903665500406247, -2.4518624145251695, 77303000000, 
-0.045817318186334874, -0.019011808041424504, -0.04940895148593636, -0.0003406142609792228, 0.019683763939708176, -0.01730432563723748, -3.906206644611554, -2.452099163652643, 77403000000, 
-0.04110295951152059, -0.009223186055495498, -0.04537706326746637, -0.00033460542100102394, 0.019690032274862483, -0.016993645126128207, -3.9086958039157973, -2.4523266730125677, 77503000000, 
-0.03535690450187614, 0.020550108852814802, -0.04057381919204266, -0.00032039628506379134, 0.019572856950729623, -0.016369418418083714, -3.9111284367972385, -2.4525448141552766, 77603000000, 
-0.06994362758354777, -0.00440426926285007, -0.053990298950414045, -0.0003100458599204587, 0.019089252507570563, -0.016241906790090303, -3.913602783893512, -2.4527628845672584, 77703000000, 
-0.07208939852293947, 0.01604080877638964, -0.0621742508248034, -0.000285097094149063, 0.01800197827785337, -0.015836986899367547, -3.916067001959369, -2.452976078012908, 77803000000, 
-0.037913081453927924, 0.010213087762053534, -0.0507397321809482, -0.00027388765708357565, 0.017653097543700785, -0.01551499142887294, -3.9184307904294835, -2.4531765257443197, 77908000000, 
-0.07319737610053749, -0.00846247043100737, -0.06092096195706473, -0.0002641168948176589, 0.017190997208400186, -0.015363675045482594, -3.9208256213159194, -2.453376243305912, 78003000000, 
-0.08755554097944918, -0.009626783389715746, -0.07301533439430011, -0.00024565421002971404, 0.016216416470964102, -0.015148489215824224, -3.9232139450022996, -2.45357185503195, 78103000000, 
-0.04927681253471828, 0.025064472849939286, -0.061790987103438076, -0.00022680805849994713, 0.01554469519178718, -0.014590704783956005, -3.92549538840823, -2.4537549743112637, 78203000000, 
-0.06799457128305829, 0.03783684383390262, -0.06442819892223366, -0.00021082617321515872, 0.015042119884700826, -0.014015722174212139, -3.927719487937632, -2.45393047202973, 78303000000, 
-0.06943289657332684, 0.0007499219512030848, -0.06649238900843062, -0.00020399436249720083, 0.014773770218646117, -0.01380787432579245, -3.9299436603706006, -2.454102814705425, 78403000000, 
-0.0837401564101714, 0.011816350958380252, -0.07421764689169169, -0.00018950433218543764, 0.01403378106604157, -0.013503440825651277, -3.932170055570414, -2.454272352850141, 78503000000, 
-0.08938604903446015, 0.003680677962372777, -0.08095741407588444, -0.00017567121723331098, 0.013221191853193023, -0.013287093870503435, -3.9343808294001845, -2.4544377546833935, 78603000000, 
-0.051296354593740566, -0.012401973598373623, -0.06693892844533772, -0.00017465573962416957, 0.013270608191663018, -0.01316109533954091, -3.9365106164871837, -2.454593978638084, 78703000000, 
-0.055193575086655386, 0.027269650330920915, -0.06124746494493719, -0.00017003557512974292, 0.013348906446677116, -0.012737790605467095, -3.9385540112872834, -2.4547412316291886, 78803000000, 
-0.08839751765384107, 0.016802971147479837, -0.07355517574282668, -0.0001603436527747886, 0.012870415159365083, -0.012458312400133842, -3.940646723783239, -2.4548895871086605, 78908000000, 
-0.07785048930939588, -0.014504932589526991, -0.07526229922426668, -0.00015420539219518085, 0.012445142839108955, -0.012390809345360765, -3.942735948800998, -2.4550349561319664, 79003000000, 
-0.05867228528491697, -0.015574336543359298, -0.06730271193411103, -0.00015142761687035407, 0.012382371533126832, -0.012229290363743038, -3.9447776783827213, -2.455174364630374, 79103000000, 
-0.05901924059762441, -0.03788303849683435, -0.06319982709014985, -0.0001544013085598112, 0.01270606433450781, -0.012151780794976762, -3.946770966685755, -2.455308025295354, 79203000000, 
-0.06682140368472635, -0.018909323454435967, -0.06462202062014784, -0.0001512847480634162, 0.012606813727370944, -0.012000236644645458, -3.9487732673464393, -2.455439871908386, 79303000000, 
-0.04269698508551892, 5.2909990721255e-05, -0.0542367727762918, -0.00014853319564975904, 0.012700135566990907, -0.011695402373169439, -3.95070116606423, -2.4555643147556747, 79403000000, 
-0.05600745142850315, -0.009681698398876367, -0.05483425162381969, -0.00014695822938364837, 0.01281559133449555, -0.01146714385219845, -3.9526022984756133, -2.4556848820593142, 79503000000, 
-0.019269956113867212, -0.004493881063063838, -0.03817229217375695, -0.00015002960651694377, 0.0133934907611227, -0.011201680666584314, -3.954439262969064, -2.4557989795736312, 79603000000, 
-0.07478865521581238, 0.01645442459989424, -0.05494039431078185, -0.00014049356589323125, 0.013029414137339023, -0.010782799933468385, -3.956308886297346, -2.455913383017371, 79698000000, 
-0.07256061748703893, 0.0003578062287160012, -0.06288654392952632, -0.0001287085567781221, 0.012255119103017487, -0.010502432142534717, -3.9582214395404036, -2.4560282814775736, 79798000000, 
-0.03158267761031096, -0.004810385749952419, -0.04818290757570814, -0.00012608272451775353, 0.012273041053719118, -0.010273144525948318, -3.9600399485363145, -2.4561353637109926, 79900000000, 
-0.03794237156344945, 0.0029638231894129636, -0.04325085016709425, -0.0001252165835002478, 0.012518264043788044, -0.010002711483177591, -3.961817394216718, -2.456238250466323, 80000000000, 
-0.04002536773145711, -0.008459845700140661, -0.041581066027772284, -0.000125741202325987, 0.01276406810767605, -0.009851185473569262, -3.963564518824322, -2.4563375958500386, 80101000000, 
-0.04056020153409047, -0.0033855865161948454, -0.0409439006240345, -0.000123461860699161, 0.01275488719575123, -0.009679572920118593, -3.965311960054447, -2.4564352075973197, 80201000000, 
-0.061200206186197766, -0.015506196460906072, -0.05014857814813981, -0.0001179926323823676, 0.012339449306716287, -0.009562228382278368, -3.967088821122952, -2.456532846052722, 80301000000, 
-0.0663780824127147, 0.010821916287250783, -0.057472710438284495, -0.00010609954533923352, 0.011477905284191658, -0.009243807359637545, -3.9688774647832603, -2.4566294667966337, 80401000000, 
-0.06140417538582095, 0.01863832432354931, -0.05908839352182701, -9.641300158893433e-05, 0.01076985512139577, -0.008952116857857902, -3.970605470056374, -2.456721203258233, 80501000000, 
-0.052449563790002686, -0.005779818337766082, -0.055799200481746095, -9.268300255022432e-05, 0.01048459790636572, -0.008839919601871605, -3.972297339175335, -2.4568094660398985, 80601000000, 
-0.08507415398095247, -0.012940645049222233, -0.06912143797889855, -8.507908270732129e-05, 0.009743005263475865, -0.008732324411879554, -3.9740155457757704, -2.456897768979938, 80701000000, 
-0.06019082985270116, -0.0010431992879170403, -0.06474606875521625, -7.902989988504019e-05, 0.009177950255432653, -0.008610844217450455, -3.9756747337504623, -2.4569814635132032, 80801000000, 
-0.06680798234575218, -0.00403424901917333, -0.06545114652656382, -7.450344091330385e-05, 0.00877380508810147, -0.008491576934429639, -3.9773153760579985, -2.457062875357911, 80896000000, 
-0.030063400450891037, -0.0005745405810812722, -0.04883827180069625, -7.656057652059762e-05, 0.009189964069017391, -0.008330889647187013, -3.9788351861931943, -2.45713682843122, 81001000000, 
-0.054243886221666114, 0.021484402324805998, -0.05113505789268556, -7.526829818045159e-05, 0.009322691599989615, -0.008073665997975888, -3.980342466386033, -2.457209038200216, 81101000000, 
-0.04539597919564463, 0.004773732775663093, -0.048276296736478014, -7.487822909455162e-05, 0.009440228667427828, -0.007931823659410746, -3.9818518876075655, -2.4572800498060214, 81201000000, 
-0.045947848023739676, 0.0071140431455273545, -0.047005599708341006, -7.371927498112883e-05, 0.009498461645410631, -0.007761180466180831, -3.9833484581291554, -2.457349257094879, 81301000000, 
-0.03825042353750615, 0.00253342947045949, -0.04276924099828306, -7.34561763381319e-05, 0.009687725670626757, -0.007582396409185231, -3.984817273756583, -2.457415992366968, 81401000000, 
-0.09022589906851114, -0.044205050058581254, -0.06453060629688794, -6.864999612045031e-05, 0.00903567066269374, -0.007597664709482028, -3.9864065807087155, -2.4574872118812037, 81496000000, 
-0.0587535377526021, 0.006640554796268885, -0.06163781277632624, -6.052930584282333e-05, 0.008286639536912064, -0.007304445375378183, -3.9879294288253684, -2.4575541690112868, 81596000000, 
-0.03536149944793672, 0.004099309015362929, -0.04925804731075656, -5.8927974171643107e-05, 0.00831005976935444, -0.007091161292119188, -3.98936963265782, -2.4576163658060097, 81696000000, 
-0.05538448673659817, -0.012965680480232625, -0.05188938498043328, -5.858362681513103e-05, 0.008391841427155189, -0.006981021665347496, -3.9907839703277137, -2.45767652647925, 81796000000, 
-0.047378896162180335, 0.00905111214269533, -0.04960487669901746, -5.596138770472598e-05, 0.008261970588491638, -0.006773370481695538, -3.99218521969568, -2.4577351028724057, 81896000000, 
-0.026571457663396175, 0.010969925110584935, -0.03876107010042037, -5.6373836613438124e-05, 0.008535529555603629, -0.006604609151218783, -3.9935231618339784, -2.4577900313630567, 82001000000, 
-0.05226905334599988, 0.0006045842958263842, -0.04484124049709102, -5.5650790283526476e-05, 0.008572511205761833, -0.006491772241268343, -3.994877087604326, -2.457844815256959, 82101000000, 
-0.072757700196763, 0.012899749679813813, -0.0575773952974719, -4.984098148392399e-05, 0.007892479432303522, -0.00631499668911741, -3.9962819972052133, -2.457900813194628, 82196000000, 
-0.027966620280018204, 0.005797063884320688, -0.04367677545792437, -4.8669658954631256e-05, 0.007855363764454608, -0.006195723128044135, -3.997616495907529, -2.457952989094737, 82301000000, 
-0.06029151054982847, 0.008479927837136029, -0.051182239035365, -4.653407474167322e-05, 0.007678301846666216, -0.006060464367114911, -3.9989368084262344, -2.4580039293804257, 82401000000, 
-0.04986954808146239, -0.026691365721311432, -0.0503775446238471, -4.5832762731675756e-05, 0.007508492824619831, -0.006104122864896838, -4.000271440941143, -2.4580545476176905, 82501000000, 
-0.07933663627165927, 0.01739143314182072, -0.06357871686480138, -3.9564149354400866e-05, 0.006674602931577685, -0.00592756599306036, -4.001621406030317, -2.4581050467101386, 82601000000, 
-0.04196485571367968, 0.011500233708969012, -0.05335797228173507, -3.720678320995781e-05, 0.006415180568253122, -0.005799802953962581, -4.002895571337404, -2.4581518353889478, 82696000000, 
-0.016422937856619663, 0.00145503250630612, -0.03606686535001345, -4.029992623152474e-05, 0.007057748825094955, -0.005710025566258735, -4.004076756448514, -2.458194452622121, 82801000000, 
-0.057057973114515464, -0.023377703900440222, -0.044207169860807506, -0.006462891958538, 0.04233421677411478, -0.1526635532912405, -4.009317202711607, -2.458368711100044, 82901000000, 
-0.05906172563878499, 0.0034608045479642136, -0.051705284287104976, -0.001179197511885437, 0.021874181203854096, -0.053908189792158695, -4.0117678730876785, -2.458425956052342, 82996000000, 
0.0908520677866907, 0.010177962856315122, 0.013895409281958308, -0.000440164999794666, 0.011359016787735644, -0.038750272846670424, -4.012777313990305, -2.4584326520477577, 83101000000, 
-0.17306854400876626, -0.02449840368020371, -0.07277911262638231, -0.00011263413736496201, 0.0037858159443137553, -0.029751614717069635, -4.013637841063204, -2.458446405234275, 83201000000, 
0.029650163251795737, 0.03671431377625278, -0.025365192603317342, 6.456927300646502e-06, -0.0003626240865624709, -0.01780611807079764, -4.0139708211870735, -2.4584482557348304, 83301000000, 
-0.10022291142426264, 0.010221141710392723, -0.05992782999580641, 2.6057365872999853e-05, -0.002949218290170796, -0.008835346627221281, -4.014225348503088, -2.458452695670816, 83396000000, 
-0.05767829244249001, -0.0215591656086424, -0.058716084074758396, 1.8888374822835146e-05, -0.004601594793418861, -0.004104745348253837, -4.014418396628961, -2.4584547872539586, 83496000000, 
-0.053510903174391035, 0.005796258820610208, -0.056113580294946695, 1.1516858940961808e-05, -0.005510552197598702, -0.002089964585759742, -4.014507633870059, -2.4584558399964602, 83596000000, 
-0.051876116858046835, 0.012170252826951892, -0.053947326133103504, 7.060248778931951e-06, -0.00584661301505893, -0.001207579287486122, -4.014544013143547, -2.458456396574645, 83696000000, 
-0.07870946920086222, -0.017956474053633653, -0.06518846454024324, 4.143525642182091e-06, -0.0064459239382448925, -0.000642813300603466, -4.014607347846864, -2.4584570574513225, 83796000000, 
-0.07819231961288718, -0.01127323193271261, -0.07096028678173202, 2.092542722645194e-06, -0.007168167166506114, -0.0002919215852586115, -4.014679403575883, -2.4584575837200986, 83896000000, 
-0.04216454661997866, -0.001564437143360619, -0.057379581840636525, 1.0248435928018944e-06, -0.007081622236981777, -0.00014471876054753915, -4.01467107434427, -2.458457593217096, 83991000000, 
-0.08939015579309749, -0.005569315544578743, -0.0719419690849044, 4.245854470814377e-07, -0.007446808654494704, -5.701575893522774e-05, -4.014707935258689, -2.4584578497695126, 84096000000, 
-0.06770726195922741, -0.003701419039600492, -0.0697110503902577, 1.4558670598157149e-07, -0.007732578074323686, -1.8827705919323025e-05, -4.01473910704919, -2.458458016604445, 84191000000, 
-0.026131976752896267, 0.005512772831222814, -0.049286404541912965, 2.125675733526517e-07, -0.007035499713911204, -3.021357145851979e-05, -4.014670979882953, -2.458457721424206, 84291000000, 
-0.0709813812047266, -0.012849527276251174, -0.05909512792789523, -1.7474309224939216e-07, -0.00680787080090068, 2.5667803834684067e-05, -4.014646023599227, -2.458457624014319, 84396000000, 
-0.0463117594902494, -0.008345101377176698, -0.052948460815011464, -2.634859913743746e-07, -0.006548016080799859, 4.0239056856773784e-05, -4.014621159798273, -2.4584575167886604, 84496000000, 
-0.025690625040291366, -0.013293685965014818, -0.04012353790529735, -3.596108445485273e-07, -0.005823602769577856, 6.175057928523427e-05, -4.014547837116126, -2.4584571943778877, 84596000000, 
-0.07757533258929336, 0.02945870349450175, -0.057258931084764944, 2.7482013287280167e-07, -0.005941687315978351, -4.62528770461813e-05, -4.014561419194701, -2.4584572623938405, 84696000000, 
-0.0046616372148672106, 0.010411416925233003, -0.032720148700264934, 2.799212918267156e-07, -0.0052466279225319955, -5.33526097066222e-05, -4.014493339191639, -2.4584569666655884, 84791000000, 
-0.05571409298421846, 0.03958100277626155, -0.04319450847394565, 6.207826151623334e-07, -0.004977118685928095, -0.00012472730797388542, -4.014466430897617, -2.4584568577028403, 84892000000, 
-0.051878231889257116, -0.006224953181089672, -0.047036770192869094, 2.6992773457565605e-07, -0.005135801695253847, -5.2558052392308015e-05, -4.014481000130174, -2.458456920537817, 84992000000, 
-0.05249796487701368, 0.024573399879996294, -0.049378890947769816, 4.6451813938948524e-07, -0.005363139130778749, -8.661310625406717e-05, -4.014503144914667, -2.4584570226653577, 85092000000, 
-0.04079371693387749, -0.028122807249341707, -0.04521763783594071, -1.241215064722709e-07, -0.00533491462695295, 2.3265884302100487e-05, -4.0145018595471695, -2.458457013659458, 85192000000, 
-0.049644433999308235, 0.009963646086512807, -0.04708107049811189, 6.391861360755724e-08, -0.005346194361126997, -1.1955909061653153e-05, -4.014503432067518, -2.4584570243679864, 85292000000, 
-0.010202545558997037, 0.008699121852755223, -0.029840821841297684, 1.3046166820172924e-07, -0.004680957509373231, -2.7870722590514983e-05, -4.014437797963133, -2.4584567426415274, 85392000000, 
-0.07464849853568745, 0.016955444264119688, -0.050417738029059404, 2.553250276773534e-07, -0.004931826236209462, -5.1770888804385966e-05, -4.014462346513356, -2.4584568521423438, 85492000000, 
